Season,Race,Track,Pos,St,#,Driver,Sponsor / Owner,Car,Laps,Money,Status,Led
1952,1,W. Palm Beach,1.0,1.0,91,Tim Flock,Ted Chester,'51 Hudson,200,1025.0,running,194.0
1952,1,W. Palm Beach,2.0,10.0,42,Lee Petty,Petty Special (Petty Enterprises),'51 Plymouth,199,700.0,running,0.0
1952,1,W. Palm Beach,3.0,8.0,14,Fonty Flock,Air Lift (Frank Christian),'51 Oldsmobile,199,450.0,running,6.0
1952,1,W. Palm Beach,4.0,3.0,88,Frankie Schneider,ROCKET (Clark-Warwick),'51 Oldsmobile,197,360.0,running,0.0
1952,1,W. Palm Beach,5.0,6.0,17,Buddy Shuman,Buddy Shuman,'51 Ford,197,210.0,running,0.0
1952,1,W. Palm Beach,6.0,11.0,7,Frank Mundy,Gray Ghost (Ted Chester),'51 Oldsmobile,–,125.0,running,0.0
1952,1,W. Palm Beach,7.0,14.0,787,Jim Millard,Ed Huegele,'50 Mercury,–,100.0,running,0.0
1952,1,W. Palm Beach,8.0,16.0,86,Bill Davis,Joe Mangini,'51 Chevrolet,–,75.0,running,0.0
1952,1,W. Palm Beach,9.0,4.0,9,Ed Samples,Northern Car Co. (Claude Alexander),'51 Oldsmobile,–,60.0,running,0.0
1952,1,W. Palm Beach,10.0,26.0,36,Al Funderburk,Boyce Gillette,'51 Plymouth,–,50.0,running,0.0
1952,1,W. Palm Beach,11.0,22.0,3,Allan Clarke,Allan Clarke,'50 Chevrolet,–,25.0,running,0.0
1952,1,W. Palm Beach,12.0,25.0,81,Pappy Hough,Pappy Hough,'51 Ford,185,25.0,engine,0.0
1952,1,W. Palm Beach,13.0,20.0,15,Harvey Henderson,Harvey Henderson,'50 Ford,–,25.0,running,0.0
1952,1,W. Palm Beach,14.0,19.0,4jr,Leo Caldwell,Bud Barry,'50 Mercury,–,25.0,running,0.0
1952,1,W. Palm Beach,15.0,15.0,182,Leo Richards,Leo Richards,'51 Mercury,–,25.0,running,0.0
1952,1,W. Palm Beach,16.0,13.0,23,Al Keller,Perry Smith,'51 Studebaker,–,25.0,broken chain,0.0
1952,1,W. Palm Beach,17.0,7.0,2,Bill Blair,George Hutchens,'51 Ford,–,25.0,–,0.0
1952,1,W. Palm Beach,18.0,17.0,1,Dick Eagan,Dick Eagan,'51 Plymouth,162,25.0,crash,0.0
1952,1,W. Palm Beach,19.0,23.0,888,Iggy Katona,Jolley Cartage (Iggy Katona),'51 Oldsmobile,–,25.0,running,0.0
1952,1,W. Palm Beach,20.0,2.0,44,Jack Smith,Jack Smith,'51 Hudson,150,25.0,crash,0.0
1952,1,W. Palm Beach,21.0,24.0,18,Jimmy Florian,Jimmy Florian,'51 Oldsmobile,–,25.0,–,0.0
1952,1,W. Palm Beach,22.0,21.0,82,Tom Gifford,Tom Gifford,'51 Studebaker,–,25.0,–,0.0
1952,1,W. Palm Beach,23.0,18.0,47,Jim Reed,Jim Reed,'51 Lincoln,–,25.0,–,0.0
1952,1,W. Palm Beach,24.0,9.0,94,Pancho Alvarez,Pancho Alvarez,'51 Oldsmobile,112,25.0,crash,0.0
1952,1,W. Palm Beach,25.0,12.0,77,Chuck Mahoney,Ken Swihart,'51 Hudson,14,25.0,crash,0.0
1952,1,W. Palm Beach,26.0,5.0,22,Leon Sales,R.G. Shelton,'51 Hudson,–,25.0,–,0.0
1952,1,W. Palm Beach,27.0,27.0,118,Johnny Thompson,Hans Winter,'50 Oldsmobile,2,25.0,quit,0.0
1952,2,Daytona Beach,1.0,11.0,6,Marshall Teague,Fabulous Hudson Hornet (Marshall Teague),'52 Hudson,37,1500.0,running,36.0
1952,2,Daytona Beach,2.0,4.0,92,Herb Thomas,Fabulous Hudson Hornet (Marshall Teague),'52 Hudson,37,1000.0,running,1.0
1952,2,Daytona Beach,3.0,1.0,99,Pat Kirkwood,San Juan Motors (Pat Kirkwood),'51 Chrysler,37,600.0,running,0.0
1952,2,Daytona Beach,4.0,6.0,14,Fonty Flock,The Golden Rocket (Frank Christian),'51 Oldsmobile,36,550.0,running,0.0
1952,2,Daytona Beach,5.0,7.0,51,Gober Sosebee,Cherokee Garage (Gober Sosebee),'51 Oldsmobile,36,450.0,running,0.0
1952,2,Daytona Beach,6.0,14.0,2,Bill Blair,George Hutchens,'52 Oldsmobile,36,260.0,running,0.0
1952,2,Daytona Beach,7.0,3.0,40,Tommy Thompson,San Juan Motors (Tommy Thompson),'51 Chrysler,36,250.0,crash,0.0
1952,2,Daytona Beach,8.0,32.0,57,Tommy Moon,C.D. Wilson,'51 Hudson,35,175.0,running,0.0
1952,2,Daytona Beach,9.0,31.0,42,Lee Petty,Petty Special (Petty Enterprises),'50 Lincoln,35,175.0,running,0.0
1952,2,Daytona Beach,10.0,2.0,59,Lloyd Moore,Julian Buesink,'52 Chrysler,34,150.0,running,0.0
1952,2,Daytona Beach,11.0,35.0,88,Frankie Schneider,ROCKET (Clark-Warwick),'50 Oldsmobile,–,50.0,running,0.0
1952,2,Daytona Beach,12.0,18.0,75,Larry Shurter,Larry Shurter,'50 Oldsmobile,–,50.0,running,0.0
1952,2,Daytona Beach,13.0,15.0,199,Leonard Tippett,Leonard Tippett,'51 Hudson,–,50.0,running,0.0
1952,2,Daytona Beach,14.0,34.0,72,Donald Thomas,Doug Meeks,'51 Ford,–,50.0,running,0.0
1952,2,Daytona Beach,15.0,27.0,107,Bruce Atchley,Bruce Atchley,'51 Hudson,–,50.0,running,0.0
1952,2,Daytona Beach,16.0,56.0,24,Jimmie Lewallen,J.O. Goode,'51 Plymouth,–,50.0,running,0.0
1952,2,Daytona Beach,17.0,16.0,97,Dick Meyer,Dick Meyer,'50 Lincoln,–,50.0,transmission,0.0
1952,2,Daytona Beach,18.0,59.0,94-A,E.C. Ramsey,Louise Smith,'50 Nash,–,50.0,running,0.0
1952,2,Daytona Beach,19.0,51.0,23,Al Keller,Perry Smith,'51 Studebaker,–,50.0,radiator,0.0
1952,2,Daytona Beach,20.0,45.0,154,Leo Caldwell,Bud Barry,'50 Mercury,–,50.0,running,0.0
1952,2,Daytona Beach,21.0,58.0,89,Ray Janelle,Ray Janelle,'51 Chrysler,–,25.0,–,0.0
1952,2,Daytona Beach,22.0,42.0,54,Paul Pettit,Paul Pettit,'51 Oldsmobile,–,25.0,–,0.0
1952,2,Daytona Beach,23.0,23.0,30,Ray Duhigg,Hubert Hamilton,'50 Oldsmobile,–,25.0,–,0.0
1952,2,Daytona Beach,24.0,30.0,142,Don Oldenberg,Hank Salat,'51 Packard,–,25.0,running,0.0
1952,2,Daytona Beach,25.0,26.0,281,Roscoe Thompson,Thompson (Ted Chester),'51 Oldsmobile,–,25.0,–,0.0
1952,2,Daytona Beach,26.0,9.0,44,Pepper Cunningham,Marshall Teague,'51 Hudson,–,25.0,–,0.0
1952,2,Daytona Beach,27.0,8.0,9,Ed Samples,Claude Alexander,'51 Oldsmobile,–,25.0,–,0.0
1952,2,Daytona Beach,28.0,20.0,87,Buck Baker,Griffin Motors (Bob Griffin),'50 Oldsmobile,–,25.0,stuck,0.0
1952,2,Daytona Beach,29.0,22.0,82,Joe Eubanks,Oates Motor Co. (Phil Oates),'50 Oldsmobile,–,25.0,–,0.0
1952,2,Daytona Beach,30.0,55.0,16,Bill Snowden,Bill Snowden,'51 Cadillac,–,25.0,running,0.0
1952,2,Daytona Beach,31.0,49.0,77,Jack Smith,Harold Mays,'51 Chrysler,28,25.0,quit,0.0
1952,2,Daytona Beach,32.0,37.0,32,Thomas Lechlider,Thomas Lechlider,'50 Oldsmobile,–,25.0,–,0.0
1952,2,Daytona Beach,33.0,33.0,111,Jack Goodwin,Jack Goodwin,'51 Lincoln,–,25.0,–,0.0
1952,2,Daytona Beach,34.0,12.0,39,Jim Mayes,Grayville Motor Co. (Lloyd Schoenheit),'51 Chrysler,–,25.0,–,0.0
1952,2,Daytona Beach,35.0,24.0,187,Red Duvall,Warren Bracken (Hank Salat),'50 Packard,–,25.0,–,0.0
1952,2,Daytona Beach,36.0,61.0,100,Bob Apperson,Bob Apperson,'51 Chrysler,–,25.0,–,0.0
1952,2,Daytona Beach,37.0,5.0,250,Buck McCardell,Mason-Dixon Speedway (H.R. Robertson),'52 Chrysler,–,25.0,wheel,0.0
1952,2,Daytona Beach,38.0,10.0,90,Doug Yates,Doug Yates,'52 Chrysler,24,25.0,wheel,0.0
1952,2,Daytona Beach,39.0,36.0,17,Buddy Shuman,Buddy Shuman,'51 Ford,24,25.0,tie rod,0.0
1952,2,Daytona Beach,40.0,57.0,3,Jimmy Ayers,Jimmy Ayers,'51 Studebaker,23,25.0,running,0.0
1952,2,Daytona Beach,41.0,21.0,41,Curtis Turner,Eanes Motor Co. (John Eanes),'52 Oldsmobile,23,,stuck,0.0
1952,2,Daytona Beach,42.0,52.0,18,Jimmy Florian,Jimmy Florian,'51 Oldsmobile,–,,–,0.0
1952,2,Daytona Beach,43.0,40.0,282,Tom Gifford,Tom Gifford,'51 Studebaker,–,,–,0.0
1952,2,Daytona Beach,44.0,39.0,83,Bill Miller,Dantone Racing Stable (B.J. Dantone),'51 Ford,–,,transmission,0.0
1952,2,Daytona Beach,45.0,29.0,96,J.E. Hardie,J.E. Hardie,'52 Studebaker,–,,oil pressure,0.0
1952,2,Daytona Beach,46.0,19.0,103,George Gallup,George Gallup,'50 Oldsmobile,–,,–,0.0
1952,2,Daytona Beach,47.0,13.0,4,Mike Klapak,Fabulous Hudson Hornet (Marshall Teague),'51 Hudson,–,,rear end,0.0
1952,2,Daytona Beach,48.0,50.0,12,Billy Carden,Buckshot Morris,'51 Oldsmobile,–,,clutch,0.0
1952,2,Daytona Beach,49.0,43.0,66,George Fleming,Elmer Pooler,'51 Hudson,–,,–,0.0
1952,2,Daytona Beach,50.0,47.0,181,Mooney Williamson,Tom Lucas,'51 Hudson,–,,con rod,0.0
1952,2,Daytona Beach,51.0,25.0,105,Joie Ray,Grady Quinn,'52 Henry J,11,,crash,0.0
1952,2,Daytona Beach,52.0,44.0,11,Fireball Roberts,Saverance Motors (Ed Saverance),'51 Ford,–,,rear end,0.0
1952,2,Daytona Beach,53.0,53.0,47,Jim Reed,Jim Reed,'51 Lincoln,–,,–,0.0
1952,2,Daytona Beach,54.0,28.0,188,Johnny Thompson,Hans Winter,'50 Oldsmobile,–,,transmission,0.0
1952,2,Daytona Beach,55.0,48.0,91,Tim Flock,Blackburn Auto Service (Ted Chester),'51 Hudson,–,,con rod,0.0
1952,2,Daytona Beach,56.0,60.0,7,Gordon Bishop,Gray Ghost (Gordon Bishop),'51 Oldsmobile,–,,–,0.0
1952,2,Daytona Beach,57.0,17.0,22,Leon Sales,Hudson (R.G. Shelton),'51 Hudson,3,,crash,0.0
1952,2,Daytona Beach,58.0,38.0,52,Joe Guide,Hudson Guide Motors (Sally Guide),'51 Hudson,–,,–,0.0
1952,2,Daytona Beach,59.0,46.0,34,L.C. Rigsby,Bill Caltrider,'49 Plymouth,–,,–,0.0
1952,2,Daytona Beach,60.0,41.0,120,Dick Rathmann,Walt Chapman,'51 Hudson,–,,fuel pump,0.0
1952,2,Daytona Beach,61.0,54.0,19,Smokey Purser,Halifax Motors Olds (Smokey Purser),'50 Oldsmobile,1,,driver injury,0.0
1952,3,Jacksonville,1.0,1,6.0,Marshall Teague,Fabulous Hudson Hornet (Marshall Teague),'52 Hudson,200,1000.0,running,200.0
1952,3,Jacksonville,2.0,2,92.0,Herb Thomas,Fabulous Hudson Hornet (Marshall Teague),'52 Hudson,200,700.0,running,0.0
1952,3,Jacksonville,3.0,7,88.0,Frankie Schneider,ROCKET (Clark-Warwick),'51 Oldsmobile,200,450.0,running,0.0
1952,3,Jacksonville,4.0,4,91.0,Tim Flock,Ted Chester,'51 Hudson,–,350.0,running,0.0
1952,3,Jacksonville,5.0,3,57.0,Tommy Moon,C.D. Wilson,'51 Hudson,–,200.0,running,0.0
1952,3,Jacksonville,6.0,29,14.0,Fonty Flock,Air Lift (Frank Christian),'51 Oldsmobile,–,150.0,running,0.0
1952,3,Jacksonville,7.0,–,72.0,Donald Thomas,Doug Meeks,'50 Ford,–,125.0,–,0.0
1952,3,Jacksonville,8.0,–,47.0,Jim Reed,Jim Reed,'50 Lincoln,–,100.0,–,0.0
1952,3,Jacksonville,9.0,–,1.0,Dick Eagan,Dick Eagan,'51 Plymouth,–,75.0,–,0.0
1952,3,Jacksonville,10.0,–,78.0,Bob Moore,Bob Moore,'51 Oldsmobile,–,50.0,–,0.0
1952,3,Jacksonville,11.0,–,12.0,Billy Carden,Bishop Brothers,'51 Studebaker,–,25.0,–,0.0
1952,3,Jacksonville,12.0,–,18.0,Jimmy Florian,Jimmy Florian,'51 Ford,–,25.0,–,0.0
1952,3,Jacksonville,13.0,5,199.0,Leonard Tippett,Leonard Tippett,'51 Hudson,–,25.0,–,0.0
1952,3,Jacksonville,14.0,–,,Bobby Dugan,–,'49 Plymouth,–,25.0,–,0.0
1952,3,Jacksonville,15.0,–,7.0,Gordon Bishop,Gray Ghost (Gordon Bishop),'51 Oldsmobile,–,25.0,–,0.0
1952,3,Jacksonville,16.0,–,281.0,Roscoe Thompson,Ted Chester,'50 Oldsmobile,–,25.0,–,0.0
1952,3,Jacksonville,17.0,–,83.0,Bill Miller,Dantone Racing Stable (B.J. Dantone),'51 Ford,149,25.0,crash,0.0
1952,3,Jacksonville,18.0,–,118.0,Johnny Thompson,Ken Swihart,'51 Oldsmobile,–,25.0,–,0.0
1952,3,Jacksonville,19.0,–,,Charles Stark,–,'49 Plymouth,–,25.0,–,0.0
1952,3,Jacksonville,20.0,–,75.0,Larry Shurter,Larry Shurter,'51 Oldsmobile,–,25.0,–,0.0
1952,3,Jacksonville,21.0,–,3.0,Jimmy Ayers,Jimmy Ayers,'51 Studebaker,–,25.0,–,0.0
1952,3,Jacksonville,22.0,–,42.0,Lee Petty,Petty Enterprises,'51 Plymouth,–,25.0,–,0.0
1952,3,Jacksonville,23.0,–,60.0,Jim Paschal,Julian Buesink,'51 Ford,–,25.0,–,0.0
1952,3,Jacksonville,24.0,–,11.0,Fireball Roberts,Saverance Motors (Ed Saverance),'51 Ford,–,25.0,–,0.0
1952,3,Jacksonville,25.0,–,17.0,Buddy Shuman,Buddy Shuman,'50 Oldsmobile,–,25.0,–,0.0
1952,3,Jacksonville,26.0,–,107.0,Bruce Atchley,Bruce Atchley,'51 Hudson,–,25.0,–,0.0
1952,3,Jacksonville,27.0,–,9.0,Ed Samples,Claude Alexander,'50 Oldsmobile,–,25.0,–,0.0
1952,3,Jacksonville,28.0,–,51.0,Gober Sosebee,Cherokee Garage (Gober Sosebee),'51 Oldsmobile,–,25.0,–,0.0
1952,3,Jacksonville,29.0,–,,Allan Clarke,–,'49 Chevrolet,–,25.0,–,0.0
1952,4,North Wilkesboro,1.0,1,92.0,Herb Thomas,Fabulous Hudson Hornet (Herb Thomas),'52 Hudson,200,1000.0,running,200.0
1952,4,North Wilkesboro,2.0,–,14.0,Fonty Flock,Air Lift (Frank Christian),'51 Oldsmobile,199,700.0,running,0.0
1952,4,North Wilkesboro,3.0,–,2.0,Bill Blair,George Hutchens,'52 Oldsmobile,199,450.0,running,0.0
1952,4,North Wilkesboro,4.0,–,72.0,Donald Thomas,Doug Meeks,'51 Ford,199,350.0,running,0.0
1952,4,North Wilkesboro,5.0,–,126.0,Dave Terrell,Dave Terrell,'51 Plymouth,199,200.0,running,0.0
1952,4,North Wilkesboro,6.0,–,53.0,Neil Cole,Neil Cole,'50 Plymouth,–,150.0,running,0.0
1952,4,North Wilkesboro,7.0,–,17.0,Buddy Shuman,Buddy Shuman,'51 Ford,175,125.0,shocks,0.0
1952,4,North Wilkesboro,8.0,–,60.0,Jim Paschal,Julian Buesink,'50 Ford,165,100.0,battery,0.0
1952,4,North Wilkesboro,9.0,–,42.0,Lee Petty,Petty Enterprises,'51 Plymouth,142,75.0,handling,0.0
1952,4,North Wilkesboro,10.0,–,,Otis Martin,–,'49 Buick,137,50.0,running,0.0
1952,4,North Wilkesboro,11.0,–,82.0,Joe Eubanks,Oates Motor Co. (Phil Oates),'50 Oldsmobile,122,25.0,clutch,0.0
1952,4,North Wilkesboro,12.0,–,199.0,Leonard Tippett,Leonard Tippett,'51 Hudson,108,25.0,rear end,0.0
1952,4,North Wilkesboro,13.0,–,,Shorty Gibbs,Shorty Gibbs,'51 Ford,76,25.0,brakes,0.0
1952,4,North Wilkesboro,14.0,–,128.0,Charles Gattilia,Colonial Motors (Charles Gattalia),'51 Studebaker,69,25.0,overheating,0.0
1952,4,North Wilkesboro,15.0,2,89.0,Buck Baker,B.A. Pless,'52 Hudson,68,25.0,radiator,0.0
1952,4,North Wilkesboro,16.0,–,6.0,Marshall Teague,Fabulous Hudson Hornet (Marshall Teague),'52 Hudson,57,25.0,withdrew,0.0
1952,4,North Wilkesboro,17.0,–,,Bobby Courtwright,Bobby Courtwright,'50 Oldsmobile,47,25.0,battery,0.0
1952,4,North Wilkesboro,18.0,–,88.0,Frankie Schneider,ROCKET (Clark-Warwick),'51 Oldsmobile,40,25.0,crash,0.0
1952,4,North Wilkesboro,19.0,–,22.0,Perk Brown,R.G. Shelton,'51 Hudson,39,25.0,crash,0.0
1952,4,North Wilkesboro,20.0,–,41.0,Curtis Turner,Eanes Motor Co. (John Eanes),'52 Hudson,35,25.0,radiator,0.0
1952,4,North Wilkesboro,21.0,–,91.0,Tim Flock,Ted Chester,'51 Hudson,26,25.0,gasket,0.0
1952,4,North Wilkesboro,22.0,–,24.0,Jimmie Lewallen,Southern Motors (J.O. Goode),'51 Plymouth,26,25.0,tie rod,0.0
1952,4,North Wilkesboro,23.0,–,120.0,Dick Rathmann,Walt Chapman,'51 Hudson,20,25.0,radiator,0.0
1952,4,North Wilkesboro,24.0,–,,Harold Mays,Harold Mays,'51 Chrysler,1,25.0,crash,0.0
1952,5,Martinsville,1.0,9.0,120.0,Dick Rathmann,Walt Chapman,'51 Hudson,200.0,1000.0,running,20.0
1952,5,Martinsville,2.0,6.0,2.0,Bill Blair,George Hutchens,'52 Oldsmobile,200.0,700.0,running,18.0
1952,5,Martinsville,3.0,10.0,22.0,Perk Brown,R.G. Shelton,'51 Hudson,199.0,450.0,running,0.0
1952,5,Martinsville,4.0,11.0,42.0,Lee Petty,Petty Enterprises,'51 Plymouth,199.0,350.0,running,0.0
1952,5,Martinsville,5.0,20.0,5.0,Bobby Courtwright,Bobby Courtwright,'50 Oldsmobile,197.0,200.0,running,0.0
1952,5,Martinsville,6.0,19.0,53.0,Neil Cole,Neil Cole,'50 Plymouth,189.0,150.0,running,0.0
1952,5,Martinsville,7.0,21.0,38.0,Clyde Minter,Clyde Minter,'49 Buick,175.0,125.0,rear end,0.0
1952,5,Martinsville,8.0,2.0,92.0,Herb Thomas,Fabulous Hudson Hornet (Herb Thomas),'52 Hudson,174.0,100.0,running,0.0
1952,5,Martinsville,9.0,7.0,88.0,Frankie Schneider,Clark-Warwick (Clark-Warwick),'51 Oldsmobile,171.0,75.0,spindle,0.0
1952,5,Martinsville,10.0,14.0,60.0,Jim Paschal,Julian Buesink,'51 Ford,169.0,50.0,overheating,0.0
1952,5,Martinsville,11.0,3.0,91.0,Tim Flock,Ted Chester,'51 Hudson,162.0,25.0,spindle,121.0
1952,5,Martinsville,12.0,4.0,41.0,Curtis Turner,Eanes Motor Co. (John Eanes),'51 Hudson,162.0,25.0,wheel,12.0
1952,5,Martinsville,13.0,18.0,17.0,Buddy Shuman,Buddy Shuman,'51 Ford,150.0,25.0,running,0.0
1952,5,Martinsville,14.0,12.0,94.0,E.C. Ramsey,Louise Smith Special (Louise Smith),'51 Ford,142.0,25.0,wheel,0.0
1952,5,Martinsville,15.0,5.0,14.0,Fonty Flock,Frank Christian,'51 Oldsmobile,138.0,25.0,crash,0.0
1952,5,Martinsville,16.0,17.0,24.0,Jimmie Lewallen,Southern Motors (J.O. Goode),'51 Plymouth,118.0,25.0,crash,0.0
1952,5,Martinsville,17.0,13.0,128.0,Charles Gattilia,Colonial Motors (Charles Gattalia),'51 Studebaker,94.0,25.0,spindle,0.0
1952,5,Martinsville,18.0,8.0,82.0,Joe Eubanks,Oates Motor Co. (Phil Oates),'50 Oldsmobile,74.0,25.0,steering,0.0
1952,5,Martinsville,19.0,15.0,72.0,Donald Thomas,Doug Meeks,'51 Ford,68.0,25.0,rf hub,0.0
1952,5,Martinsville,20.0,1.0,89.0,Buck Baker,B.A. Pless,'52 Hudson,29.0,25.0,hubs,29.0
1952,5,Martinsville,21.0,22.0,126.0,Dave Terrell,Dave Terrell,'49 Plymouth,29.0,25.0,rr hub,0.0
1952,5,Martinsville,22.0,16.0,22.0,Shorty Gibbs,Shorty Gibbs,'51 Nash,11.0,25.0,head gasket,0.0
1952,6,Columbia,1.0,1,89.0,Buck Baker,Charlotte Hudson Co. (B.A. Pless),'52 Hudson,200,1000.0,running,82.0
1952,6,Columbia,2.0,–,42.0,Lee Petty,Petty Enterprises,'51 Plymouth,200,700.0,running,0.0
1952,6,Columbia,3.0,–,120.0,Dick Rathmann,Walt Chapman,'51 Hudson,200,450.0,running,79.0
1952,6,Columbia,4.0,–,88.0,Frankie Schneider,ROCKET (Clark-Warwick),'51 Oldsmobile,200,350.0,running,0.0
1952,6,Columbia,5.0,–,82.0,Joe Eubanks,Oates Motor Co. (Phil Oates),'50 Oldsmobile,200,200.0,running,0.0
1952,6,Columbia,6.0,–,72.0,Donald Thomas,Doug Meeks,'51 Ford,–,150.0,running,0.0
1952,6,Columbia,7.0,–,17.0,Buddy Shuman,Buddy Shuman,'51 Ford,–,125.0,running,0.0
1952,6,Columbia,8.0,–,60.0,Jim Paschal,Julian Buesink,'51 Ford,–,100.0,running,0.0
1952,6,Columbia,9.0,–,77.0,Jack Smith,Harold Mays,'51 Chrysler,–,75.0,running,0.0
1952,6,Columbia,10.0,–,18.0,Jimmy Florian,Jimmy Florian,'51 Ford,–,50.0,running,0.0
1952,6,Columbia,11.0,–,,Bobby Courtwright,Bobby Courtwright,'50 Oldsmobile,–,25.0,running,0.0
1952,6,Columbia,12.0,–,14.0,Gober Sosebee,Frank Christian,'50 Oldsmobile,–,25.0,running,39.0
1952,6,Columbia,13.0,–,128.0,Charles Gattilia,Colonial Motors (Charles Gattalia),'51 Studebaker,–,25.0,running,0.0
1952,6,Columbia,14.0,–,22.0,Perk Brown,R.G. Shelton,'51 Hudson,167,25.0,spindle,0.0
1952,6,Columbia,15.0,–,,Bill Widenhouse,–,'50 Plymouth,162,25.0,crash,0.0
1952,6,Columbia,16.0,–,9.0,Ed Samples,Claude Alexander,'51 Oldsmobile,161,25.0,engine,0.0
1952,6,Columbia,17.0,–,92.0,Herb Thomas,Fabulous Hudson Hornet (Herb Thomas),'52 Hudson,–,25.0,running,0.0
1952,6,Columbia,18.0,2,91.0,Tim Flock,Ted Chester,'51 Hudson,–,25.0,running,0.0
1952,6,Columbia,19.0,–,199.0,Leonard Tippett,Leonard Tippett,'51 Hudson,100,25.0,crash,0.0
1952,6,Columbia,20.0,22,94.0,E.C. Ramsey,Louise Smith Special (Louise Smith),'51 Ford,81,25.0,radiator,0.0
1952,6,Columbia,21.0,–,11.0,Fireball Roberts,Saverance Motors (Ed Saverance),'51 Ford,59,25.0,rear end,0.0
1952,6,Columbia,22.0,–,6.0,Marshall Teague,Fabulous Hudson Hornet (Marshall Teague),'51 Hudson,23,25.0,overheating,0.0
1952,7,Atlanta,1.0,7.0,2.0,Bill Blair,George Hutchens,'52 Oldsmobile,100.0,1000.0,running,7.0
1952,7,Atlanta,2.0,16.0,9.0,Ed Samples,Claude Alexander,'51 Oldsmobile,100.0,700.0,running,0.0
1952,7,Atlanta,3.0,17.0,42.0,Lee Petty,Petty Enterprises,'51 Plymouth,100.0,450.0,running,0.0
1952,7,Atlanta,4.0,4.0,89.0,Buck Baker,B.A. Pless,'52 Hudson,99.0,350.0,running,0.0
1952,7,Atlanta,5.0,12.0,118.0,Ed Benedict,Ken Swihart,'52 Hudson,98.0,200.0,running,0.0
1952,7,Atlanta,6.0,11.0,128.0,Charles Gattilia,Colonial Motors (Charles Gattalia),'51 Studebaker,97.0,150.0,running,0.0
1952,7,Atlanta,7.0,6.0,4.0,Fonty Flock,Air Lift (Frank Christian),'51 Oldsmobile,96.0,125.0,running,0.0
1952,7,Atlanta,8.0,2.0,92.0,Herb Thomas,Fabulous Hudson Hornet (Herb Thomas),'52 Hudson,95.0,100.0,running,0.0
1952,7,Atlanta,9.0,3.0,51.0,Gober Sosebee,Sam Knox,'50 Cadillac,93.0,75.0,spindle,22.0
1952,7,Atlanta,10.0,18.0,18.0,Jimmy Florian,Jimmy Florian,'51 Ford,93.0,50.0,running,0.0
1952,7,Atlanta,11.0,14.0,16.0,Bill Snowden,Bill Snowden,'52 Hudson,90.0,40.0,steering,0.0
1952,7,Atlanta,12.0,19.0,94.0,E.C. Ramsey,Louise Smith Special (Louise Smith),'51 Ford,82.0,25.0,rr hub,0.0
1952,7,Atlanta,13.0,8.0,41.0,Curtis Turner,Eanes Motor Co. (John Eanes),'52 Hudson,74.0,40.0,crash,0.0
1952,7,Atlanta,14.0,5.0,14.0,Roscoe Thompson,Air Lift (Frank Christian),'52 Oldsmobile,71.0,25.0,rr hub,11.0
1952,7,Atlanta,15.0,1.0,91.0,Tim Flock,Ted Chester,'51 Hudson,61.0,25.0,axle,60.0
1952,7,Atlanta,16.0,13.0,120.0,Dick Rathmann,Walt Chapman,'51 Hudson,60.0,40.0,rf hub,0.0
1952,7,Atlanta,17.0,15.0,60.0,Jim Paschal,Julian Buesink,'51 Ford,53.0,40.0,rear end,0.0
1952,7,Atlanta,18.0,20.0,82.0,Bill Miller,Dantone Racing Stable (B.J. Dantone),'51 Ford,41.0,25.0,overheating,0.0
1952,7,Atlanta,19.0,21.0,23.0,Jack Smith,Perry Smith,'51 Studebaker,30.0,25.0,steering,0.0
1952,7,Atlanta,20.0,23.0,,Buck McCardell,Buck McCardell,'51 Nash,22.0,25.0,rr hub,0.0
1952,7,Atlanta,21.0,9.0,22.0,Perk Brown,R.G. Shelton,'51 Hudson,16.0,40.0,rear end,0.0
1952,7,Atlanta,22.0,10.0,57.0,Tommy Moon,C.D. Wilson,'52 Hudson,9.0,35.0,overheating,0.0
1952,7,Atlanta,23.0,22.0,110.0,Charlie Causey,Bob Osiecki,'51 Kaiser,7.0,25.0,clutch,0.0
1952,7,Atlanta,24.0,24.0,,Harold Mays,Harold Mays,'51 Chrysler,0.0,35.0,did not start,0.0
1952,8,Macon,1.0,4.0,92.0,Herb Thomas,Fabulous Hudson Hornet (Herb Thomas),'52 Hudson,198.0,1270.0,running,12.0
1952,8,Macon,2.0,17.0,14.0,Fonty Flock,Air Lift (Frank Christian),'51 Oldsmobile,198.0,800.0,running,0.0
1952,8,Macon,3.0,25.0,9.0,Ed Samples,Claude Alexander,'51 Oldsmobile,198.0,600.0,running,0.0
1952,8,Macon,4.0,15.0,89.0,Buck Baker,B.A. Pless,'52 Hudson,197.0,500.0,running,0.0
1952,8,Macon,5.0,20.0,51.0,Gober Sosebee,Cherokee Garage (Gober Sosebee),'50 Oldsmobile,195.0,300.0,running,0.0
1952,8,Macon,6.0,23.0,60.0,Jim Paschal,Julian Buesink,'51 Ford,195.0,200.0,running,0.0
1952,8,Macon,7.0,8.0,42.0,Lee Petty,Petty Enterprises,'51 Plymouth,194.0,160.0,running,0.0
1952,8,Macon,8.0,6.0,72.0,Donald Thomas,Doug Meeks,'51 Ford,194.0,135.0,running,0.0
1952,8,Macon,9.0,5.0,91.0,Tim Flock,Ted Chester,'51 Hudson,192.0,110.0,running,0.0
1952,8,Macon,10.0,7.0,128.0,Charles Gattilia,Colonial Motors (Charles Gattalia),'51 Studebaker,192.0,110.0,running,0.0
1952,8,Macon,11.0,16.0,22.0,Perk Brown,R.G. Shelton,'51 Hudson,192.0,25.0,running,0.0
1952,8,Macon,12.0,9.0,,Barney Smith,Barney Smith,'52 Plymouth,191.0,25.0,running,0.0
1952,8,Macon,13.0,21.0,18.0,Jimmy Florian,Jimmy Florian,'51 Ford,190.0,25.0,running,0.0
1952,8,Macon,14.0,18.0,12.0,Billy Carden,Bishop Brothers,'51 Plymouth,186.0,25.0,running,0.0
1952,8,Macon,15.0,27.0,7.0,Frank Mundy,Ted Chester,'51 Plymouth,186.0,25.0,running,0.0
1952,8,Macon,16.0,1.0,23.0,Jack Smith,Perry Smith,'51 Studebaker,186.0,75.0,wheel,186.0
1952,8,Macon,17.0,24.0,82.0,Joe Eubanks,Oates Motor Co. (Phil Oates),'51 Oldsmobile,184.0,35.0,running,0.0
1952,8,Macon,18.0,11.0,3.0,Jimmy Ayers,Jimmy Ayers,'51 Studebaker,179.0,35.0,running,0.0
1952,8,Macon,19.0,14.0,93.0,Ted Chamberlain,Ted Chamberlain,'49 Plymouth,174.0,35.0,running,0.0
1952,8,Macon,20.0,10.0,,C.H. Dingler,C.H. Dingler,'50 Plymouth,160.0,35.0,running,0.0
1952,8,Macon,21.0,26.0,24.0,Jimmie Lewallen,Southern Motors (J.O. Goode),'51 Plymouth,153.0,25.0,running,0.0
1952,8,Macon,22.0,22.0,2.0,Bill Blair,George Hutchens,'52 Oldsmobile,109.0,25.0,overheating,0.0
1952,8,Macon,23.0,12.0,94.0,E.C. Ramsey,Louise Smith Special (Louise Smith),'51 Ford,56.0,35.0,overheating,0.0
1952,8,Macon,24.0,2.0,120.0,Dick Rathmann,Walt Chapman,'51 Hudson,43.0,65.0,crash,0.0
1952,8,Macon,25.0,28.0,,J.O. Staton,Louise Smith,'51 Nash,41.0,25.0,overheating,0.0
1952,8,Macon,26.0,13.0,,Louise Smith,Louise Smith,'51 Oldsmobile,20.0,35.0,overheating,0.0
1952,8,Macon,27.0,19.0,,Hank Lee,–,'52 Oldsmobile,20.0,25.0,carburetor,0.0
1952,8,Macon,28.0,3.0,4.0,Roscoe Thompson,Air Lift (Frank Christian),'51 Oldsmobile,12.0,55.0,crash,0.0
1952,9,Langhorne,1.0,2.0,120.0,Dick Rathmann,Walt Chapman,'52 Hudson,150.0,1275.0,running,150.0
1952,9,Langhorne,2.0,5.0,91.0,Tim Flock,Ted Chester,'51 Hudson,145.0,810.0,running,0.0
1952,9,Langhorne,3.0,17.0,42.0,Lee Petty,Petty Enterprises,'51 Plymouth,140.0,600.0,running,0.0
1952,9,Langhorne,4.0,22.0,421.0,Jack Reynolds,–,'50 Plymouth,140.0,500.0,running,0.0
1952,9,Langhorne,5.0,6.0,14.0,Fonty Flock,Air Lift (Frank Christian),'51 Oldsmobile,139.0,310.0,running,0.0
1952,9,Langhorne,6.0,3.0,89.0,Buck Baker,B.A. Pless,'52 Hudson,138.0,210.0,running,0.0
1952,9,Langhorne,7.0,32.0,,Tom Dawson,–,'51 Lincoln,134.0,150.0,running,0.0
1952,9,Langhorne,8.0,24.0,126.0,Dave Terrell,Dave Terrell,'49 Plymouth,134.0,125.0,running,0.0
1952,9,Langhorne,9.0,19.0,,Bud Farrell,William Gundaker,'51 Plymouth,132.0,100.0,running,0.0
1952,9,Langhorne,10.0,8.0,2.0,Bill Blair,George Hutchens,'51 Oldsmobile,132.0,110.0,running,0.0
1952,9,Langhorne,11.0,37.0,12.0,Jim Paschal,George Hutchens,'51 Ford,131.0,25.0,running,0.0
1952,9,Langhorne,12.0,11.0,53.0,Neil Cole,Neil Cole,'51 Hudson,131.0,25.0,engine,0.0
1952,9,Langhorne,13.0,21.0,,Eddie Adams,–,'49 Plymouth,128.0,25.0,running,0.0
1952,9,Langhorne,14.0,28.0,34.0,Ted Chamberlain,Bill Caltrider,'50 Plymouth,124.0,25.0,running,0.0
1952,9,Langhorne,15.0,31.0,,Bill James,–,'51 Plymouth,117.0,25.0,running,0.0
1952,9,Langhorne,16.0,23.0,,Don Price,–,'49 Ford,116.0,25.0,running,0.0
1952,9,Langhorne,17.0,14.0,128.0,Charles Gattilia,Colonial Motors (Charles Gattalia),'51 Studebaker,112.0,25.0,engine,0.0
1952,9,Langhorne,18.0,30.0,,Red Tomlinson,–,'49 Ford,111.0,25.0,engine,0.0
1952,9,Langhorne,19.0,4.0,99.0,Pat Kirkwood,Pat Kirkwood,'51 Chrysler,108.0,25.0,engine,0.0
1952,9,Langhorne,20.0,33.0,22.0,Perk Brown,R.G. Shelton,'52 Hudson,108.0,25.0,engine,0.0
1952,9,Langhorne,21.0,1.0,92.0,Herb Thomas,Fabulous Hudson Hornet (Herb Thomas),'52 Hudson,96.0,50.0,engine,0.0
1952,9,Langhorne,22.0,16.0,,Hank Lee,–,'52 Oldsmobile,94.0,25.0,rear end,0.0
1952,9,Langhorne,23.0,9.0,72.0,Donald Thomas,Doug Meeks,'50 Ford,87.0,25.0,water pump,0.0
1952,9,Langhorne,24.0,25.0,,Louise Smith,Louise Smith,'51 Oldsmobile,84.0,25.0,engine,0.0
1952,9,Langhorne,25.0,27.0,,Larry Mann,Larry Mann,'51 Nash,78.0,25.0,engine,0.0
1952,9,Langhorne,26.0,36.0,75.0,Larry Shurter,Larry Shurter,'50 Oldsmobile,76.0,25.0,engine,0.0
1952,9,Langhorne,27.0,29.0,47.0,Jim Reed,Jim Reed,'50 Oldsmobile,75.0,25.0,engine,0.0
1952,9,Langhorne,28.0,13.0,103.0,George Gallup,George Gallup,'50 Oldsmobile,58.0,25.0,crash,0.0
1952,9,Langhorne,29.0,26.0,,John DuBoise,–,'50 Ford,53.0,25.0,radiator,0.0
1952,9,Langhorne,30.0,35.0,7.0,Frank Mundy,Gray Ghost (Ted Chester),'51 Oldsmobile,50.0,25.0,rear end,0.0
1952,9,Langhorne,31.0,7.0,,Paul Pettit,Paul Pettit,'51 Oldsmobile,34.0,10.0,crash,0.0
1952,9,Langhorne,32.0,12.0,,Ed Benedict,–,'51 Hudson,28.0,10.0,engine,0.0
1952,9,Langhorne,33.0,10.0,,Buck McCardell,Buck McCardell,'52 Hudson,27.0,10.0,engine,0.0
1952,9,Langhorne,34.0,18.0,,Russ Hepler,–,'50 Ford,27.0,,overheating,0.0
1952,9,Langhorne,35.0,20.0,94.0,J.O. Staton,Louise Smith,'51 Ford,21.0,,overheating,0.0
1952,9,Langhorne,36.0,34.0,,Wimpy Ervin,–,'51 Henry J,11.0,,carburetor,0.0
1952,9,Langhorne,37.0,15.0,41.0,Curtis Turner,Eanes Motor Co. (John Eanes),'52 Hudson,5.0,,engine,0.0
1952,10,Darlington,1.0,4.0,120.0,Dick Rathmann,Walt Chapman,'51 Hudson,80.0,1000.0,running,20.0
1952,10,Darlington,2.0,3.0,91.0,Tim Flock,Ted Chester,'51 Hudson,80.0,700.0,running,5.0
1952,10,Darlington,3.0,2.0,14.0,Fonty Flock,Air Lift (Frank Christian),'51 Oldsmobile,78.0,450.0,running,0.0
1952,10,Darlington,4.0,9.0,2.0,Jimmie Lewallen,George Hutchens,'52 Oldsmobile,78.0,350.0,running,0.0
1952,10,Darlington,5.0,6.0,82.0,Joe Eubanks,Oates Motor Co. (Phil Oates),'52 Hudson,78.0,200.0,running,0.0
1952,10,Darlington,6.0,24.0,72.0,Donald Thomas,Doug Meeks,'51 Ford,78.0,150.0,running,0.0
1952,10,Darlington,7.0,13.0,42.0,Lee Petty,Petty Enterprises,'51 Plymouth,76.0,125.0,running,0.0
1952,10,Darlington,8.0,1.0,11.0,Fireball Roberts,Saverance Motors (Ed Saverance),'51 Ford,76.0,100.0,running,15.0
1952,10,Darlington,9.0,8.0,41.0,Jim Paschal,Eanes Motor Co. (John Eanes),'52 Hudson,75.0,75.0,running,0.0
1952,10,Darlington,10.0,12.0,7.0,Frank Mundy,Gray Ghost (Ted Chester),'50 Oldsmobile,75.0,50.0,running,0.0
1952,10,Darlington,11.0,11.0,51.0,Gober Sosebee,Sam Knox,'51 Chrysler,74.0,25.0,running,0.0
1952,10,Darlington,12.0,10.0,77.0,Weldon Adams,Weldon Adams,'51 Chrysler,74.0,25.0,running,0.0
1952,10,Darlington,13.0,14.0,92.0,Herb Thomas,Fabulous Hudson Hornet (Herb Thomas),'52 Hudson,72.0,25.0,running,12.0
1952,10,Darlington,14.0,19.0,96.0,J.E. Hardie,J.E. Hardie,'52 Studebaker,69.0,25.0,running,0.0
1952,10,Darlington,15.0,3.0,89.0,Buck Baker,Charlotte Hudson Co. (B.A. Pless),'52 Hudson,66.0,25.0,radiator,28.0
1952,10,Darlington,16.0,15.0,128.0,Charles Gattilia,Colonial Motors (Charles Gattalia),'51 Studebaker,62.0,25.0,overheating,0.0
1952,10,Darlington,17.0,17.0,8.0,Jack Smith,–,'51 Studebaker,32.0,25.0,overheating,0.0
1952,10,Darlington,18.0,7.0,22.0,Perk Brown,R.G. Shelton,'51 Hudson,30.0,25.0,overheating,0.0
1952,10,Darlington,19.0,18.0,21.0,Speedy Thompson,Bruce Root,'51 Ford,26.0,25.0,fuel line,0.0
1952,10,Darlington,20.0,23.0,17.0,Bill Widenhouse,Buddy Shuman,'51 Ford,19.0,25.0,engine,0.0
1952,10,Darlington,21.0,16.0,9.0,Ed Samples,Claude Alexander,'51 Oldsmobile,17.0,25.0,handling,0.0
1952,10,Darlington,22.0,2.0,81.0,Roscoe Thompson,Ted Chester,'51 Oldsmobile,13.0,25.0,engine,0.0
1952,10,Darlington,23.0,21.0,99.0,Leonard Tippett,Leonard Tippett,'51 Hudson,13.0,25.0,engine,0.0
1952,10,Darlington,24.0,20.0,94.0,J.O. Staton,Louise Smith,'51 Nash,10.0,25.0,tire,0.0
1952,11,Dayton,1.0,3.0,120.0,Dick Rathmann,Walt Chapman,'51 Hudson,200.0,1000.0,running,153.0
1952,11,Dayton,2.0,7.0,59.0,Lloyd Moore,Julian Buesink,'51 Ford,199.0,700.0,running,0.0
1952,11,Dayton,3.0,2.0,91.0,Tim Flock,Ted Chester,'51 Hudson,195.0,450.0,running,47.0
1952,11,Dayton,4.0,9.0,42.0,Lee Petty,Petty Enterprises,'51 Plymouth,195.0,350.0,running,0.0
1952,11,Dayton,5.0,11.0,72.0,Donald Thomas,Doug Meeks,'51 Ford,192.0,200.0,running,0.0
1952,11,Dayton,6.0,4.0,92.0,Herb Thomas,Fabulous Hudson Hornet (Herb Thomas),'52 Hudson,189.0,150.0,running,0.0
1952,11,Dayton,7.0,8.0,41.0,Jim Paschal,Eanes Motor Co. (John Eanes),'51 Hudson,186.0,125.0,running,0.0
1952,11,Dayton,8.0,10.0,128.0,Charles Gattilia,Colonial Motors (Charles Gattalia),'51 Studebaker,184.0,100.0,running,0.0
1952,11,Dayton,9.0,13.0,421.0,Jack Reynolds,–,'50 Plymouth,178.0,75.0,running,0.0
1952,11,Dayton,10.0,5.0,22.0,Perk Brown,R.G. Shelton,'51 Hudson,176.0,50.0,running,0.0
1952,11,Dayton,11.0,1.0,14.0,Fonty Flock,Air Lift (Frank Christian),'51 Oldsmobile,174.0,25.0,running,0.0
1952,11,Dayton,12.0,12.0,8.0,Gene Comstock,Gene Comstock,'52 Hudson,169.0,25.0,running,0.0
1952,11,Dayton,13.0,14.0,93.0,Ted Chamberlain,Ted Chamberlain,'50 Plymouth,164.0,25.0,running,0.0
1952,11,Dayton,14.0,15.0,111.0,Robbie Robinson,Robbie Robinson,'51 Hudson,162.0,25.0,running,0.0
1952,11,Dayton,15.0,6.0,118.0,Ed Benedict,–,'51 Hudson,94.0,25.0,rf hub,0.0
1952,12,Canfield,1.0,4.0,92.0,Herb Thomas,Fabulous Hudson Hornet (Herb Thomas),'52 Hudson,200.0,1000.0,running,–
1952,12,Canfield,2.0,7.0,2.0,Bill Blair,George Hutchens,'52 Oldsmobile,200.0,700.0,running,–
1952,12,Canfield,3.0,10.0,78.0,Bob Moore,Bob Moore,'51 Oldsmobile,199.0,450.0,running,–
1952,12,Canfield,4.0,2.0,91.0,Tim Flock,Ted Chester,'51 Hudson,196.0,350.0,running,–
1952,12,Canfield,5.0,9.0,41.0,Curtis Turner,Eanes Motor Co. (John Eanes),'51 Hudson,189.0,200.0,running,–
1952,12,Canfield,6.0,8.0,82.0,Joe Eubanks,Oates Motor Co. (Phil Oates),'51 Hudson,189.0,150.0,running,–
1952,12,Canfield,7.0,17.0,44.0,Jimmie Lewallen,Julian Petty,'50 Plymouth,184.0,125.0,running,–
1952,12,Canfield,8.0,15.0,60.0,Bill Rexford,Julian Buesink,'50 Ford,183.0,100.0,running,–
1952,12,Canfield,9.0,27.0,93.0,Ted Chamberlain,Ted Chamberlain,'50 Plymouth,179.0,75.0,running,–
1952,12,Canfield,10.0,30.0,,Ernie Boost,–,'51 Plymouth,179.0,50.0,running,–
1952,12,Canfield,11.0,1.0,,Dick Rathmann,–,'50 Ford,174.0,25.0,running,–
1952,12,Canfield,12.0,23.0,,Paul Magee,–,'50 Plymouth,173.0,25.0,running,–
1952,12,Canfield,13.0,25.0,,Nook Walters,–,'50 Ford,171.0,25.0,running,–
1952,12,Canfield,14.0,12.0,53.0,Neil Cole,Neil Cole,'51 Hudson,169.0,25.0,transmission,–
1952,12,Canfield,15.0,18.0,,Paul Pettit,Paul Pettit,'50 Oldsmobile,164.0,25.0,running,–
1952,12,Canfield,16.0,13.0,72.0,Donald Thomas,Doug Meeks,'50 Ford,160.0,25.0,running,–
1952,12,Canfield,17.0,3.0,14.0,Fonty Flock,Air Lift (Frank Christian),'50 Oldsmobile,155.0,25.0,engine,–
1952,12,Canfield,18.0,11.0,59.0,Lloyd Moore,Julian Buesink,'50 Ford,151.0,25.0,axle,–
1952,12,Canfield,19.0,14.0,,Ed Benedict,Ed Benedict,'51 Hudson,129.0,25.0,hub,–
1952,12,Canfield,20.0,16.0,24.0,Ray Duhigg,Southern Motors (J.O. Goode),'50 Plymouth,119.0,25.0,engine,–
1952,12,Canfield,21.0,29.0,,Bob Shaw,–,'50 Ford,112.0,25.0,crash,–
1952,12,Canfield,22.0,24.0,111.0,Robbie Robinson,Robbie Robinson,'51 Hudson,94.0,25.0,engine,–
1952,12,Canfield,23.0,6.0,42.0,Lee Petty,Petty Enterprises,'51 Plymouth,70.0,25.0,engine,–
1952,12,Canfield,24.0,22.0,,Mike Little,–,'50 Plymouth,62.0,25.0,engine,–
1952,12,Canfield,25.0,26.0,,Art Plas,–,'50 Plymouth,46.0,25.0,engine,–
1952,12,Canfield,26.0,21.0,,Bud Farrell,William Gundaker,'50 Plymouth,41.0,25.0,hub,–
1952,12,Canfield,27.0,20.0,,Ralph Liguori,–,'50 Plymouth,38.0,25.0,engine,–
1952,12,Canfield,28.0,28.0,421.0,Jack Reynolds,–,'50 Plymouth,35.0,25.0,crash,–
1952,12,Canfield,29.0,19.0,68.0,George Hufford,–,'50 Plymouth,16.0,25.0,crash,–
1952,12,Canfield,30.0,5.0,22.0,Perk Brown,R.G. Shelton,'51 Hudson,15.0,25.0,engine,–
1952,13,Augusta,1.0,2.0,51.0,Gober Sosebee,Sam Knox,'52 Chrysler,154.0,1000.0,running,154.0
1952,13,Augusta,2.0,1.0,57.0,Tommy Moon,C.D. Wilson,'52 Hudson,154.0,700.0,running,0.0
1952,13,Augusta,3.0,6.0,133.0,David Ezell,David Ezell,'52 Hudson,153.0,450.0,running,0.0
1952,13,Augusta,4.0,5.0,17.0,June Cleveland,Carl Mays,'51 Chrysler,150.0,350.0,running,0.0
1952,13,Augusta,5.0,11.0,,Jerry Wimbish,Jerry Wimbish,'50 Oldsmobile,150.0,300.0,running,0.0
1952,13,Augusta,6.0,4.0,16.0,Bill Snowden,Bill Snowden,'51 Hudson,149.0,200.0,running,0.0
1952,13,Augusta,7.0,8.0,77.0,Weldon Adams,Weldon Adams,'51 Plymouth,149.0,125.0,running,0.0
1952,13,Augusta,8.0,10.0,126.0,Dave Terrell,Dave Terrell,'50 Plymouth,148.0,100.0,running,0.0
1952,13,Augusta,9.0,14.0,72.0,Donald Thomas,Doug Meeks,'51 Nash,145.0,75.0,running,0.0
1952,13,Augusta,10.0,7.0,9.0,Ed Samples,Claude Alexander,'50 Oldsmobile,138.0,75.0,rear end,0.0
1952,13,Augusta,11.0,12.0,,Joe Deloach,–,'49 Ford,135.0,50.0,running,0.0
1952,13,Augusta,12.0,9.0,,Red Harrelson,–,'50 Plymouth,63.0,50.0,stalled,0.0
1952,13,Augusta,13.0,3.0,,Cotton Owens,–,'50 Oldsmobile,57.0,50.0,brnd rod,0.0
1952,13,Augusta,14.0,13.0,94.0,J.O. Staton,Smith Auto Parts (Louise Smith),'51 Ford,11.0,50.0,overheating,0.0
1952,14,Toledo,1.0,4.0,91.0,Tim Flock,Ted Chester,'51 Hudson,200.0,1000.0,running,170.0
1952,14,Toledo,2.0,2.0,120.0,Dick Rathmann,Walt Chapman,'51 Hudson,200.0,700.0,running,0.0
1952,14,Toledo,3.0,8.0,42.0,Lee Petty,Petty Enterprises,'51 Plymouth,194.0,450.0,running,0.0
1952,14,Toledo,4.0,17.0,44.0,Ray Duhigg,Julian Petty,'51 Plymouth,193.0,350.0,running,0.0
1952,14,Toledo,5.0,1.0,14.0,Fonty Flock,Air Lift (Frank Christian),'50 Oldsmobile,175.0,200.0,running,30.0
1952,14,Toledo,6.0,11.0,22.0,Perk Brown,R.G. Shelton,'51 Hudson,172.0,150.0,running,0.0
1952,14,Toledo,7.0,5.0,82.0,Joe Eubanks,Oates Motor Co. (Phil Oates),'51 Hudson,169.0,125.0,plugs,0.0
1952,14,Toledo,8.0,14.0,,Bud Farrell,William Gundaker,'50 Plymouth,168.0,100.0,running,0.0
1952,14,Toledo,9.0,12.0,421.0,Jack Reynolds,–,'50 Plymouth,164.0,75.0,radiator,0.0
1952,14,Toledo,10.0,15.0,,Ralph Liguori,–,'50 Plymouth,158.0,50.0,tires,0.0
1952,14,Toledo,11.0,9.0,118.0,Bucky Sager,Ken Swihart,'51 Hudson,151.0,25.0,hub,0.0
1952,14,Toledo,12.0,6.0,78.0,Bob Moore,Bob Moore,'50 Oldsmobile,149.0,25.0,oil pressure,0.0
1952,14,Toledo,13.0,19.0,93.0,Ted Chamberlain,Ted Chamberlain,'50 Plymouth,142.0,25.0,radiator,0.0
1952,14,Toledo,14.0,10.0,,Russ Hepler,–,'50 Ford,139.0,25.0,tires,0.0
1952,14,Toledo,15.0,7.0,2.0,Bill Blair,George Hutchens,'52 Oldsmobile,138.0,25.0,engine,0.0
1952,14,Toledo,16.0,21.0,60.0,Bill Rexford,Julian Buesink,'50 Ford,131.0,25.0,running,0.0
1952,14,Toledo,17.0,24.0,,Pete Toth,–,'50 Plymouth,125.0,25.0,piston,0.0
1952,14,Toledo,18.0,18.0,8.0,Gene Comstock,Gene Comstock,'51 Hudson,121.0,25.0,rod,0.0
1952,14,Toledo,19.0,23.0,,Ernie Boost,–,'51 Plymouth,119.0,25.0,wheel,0.0
1952,14,Toledo,20.0,13.0,53.0,Neil Cole,Neil Cole,'50 Hudson,102.0,25.0,overheating,0.0
1952,14,Toledo,21.0,3.0,92.0,Herb Thomas,Fabulous Hudson Hornet (Herb Thomas),'51 Hudson,97.0,25.0,oil,0.0
1952,14,Toledo,22.0,22.0,,Dick Martin,–,'50 Oldsmobile,62.0,25.0,hub,0.0
1952,14,Toledo,23.0,16.0,24.0,Jimmie Lewallen,Southern Motors (J.O. Goode),'50 Plymouth,41.0,25.0,hub,0.0
1952,14,Toledo,24.0,20.0,111.0,Robbie Robinson,Robbie Robinson,'51 Hudson,24.0,25.0,piston,0.0
1952,15,Hillsboro,1.0,2.0,91.0,Tim Flock,Ted Chester,'51 Hudson,100.0,1000.0,running,–
1952,15,Hillsboro,2.0,1.0,14.0,Fonty Flock,Air Lift (Frank Christian),'52 Oldsmobile,100.0,700.0,running,–
1952,15,Hillsboro,3.0,4.0,120.0,Dick Rathmann,Walt Chapman,'51 Hudson,100.0,450.0,running,–
1952,15,Hillsboro,4.0,7.0,2.0,Bill Blair,George Hutchens,'52 Oldsmobile,98.0,350.0,running,–
1952,15,Hillsboro,5.0,12.0,,Jimmie Lewallen,–,'52 Ford,97.0,200.0,running,–
1952,15,Hillsboro,6.0,9.0,42.0,Lee Petty,Petty Enterprises,'51 Plymouth,97.0,150.0,running,–
1952,15,Hillsboro,7.0,5.0,82.0,Joe Eubanks,Oates Motor Co. (Phil Oates),'52 Hudson,96.0,125.0,running,–
1952,15,Hillsboro,8.0,14.0,44.0,Ray Duhigg,Julian Petty,'51 Plymouth,96.0,100.0,running,–
1952,15,Hillsboro,9.0,10.0,,Clyde Minter,–,'52 Packard,96.0,75.0,running,–
1952,15,Hillsboro,10.0,11.0,72.0,Donald Thomas,Doug Meeks,'51 Ford,95.0,50.0,running,–
1952,15,Hillsboro,11.0,16.0,4.0,Otis Martin,Otis Martin,'50 Ford,91.0,25.0,running,–
1952,15,Hillsboro,12.0,15.0,19.0,Fred Dove,Fred Dove,'49 Buick,87.0,25.0,running,–
1952,15,Hillsboro,13.0,19.0,,Coleman Lawrence,Coleman Lawrence,'52 Mercury,84.0,25.0,running,–
1952,15,Hillsboro,14.0,17.0,,Ernie Boost,–,'51 Plymouth,83.0,25.0,running,–
1952,15,Hillsboro,15.0,13.0,107.0,Bruce Atchley,Bruce Atchley,'51 Hudson,67.0,25.0,brakes,–
1952,15,Hillsboro,16.0,3.0,92.0,Herb Thomas,Fabulous Hudson Hornet (Herb Thomas),'52 Hudson,58.0,25.0,hub,–
1952,15,Hillsboro,17.0,6.0,89.0,Buddy Shuman,B.A. Pless,'52 Hudson,41.0,25.0,axle,–
1952,15,Hillsboro,18.0,16.0,,Hank Carruthers,–,'52 Packard,18.0,25.0,wheel,–
1952,15,Hillsboro,19.0,8.0,22.0,Perk Brown,R.G. Shelton,'52 Hudson,18.0,25.0,clutch,–
1952,16,Charlotte,1.0,2.0,92.0,Herb Thomas,Fabulous Hudson Hornet (Herb Thomas),'52 Hudson,150.0,1000.0,running,119.0
1952,16,Charlotte,2.0,3.0,91.0,Tim Flock,Ted Chester,'51 Hudson,150.0,700.0,running,0.0
1952,16,Charlotte,3.0,6.0,2.0,Bill Blair,George Hutchens,'52 Oldsmobile,149.0,450.0,running,0.0
1952,16,Charlotte,4.0,9.0,42.0,Lee Petty,Petty Enterprises,'51 Plymouth,146.0,350.0,running,0.0
1952,16,Charlotte,5.0,5.0,120.0,Dick Rathmann,Walt Chapman,'51 Hudson,145.0,200.0,running,0.0
1952,16,Charlotte,6.0,15.0,66.0,Donald Thomas,Elmer Pooler,'51 Plymouth,145.0,150.0,running,0.0
1952,16,Charlotte,7.0,7.0,82.0,Joe Eubanks,Oates Motor Co. (Phil Oates),'52 Hudson,144.0,125.0,running,0.0
1952,16,Charlotte,8.0,4.0,89.0,Buddy Shuman,B.A. Pless,'52 Hudson,142.0,100.0,running,0.0
1952,16,Charlotte,9.0,12.0,17.0,June Cleveland,Carl Mays,'51 Chrysler,142.0,75.0,running,0.0
1952,16,Charlotte,10.0,16.0,19.0,Fred Dove,Fred Dove,'49 Buick,140.0,50.0,running,0.0
1952,16,Charlotte,11.0,1.0,14.0,Fonty Flock,Air Lift (Frank Christian),'51 Oldsmobile,133.0,25.0,running,31.0
1952,16,Charlotte,12.0,17.0,77.0,Weldon Adams,Weldon Adams,'51 Plymouth,133.0,25.0,running,0.0
1952,16,Charlotte,13.0,21.0,,Coleman Lawrence,Coleman Lawrence,'52 Mercury,131.0,25.0,running,0.0
1952,16,Charlotte,14.0,10.0,51.0,Gober Sosebee,Sam Knox,'52 Chrysler,130.0,25.0,crash,0.0
1952,16,Charlotte,15.0,14.0,44.0,Ray Duhigg,Julian Petty,'51 Plymouth,113.0,25.0,crash,0.0
1952,16,Charlotte,16.0,19.0,,Eddie Van Horn,–,'50 Ford,112.0,25.0,running,0.0
1952,16,Charlotte,17.0,13.0,41.0,Jimmie Lewallen,Eanes Motor Co. (John Eanes),'50 Oldsmobile,73.0,25.0,steering,0.0
1952,16,Charlotte,18.0,11.0,22.0,Perk Brown,R.G. Shelton,'52 Hudson,71.0,25.0,rear end,0.0
1952,16,Charlotte,19.0,23.0,,Ralph Liguori,–,'50 Ford,50.0,25.0,spindle,0.0
1952,16,Charlotte,20.0,20.0,4.0,Otis Martin,Otis Martin,'51 Ford,35.0,25.0,head,0.0
1952,16,Charlotte,21.0,24.0,53.0,Neil Cole,John Golabek,'50 Plymouth,17.0,25.0,cres inj,0.0
1952,16,Charlotte,22.0,22.0,,Red Harrelson,–,'50 Plymouth,10.0,25.0,gasket,0.0
1952,16,Charlotte,23.0,8.0,,Jerry Wimbish,Jerry Wimbish,'51 Oldsmobile,7.0,25.0,spindle,0.0
1952,16,Charlotte,24.0,18.0,421.0,Jack Reynolds,Wiss Brothers,'51 Plymouth,3.0,25.0,tie rod,0.0
1952,17,Detroit,1.0,16.0,91,Tim Flock,OK Motors (Ted Chester),'51 Hudson,250.0,5050.0,running,162.0
1952,17,Detroit,2.0,34.0,89,Buddy Shuman,B.A. Pless,'52 Hudson,250.0,2225.0,running,1.0
1952,17,Detroit,3.0,17.0,92,Herb Thomas,Fabulous Hudson Hornet (Herb Thomas),'51 Hudson,249.0,1000.0,running,0.0
1952,17,Detroit,4.0,25.0,2,Bill Blair,George Hutchens,'52 Oldsmobile,249.0,600.0,running,0.0
1952,17,Detroit,5.0,37.0,99,Pat Kirkwood,San Juan Motors (Pat Kirkwood),'51 Chrysler,246.0,500.0,running,0.0
1952,17,Detroit,6.0,31.0,77,Dick Passwater,Frank Arford,'52 Oldsmobile,243.0,400.0,running,0.0
1952,17,Detroit,7.0,46.0,3,Hershel McGriff,Beryl Jackson,'52 Oldsmobile,238.0,300.0,running,0.0
1952,17,Detroit,8.0,26.0,73,Stewart Joyce,Stewart Joyce,'52 DeSoto,229.0,200.0,running,0.0
1952,17,Detroit,9.0,41.0,4,Otis Martin,Otis Martin,'52 Plymouth,226.0,100.0,running,0.0
1952,17,Detroit,10.0,8.0,34,Ted Chamberlain,Bill Caltrider,'51 Plymouth,226.0,100.0,running,0.0
1952,17,Detroit,11.0,18.0,121,Frank Mundy,Walt Chapman,'52 Hudson,225.0,50.0,running,0.0
1952,17,Detroit,12.0,28.0,8,Gene Comstock,Fry Motors (Gene Comstock),'52 Hudson,224.0,50.0,running,0.0
1952,17,Detroit,13.0,25.0,22,Perk Brown,R.G. Shelton,'51 Hudson,223.0,50.0,running,0.0
1952,17,Detroit,14.0,33.0,98,Billy Myers,Strictly Stock Car Race (Joe Hawkins),'51 Plymouth,220.0,50.0,running,0.0
1952,17,Detroit,15.0,7.0,16A,Charlie Hill,Victory Stadium (Charlie Hill),'51 Ford,217.0,50.0,running,0.0
1952,17,Detroit,16.0,21.0,55,Bub King,Carl Lay Motors (Bub King),'52 Hudson,216.0,50.0,running,0.0
1952,17,Detroit,17.0,44.0,118,Bucky Sager,Ed Benedict,'51 Hudson,216.0,50.0,running,0.0
1952,17,Detroit,18.0,6.0,162,Fred Bethune,Fred Bethune,'52 DeSoto,209.0,50.0,running,0.0
1952,17,Detroit,19.0,11.0,84,Red Duvall,Hank Salat,'51 Packard,205.0,50.0,steering,0.0
1952,17,Detroit,20.0,45.0,41,Jimmie Lewallen,R.G. Shelton,'52 Hudson,203.0,50.0,running,0.0
1952,17,Detroit,21.0,19.0,40,Tommy Thompson,Tommy Thompson,'52 Hudson,190.0,25.0,running,0.0
1952,17,Detroit,22.0,43.0,13,Dick Stacey,Jack Fisher,'52 Chrysler,175.0,25.0,running,0.0
1952,17,Detroit,23.0,5.0,11,Ray Chase,Dave Kennedy,'51 Lincoln,173.0,25.0,tie rods,0.0
1952,17,Detroit,24.0,14.0,27,Bill Pruitt,James Barnes,'52 Nash,169.0,25.0,engine,0.0
1952,17,Detroit,25.0,15.0,82,Joe Eubanks,Oates Motor Co. (Phil Oates),'52 Hudson,167.0,25.0,axle,0.0
1952,17,Detroit,26.0,38.0,7,Bud Koehler,Walter Martinson,'51 Nash,140.0,25.0,overheating,0.0
1952,17,Detroit,27.0,3.0,59,Lloyd Moore,Race Motor (Julian Buesink),'50 Ford,137.0,25.0,wheel,0.0
1952,17,Detroit,28.0,12.0,26,John Scarfo,Detroit Kaiser Dealers.,'51 Kaiser,135.0,25.0,running,0.0
1952,17,Detroit,29.0,10.0,897,Norman Lynch,Detroit Fairgrounds / Air Lift (Norman Lynch),'52 Willys,130.0,25.0,crash,0.0
1952,17,Detroit,30.0,36.0,1,Bill Holland,Robert McGrath,'51 Hudson,123.0,25.0,wheel,0.0
1952,17,Detroit,31.0,20.0,24,Ray Duhigg,Southern Motors (J.O. Goode),'51 Plymouth,120.0,25.0,running,0.0
1952,17,Detroit,32.0,30.0,42,Lee Petty,Race Motor (Petty Enterprises),'52 Chrysler,100.0,75.0,wheel,43.0
1952,17,Detroit,33.0,39.0,53,Jack Fisher,Jack Fisher,'52 Oldsmobile,95.0,25.0,crash,0.0
1952,17,Detroit,34.0,40.0,421,Jack Reynolds,Wiss Brothers,'52 Plymouth,85.0,25.0,–,0.0
1952,17,Detroit,35.0,47.0,54,Don Rudolph,Irvington Willys Co.,'52 Willys,82.0,25.0,–,0.0
1952,17,Detroit,36.0,46.0,174,Bill Rexford,Jim B. Copperheat,'51 Nash,82.0,25.0,–,0.0
1952,17,Detroit,37.0,32.0,74,Leon Meadows,Stewart Joyce,'52 Plymouth,67.0,25.0,–,0.0
1952,17,Detroit,38.0,1.0,120,Dick Rathmann,Hudson Hornet (Walt Chapman),'51 Hudson,64.0,175.0,overheating,44.0
1952,17,Detroit,39.0,4.0,6,Bob Pronger,Nash Dealers of Greater Detroit,'52 Nash,49.0,25.0,dnf,0.0
1952,17,Detroit,40.0,9.0,33,Ed Westveer,Dave Kennedy,'52 Mercury,45.0,25.0,dnf,0.0
1952,17,Detroit,41.0,45.0,25,Gib Orr,J.E. Peters,'51 Hudson,43.0,,dnf,0.0
1952,17,Detroit,42.0,23.0,65,Jim Fiebelkorn,Ken Whitney,'51 Ford,35.0,,dnf,0.0
1952,17,Detroit,43.0,27.0,43,Paul Newkirk,Paul Newkirk,'51 Nash,27.0,,dnf,0.0
1952,17,Detroit,44.0,22.0,20,Roger Attard,Roger Attard,'52 Hudson,25.0,,dnf,0.0
1952,17,Detroit,45.0,29.0,111,Robbie Robinson,Robbie Robinson,'51 Hudson,20.0,,dnf,0.0
1952,17,Detroit,46.0,44.0,78,Bob Moore,Bob Moore,'52 Oldsmobile,16.0,,dnf,0.0
1952,17,Detroit,47.0,2.0,14,Fonty Flock,Air Lift (Frank Christian),'52 Oldsmobile,10.0,,tie rod,0.0
1952,18,Niagara Falls,1.0,8.0,89.0,Buddy Shuman,B.A. Pless,'52 Hudson,200.0,1000.0,running,64
1952,18,Niagara Falls,2.0,1.0,92.0,Herb Thomas,Fabulous Hudson Hornet (Herb Thomas),'52 Hudson,198.0,700.0,running,–
1952,18,Niagara Falls,3.0,7.0,44.0,Ray Duhigg,Julian Petty,'51 Plymouth,193.0,450.0,running,–
1952,18,Niagara Falls,4.0,14.0,421.0,Jack Reynolds,Wiss Brothers,'51 Plymouth,183.0,350.0,wheel,–
1952,18,Niagara Falls,5.0,13.0,,Perk Brown,–,'50 Ford,176.0,200.0,slow,–
1952,18,Niagara Falls,6.0,10.0,53.0,Neil Cole,John Golabek,'50 Plymouth,168.0,150.0,engine,–
1952,18,Niagara Falls,7.0,16.0,,Fonty Flock,–,'51 Henry J,163.0,125.0,slow,–
1952,18,Niagara Falls,8.0,5.0,118.0,Bucky Sager,Ed Benedict,'51 Hudson,154.0,100.0,wheel,–
1952,18,Niagara Falls,9.0,12.0,93.0,Ted Chamberlain,Ted Chamberlain,'50 Plymouth,134.0,75.0,in pits,–
1952,18,Niagara Falls,10.0,17.0,,Albert Lemieux,–,'50 Mercury,121.0,50.0,slow,–
1952,18,Niagara Falls,11.0,11.0,,Charles Barry,O.C. Francis,'51 Ford,87.0,25.0,overheating,–
1952,18,Niagara Falls,12.0,3.0,120.0,Dick Rathmann,Walt Chapman,'51 Hudson,78.0,25.0,engine,–
1952,18,Niagara Falls,13.0,2.0,91.0,Tim Flock,Ted Chester,'51 Hudson,59.0,25.0,crash,–
1952,18,Niagara Falls,14.0,9.0,1.0,Eddie Lenz,–,'50 Oldsmobile,55.0,25.0,crash,–
1952,18,Niagara Falls,15.0,6.0,3.0,Hershel McGriff,Beryl Jackson,'52 Oldsmobile,45.0,25.0,engine,–
1952,18,Niagara Falls,16.0,4.0,42.0,Lee Petty,Petty Enterprises,'51 Plymouth,40.0,25.0,engine,–
1952,18,Niagara Falls,17.0,15.0,,Jack Hauher,–,'49 Ford,26.0,25.0,engine,–
1952,19,Tioga,1.0,1.0,91.0,Tim Flock,Ted Chester,'51 Hudson,200.0,1000.0,running,–
1952,19,Tioga,2.0,4.0,92.0,Herb Thomas,Fabulous Hudson Hornet (Herb Thomas),'52 Hudson,200.0,700.0,running,–
1952,19,Tioga,3.0,3.0,120.0,Dick Rathmann,Walt Chapman,'51 Hudson,199.0,450.0,running,–
1952,19,Tioga,4.0,2.0,118.0,Bucky Sager,Ed Benedict,'51 Hudson,199.0,350.0,running,–
1952,19,Tioga,5.0,5.0,42.0,Lee Petty,Petty Enterprises,'50 Plymouth,198.0,200.0,running,–
1952,19,Tioga,6.0,12.0,59.0,Lloyd Moore,Julian Buesink,'51 Ford,197.0,150.0,running,–
1952,19,Tioga,7.0,7.0,44.0,Ray Duhigg,Julian Petty,'51 Plymouth,196.0,125.0,running,–
1952,19,Tioga,8.0,9.0,421.0,Jack Reynolds,Wiss Brothers,'51 Plymouth,193.0,100.0,running,–
1952,19,Tioga,9.0,6.0,53.0,Neil Cole,John Golabek,'50 Plymouth,192.0,75.0,running,–
1952,19,Tioga,10.0,20.0,,Walt Craver,–,'51 Henry J,188.0,50.0,running,–
1952,19,Tioga,11.0,10.0,93.0,Ted Chamberlain,Ted Chamberlain,'50 Plymouth,186.0,25.0,running,–
1952,19,Tioga,12.0,14.0,,Harold Morse,–,'50 Ford,186.0,25.0,running,–
1952,19,Tioga,13.0,11.0,,Bud Farrell,William Gundaker,'51 Plymouth,181.0,25.0,running,–
1952,19,Tioga,14.0,21.0,,Charles Barry,O.C. Francis,'49 Mercury,172.0,25.0,running,–
1952,19,Tioga,15.0,17.0,43.0,Larry Mann,Green Hornet (Larry Mann),'51 Hudson,169.0,25.0,running,–
1952,19,Tioga,16.0,23.0,,Rod Turcott,–,'49 Ford,167.0,25.0,tires,–
1952,19,Tioga,17.0,18.0,,Dick Turcott,–,'49 Ford,163.0,25.0,tires,–
1952,19,Tioga,18.0,8.0,,Jim Reed,Jim Reed,'51 Hudson,161.0,25.0,running,–
1952,19,Tioga,19.0,26.0,,Ken Rauch,–,'51 Henry J,133.0,25.0,overheating,–
1952,19,Tioga,20.0,16.0,,Pete Vail,–,'50 Studebaker,92.0,25.0,tires,–
1952,19,Tioga,21.0,19.0,,Earl Zindahl,–,'51 Nash,88.0,25.0,overheating,–
1952,19,Tioga,22.0,15.0,,Scott Gow,–,'50 Ford,46.0,25.0,tires,–
1952,19,Tioga,23.0,13.0,,Charles Weidler,–,'51 Hudson,33.0,25.0,engine,–
1952,19,Tioga,24.0,22.0,,Doug Congden,–,'50 Oldsmobile,30.0,25.0,tires,–
1952,19,Tioga,25.0,25.0,,George Hufford,–,'49 Plymouth,28.0,25.0,engine,–
1952,19,Tioga,26.0,24.0,,Joe Gillow,–,'49 Ford,20.0,25.0,tires,–
1952,20,Monroe,1.0,1.0,91.0,Tim Flock,Ted Chester,'52 Hudson,200.0,1000.0,running,–
1952,20,Monroe,2.0,3.0,92.0,Herb Thomas,Fabulous Hudson Hornet (Herb Thomas),'52 Hudson,200.0,700.0,running,–
1952,20,Monroe,3.0,7.0,42.0,Lee Petty,Petty Enterprises,'52 Plymouth,199.0,450.0,running,–
1952,20,Monroe,4.0,4.0,14.0,Fonty Flock,Air Lift (Frank Christian),'52 Oldsmobile,194.0,350.0,running,–
1952,20,Monroe,5.0,9.0,44.0,Ray Duhigg,Julian Petty,'51 Plymouth,193.0,200.0,running,–
1952,20,Monroe,6.0,11.0,84.0,Red Duvall,Hank Salat,'51 Packard,189.0,150.0,running,–
1952,20,Monroe,7.0,12.0,93.0,Ted Chamberlain,Ted Chamberlain,'50 Plymouth,185.0,125.0,running,–
1952,20,Monroe,8.0,8.0,,Iggy Katona,Iggy Katona,'51 Oldsmobile,180.0,100.0,running,–
1952,20,Monroe,9.0,10.0,162.0,Fred Bethune,Fred Bethune,'52 DeSoto,168.0,75.0,running,–
1952,20,Monroe,10.0,5.0,78.0,Bob Moore,Bob Moore,'51 Oldsmobile,160.0,50.0,wheel,–
1952,20,Monroe,11.0,15.0,25.0,Gib Orr,J.E. Peters,'51 Hudson,154.0,25.0,wheel,–
1952,20,Monroe,12.0,2.0,89.0,Buddy Shuman,B.A. Pless,'52 Hudson,146.0,25.0,engine,–
1952,20,Monroe,13.0,6.0,118.0,Bucky Sager,Ed Benedict,'52 Hudson,106.0,25.0,rf hub,–
1952,20,Monroe,14.0,13.0,120.0,Dick Rathmann,Walt Chapman,'52 Hudson,47.0,25.0,clutch,–
1952,20,Monroe,15.0,14.0,,Dick Martin,–,'50 Oldsmobile,10.0,25.0,rf hub,–
1952,21,Morristown,1.0,3.0,42.0,Lee Petty,Petty Enterprises,'51 Plymouth,200.0,1000.0,running,76.0
1952,21,Morristown,2.0,2.0,91.0,Tim Flock,Ted Chester,'51 Hudson,200.0,700.0,running,75.0
1952,21,Morristown,3.0,7.0,53.0,Neil Cole,John Golabek,'50 Plymouth,196.0,450.0,running,0.0
1952,21,Morristown,4.0,6.0,60.0,Ralph Liguori,Ralph Liguori,'51 Hudson,196.0,350.0,running,0.0
1952,21,Morristown,5.0,16.0,,Ronnie Kohler,Ronnie Kohler,'50 Plymouth,192.0,200.0,running,0.0
1952,21,Morristown,6.0,13.0,,Pappy Hough,Pappy Hough,'52 Ford,189.0,150.0,running,0.0
1952,21,Morristown,7.0,14.0,,Nelson Applegate,–,'50 Dodge,188.0,125.0,running,0.0
1952,21,Morristown,8.0,8.0,,Jim Reed,Jim Reed,'50 Ford,188.0,100.0,running,0.0
1952,21,Morristown,9.0,17.0,93.0,Ted Chamberlain,Ted Chamberlain,'51 Plymouth,185.0,75.0,running,0.0
1952,21,Morristown,10.0,22.0,,Eddie Van Horn,–,'50 Ford,181.0,50.0,running,0.0
1952,21,Morristown,11.0,19.0,,Bobby Courtwright,Bobby Courtwright,'50 Oldsmobile,180.0,25.0,running,0.0
1952,21,Morristown,12.0,4.0,22.0,Perk Brown,R.G. Shelton,'51 Hudson,175.0,25.0,rf hub,0.0
1952,21,Morristown,13.0,11.0,,Jack Mulrain,–,'50 Ford,173.0,25.0,running,0.0
1952,21,Morristown,14.0,25.0,,Bill Hammersley,–,'50 Ford,172.0,25.0,running,0.0
1952,21,Morristown,15.0,29.0,,Zeke DeRose,–,'50 Chevrolet,168.0,25.0,running,0.0
1952,21,Morristown,16.0,20.0,126.0,Dave Terrell,Dave Terrell,'51 Plymouth,166.0,25.0,running,0.0
1952,21,Morristown,17.0,18.0,25.0,Clyde Pittinger,A.J. Lorenzo,'51 Oldsmobile,165.0,25.0,running,0.0
1952,21,Morristown,18.0,30.0,,Joe Kusler,–,'50 Plymouth,164.0,25.0,running,0.0
1952,21,Morristown,19.0,21.0,,Al Keller,–,'50 Ford,161.0,25.0,ignition,0.0
1952,21,Morristown,20.0,24.0,,Bill Barker,–,'50 Oldsmobile,150.0,25.0,radiator,0.0
1952,21,Morristown,21.0,5.0,,John DuBoise,–,'51 Hudson,150.0,25.0,spindle,0.0
1952,21,Morristown,22.0,10.0,44.0,Ray Duhigg,Julian Petty,'50 Plymouth,140.0,25.0,spindle,0.0
1952,21,Morristown,23.0,15.0,,Bud Farrell,William Gundaker,'51 Plymouth,131.0,25.0,rr hub,0.0
1952,21,Morristown,24.0,1.0,92.0,Herb Thomas,Fabulous Hudson Hornet (Herb Thomas),'51 Hudson,124.0,25.0,bearings,49.0
1952,21,Morristown,25.0,9.0,421.0,Jack Reynolds,Wiss Brothers,'51 Plymouth,113.0,25.0,rr wheel,0.0
1952,21,Morristown,26.0,12.0,94.0,J.O. Staton,Louise Smith,'51 Ford,68.0,25.0,overheating,0.0
1952,21,Morristown,27.0,26.0,,Francis Radaker,–,'50 Ford,64.0,25.0,a frame,0.0
1952,21,Morristown,28.0,31.0,,Pete Vail,–,'50 Studebaker,60.0,25.0,axle,0.0
1952,21,Morristown,29.0,23.0,,Tom Gifford,Tom Gifford,'50 Studebaker,53.0,25.0,wheel,0.0
1952,21,Morristown,30.0,30.0,,Louise Smith,Louise Smith,'51 Oldsmobile,14.0,25.0,driver ill,0.0
1952,21,Morristown,31.0,28.0,,Duke Heller,–,'51 Henry J,6.0,25.0,crash,0.0
1952,21,Morristown,32.0,32.0,43.0,Larry Mann,Green Hornet (Larry Mann),'51 Hudson,3.0,25.0,radiator,0.0
1952,22,South Bend,1.0,2.0,91.0,Tim Flock,Ted Chester,'51 Hudson,200.0,1000.0,running,159.0
1952,22,South Bend,2.0,11.0,42.0,Lee Petty,Petty Enterprises,'52 Chrysler,200.0,700.0,running,0.0
1952,22,South Bend,3.0,5.0,55.0,Bub King,Bub King,'52 Hudson,189.0,450.0,running,0.0
1952,22,South Bend,4.0,10.0,4.0,Herschel Buchanan,Air Lift (Frank Christian),'51 Oldsmobile,186.0,350.0,running,0.0
1952,22,South Bend,5.0,7.0,77.0,Dick Passwater,Frank Arford,'52 DeSoto,184.0,200.0,running,0.0
1952,22,South Bend,6.0,13.0,8.0,Gene Comstock,Gene Comstock,'52 Hudson,174.0,150.0,running,0.0
1952,22,South Bend,7.0,9.0,,Glen Larsen,–,'50 Ford,171.0,125.0,running,0.0
1952,22,South Bend,8.0,15.0,94.0,J.O. Staton,Smith Auto Parts (Louise Smith),'50 Ford,170.0,100.0,running,0.0
1952,22,South Bend,9.0,4.0,118.0,Bucky Sager,Ed Benedict,'51 Hudson,165.0,75.0,overheating,0.0
1952,22,South Bend,10.0,8.0,84.0,Red Duvall,Hank Salat,'51 Packard,144.0,50.0,rear end,0.0
1952,22,South Bend,11.0,12.0,,Jim Clark,–,'49 Ford,135.0,25.0,rod out,0.0
1952,22,South Bend,12.0,16.0,,Paul Wensink,–,'52 Willys,127.0,25.0,crash,0.0
1952,22,South Bend,13.0,18.0,,Marion Leech,–,'51 Studebaker,117.0,25.0,rr hub,0.0
1952,22,South Bend,14.0,17.0,,Zane Howell,–,'50 Studebaker,109.0,25.0,crash,0.0
1952,22,South Bend,15.0,6.0,14.0,Fonty Flock,Air Lift (Frank Christian),'51 Oldsmobile,86.0,25.0,axle,0.0
1952,22,South Bend,16.0,14.0,44.0,Ray Duhigg,Julian Petty,'51 Plymouth,70.0,25.0,engine,0.0
1952,22,South Bend,17.0,3.0,40.0,Tommy Thompson,Tommy Thompson,'52 Hudson,70.0,25.0,rf wheel,0.0
1952,22,South Bend,18.0,1.0,92.0,Herb Thomas,Fabulous Hudson Hornet (Herb Thomas),'52 Hudson,64.0,25.0,crash,41.0
1952,22,South Bend,19.0,19.0,,Gene Darragh,Gene Darragh,'50 Ford,34.0,25.0,rr wheel,0.0
1952,23,Rochester,1.0,22.0,91.0,Tim Flock,Ted Chester,'52 Hudson,176.0,1000.0,running,142.0
1952,23,Rochester,2.0,20.0,92.0,Herb Thomas,Fabulous Hudson Hornet (Herb Thomas),'52 Hudson,176.0,700.0,running,0.0
1952,23,Rochester,3.0,21.0,120.0,Dick Rathmann,Walt Chapman,'52 Hudson,174.0,450.0,running,0.0
1952,23,Rochester,4.0,18.0,42.0,Lee Petty,Petty Enterprises,'52 Plymouth,174.0,350.0,running,21.0
1952,23,Rochester,5.0,12.0,47.0,Jim Reed,Jim Reed,'51 Ford,173.0,200.0,running,0.0
1952,23,Rochester,6.0,16.0,24.0,Jimmie Lewallen,Southern Motors (J.O. Goode),'51 Plymouth,172.0,150.0,running,0.0
1952,23,Rochester,7.0,14.0,44.0,Ray Duhigg,Julian Petty,'51 Plymouth,171.0,125.0,running,0.0
1952,23,Rochester,8.0,2.0,103.0,George Gallup,George Gallup,'50 Oldsmobile,170.0,100.0,running,13.0
1952,23,Rochester,9.0,17.0,,Neil Cole,John Golabek,'50 Plymouth,170.0,100.0,running,0.0
1952,23,Rochester,10.0,7.0,,Ralph Liguori,–,'50 Ford,167.0,50.0,running,0.0
1952,23,Rochester,11.0,19.0,43.0,Larry Mann,Green Hornet (Larry Mann),'51 Hudson,167.0,25.0,running,0.0
1952,23,Rochester,12.0,3.0,,Dutch Hoag,–,'51 Ford,163.0,25.0,running,0.0
1952,23,Rochester,13.0,11.0,,Harold Wright,–,'50 Ford,162.0,25.0,running,0.0
1952,23,Rochester,14.0,6.0,,Fran Jischke,–,'50 Ford,158.0,25.0,running,0.0
1952,23,Rochester,15.0,5.0,,Stew Hayes,–,'50 Ford,156.0,25.0,running,0.0
1952,23,Rochester,16.0,1.0,,Pappy Hough,Pappy Hough,'51 Plymouth,155.0,25.0,running,0.0
1952,23,Rochester,17.0,4.0,,Bob Schwingle,–,'51 Plymouth,142.0,25.0,tires,0.0
1952,23,Rochester,18.0,9.0,,Herb Legg,–,'52 Chevrolet,133.0,25.0,tires,0.0
1952,23,Rochester,19.0,8.0,,Slim Brown,–,'50 Ford,111.0,25.0,overheating,0.0
1952,23,Rochester,20.0,13.0,59.0,Lloyd Moore,Julian Buesink,'49 Ford,96.0,25.0,overheating,0.0
1952,23,Rochester,21.0,23.0,75.0,Larry Shurter,Larry Shurter,'50 Oldsmobile,62.0,25.0,overheating,0.0
1952,23,Rochester,22.0,15.0,,Ronnie Kohler,Ronnie Kohler,'51 Plymouth,61.0,25.0,overheating,0.0
1952,23,Rochester,23.0,10.0,93.0,Ted Chamberlain,Ted Chamberlain,'49 Ford,41.0,25.0,engine,0.0
1952,24,Weaverville,1.0,6.0,7.0,Bob Flock,Ted Chester,'51 Hudson,200.0,1000.0,running,71.0
1952,24,Weaverville,2.0,3.0,91.0,Tim Flock,Ted Chester,'52 Hudson,198.0,700.0,running,0.0
1952,24,Weaverville,3.0,1.0,92.0,Herb Thomas,Fabulous Hudson Hornet (Herb Thomas),'52 Hudson,195.0,450.0,running,0.0
1952,24,Weaverville,4.0,10.0,8.0,Gene Comstock,Gene Comstock,'52 Hudson,192.0,350.0,running,0.0
1952,24,Weaverville,5.0,13.0,1.0,Herschel Buchanan,Herschel Buchanan,'52 Nash,189.0,200.0,running,0.0
1952,24,Weaverville,6.0,14.0,,Barney Smith,Barney Smith,'51 Plymouth,187.0,150.0,running,0.0
1952,24,Weaverville,7.0,16.0,66.0,Donald Thomas,Elmer Pooler,'51 Plymouth,185.0,125.0,running,0.0
1952,24,Weaverville,8.0,19.0,71.0,Coleman Lawrence,Coleman Lawrence,'50 Plymouth,178.0,100.0,running,0.0
1952,24,Weaverville,9.0,18.0,54.0,Weldon Adams,Weldon Adams,'51 Plymouth,176.0,75.0,running,0.0
1952,24,Weaverville,10.0,4.0,89.0,Buck Baker,B.A. Pless,'52 Hudson,162.0,50.0,running,0.0
1952,24,Weaverville,11.0,17.0,94.0,E.C. Ramsey,Louise Smith,'51 Ford,147.0,50.0,running,0.0
1952,24,Weaverville,12.0,9.0,14.0,Fonty Flock,Air Lift (Frank Christian),'51 Oldsmobile,130.0,50.0,tie rod,129.0
1952,24,Weaverville,13.0,8.0,17.0,June Cleveland,Carl Mays,'51 Chrysler,128.0,50.0,rear end,0.0
1952,24,Weaverville,14.0,2.0,82.0,Joe Eubanks,Oates Motor Co. (Phil Oates),'52 Hudson,115.0,50.0,spindle,0.0
1952,24,Weaverville,15.0,5.0,120.0,Dick Rathmann,Walt Chapman,'51 Hudson,114.0,50.0,spindle,0.0
1952,24,Weaverville,16.0,11.0,58.0,Johnny Patterson,Lou Tanner,'52 Hudson,76.0,50.0,overheating,0.0
1952,24,Weaverville,17.0,15.0,107.0,Bruce Atchley,Bruce Atchley,'51 Hudson,73.0,50.0,engine,0.0
1952,24,Weaverville,18.0,7.0,55.0,Bub King,Carl Lay Motors (Bub King),'52 Hudson,47.0,50.0,spindle,0.0
1952,24,Weaverville,19.0,12.0,,Jerry Wimbish,Jerry Wimbish,'51 Oldsmobile,1.0,35.0,spindle,0.0
1952,25,Darlington,1.0,1,14.0,Fonty Flock,Air Lift Special (Frank Christian),'52 Oldsmobile,400.0,9430.0,running,341.0
1952,25,Darlington,2.0,42,58.0,Johnny Patterson,H.B. Ranier,'52 Hudson,399.0,3000.0,running,0.0
1952,25,Darlington,3.0,14,92.0,Herb Thomas,Fabulous Hudson Hornet (Herb Thomas),'52 Hudson,399.0,1590.0,running,4.0
1952,25,Darlington,4.0,33,55.0,Bub King,Bub King,'52 Hudson,398.0,1230.0,running,0.0
1952,25,Darlington,5.0,53,16.0,Banjo Matthews,Bill Snowden,'52 Hudson,393.0,950.0,running,0.0
1952,25,Darlington,6.0,8,42.0,Lee Petty,Petty Enterprises,'51 Plymouth,393.0,800.0,running,0.0
1952,25,Darlington,7.0,2,82.0,Joe Eubanks,Oates Motor Co. (Phil Oates),'52 Hudson,390.0,700.0,running,0.0
1952,25,Darlington,8.0,3,1.0,Herschel Buchanan,Ponce Motors (Herschel Buchanan),'52 Nash,390.0,600.0,running,0.0
1952,25,Darlington,9.0,5,87.0,Buck Baker,Wheatley Motors (Al Wheatley),'52 Lincoln,388.0,500.0,running,0.0
1952,25,Darlington,10.0,50,24.0,Ray Duhigg,Southern Motors (J.O. Goode),'51 Plymouth,387.0,450.0,running,0.0
1952,25,Darlington,11.0,16,9.0,Jack Smith,Ted Chester,'51 Hudson,387.0,420.0,running,0.0
1952,25,Darlington,12.0,35,69.0,Rollin Smith,Winkler Oil Burners (Rollin Smith),'52 Hudson,385.0,350.0,running,0.0
1952,25,Darlington,13.0,37,89.0,Jimmy Thompson,B.A. Pless,'52 Hudson,383.0,300.0,crash,0.0
1952,25,Darlington,14.0,47,51.0,Speedy Thompson,Sam Knox,'51 Ford,383.0,280.0,running,0.0
1952,25,Darlington,15.0,48,59.0,Lloyd Moore,Julian Buesink,'52 Ford,382.0,250.0,running,0.0
1952,25,Darlington,16.0,38,53.0,Joe Weatherly,Junie Donlavey,'52 Hudson,376.0,150.0,running,0.0
1952,25,Darlington,17.0,43,98.0,Buddy Shuman,Joe Hawkins,'51 Plymouth,376.0,100.0,running,0.0
1952,25,Darlington,18.0,41,62.0,Keith Hamner,–,'52 Hudson,375.0,90.0,running,0.0
1952,25,Darlington,19.0,31,25.0,Clyde Pittinger,A.J. Lorenzo,'52 Oldsmobile,375.0,90.0,running,0.0
1952,25,Darlington,20.0,10,99.0,Pat Kirkwood,San Juan Motors (Pat Kirkwood),'51 Chrysler,373.0,90.0,running,0.0
1952,25,Darlington,21.0,56,8.0,Gene Comstock,Fry Motors (Gene Comstock),'52 Hudson,370.0,90.0,running,0.0
1952,25,Darlington,22.0,57,39.0,W.E Baker,W.E. Baker,'52 Oldsmobile,368.0,90.0,running,0.0
1952,25,Darlington,23.0,59,28.0,Herb Fry,Herb Fry,'51 Hudson,366.0,95.0,running,0.0
1952,25,Darlington,24.0,61,34.0,Iggy Katona,Bill Caltrider,'51 Plymouth,365.0,75.0,running,0.0
1952,25,Darlington,25.0,21,77.0,Dick Passwater,Frank Arford,'52 Oldsmobile,364.0,105.0,running,0.0
1952,25,Darlington,26.0,23,83.0,Bill Miller,Dantone Racing Stable (B.J. Dantone),'51 Ford,357.0,75.0,running,0.0
1952,25,Darlington,27.0,11,85.0,Tony Bonadies,Tony Bonadies,'51 Nash,350.0,325.0,running,0.0
1952,25,Darlington,28.0,27,66.0,Donald Thomas,Elmer Pooler,'51 Plymouth,345.0,60.0,running,0.0
1952,25,Darlington,29.0,55,7.0,Bob Flock,Blackburn Auto Service (Ted Chester),'52 Hudson,338.0,60.0,running,0.0
1952,25,Darlington,30.0,12,67.0,Irwin Blatt,Erwin Blatt,'51 Mercury,337.0,60.0,running,0.0
1952,25,Darlington,31.0,25,93.0,Ted Chamberlain,Call Me Squirt (Ted Chamberlain),'50 Plymouth,337.0,60.0,running,0.0
1952,25,Darlington,32.0,9,47.0,Al Fleming,L.W. Tickle,'52 Willys,336.0,210.0,running,0.0
1952,25,Darlington,33.0,36,91.0,Tim Flock,Blackburn Auto Service (Ted Chester),'52 Hudson,321.0,50.0,crash,0.0
1952,25,Darlington,34.0,–,94.0,E.C. Ramsey,Smith Auto Parts (Louise Smith),'51 Ford,318.0,50.0,running,0.0
1952,25,Darlington,35.0,29,20.0,Dick Rathmann,Walt Chapman,'52 Hudson,315.0,460.0,crash,35.0
1952,25,Darlington,36.0,32,75.0,Al Conroy,Larry Shurter,'52 Willys,308.0,150.0,running,0.0
1952,25,Darlington,37.0,66,71.0,Coleman Lawrence,Coleman Lawrence,'50 Plymouth,297.0,50.0,running,0.0
1952,25,Darlington,38.0,65,79.0,Charles Weidler,–,'51 Hudson,279.0,50.0,running,0.0
1952,25,Darlington,39.0,45,31.0,Rudy Hires,Rudy Hires,'52 Hudson,267.0,50.0,running,0.0
1952,25,Darlington,40.0,40,60.0,Ralph Liguori,Ralph Liguori,'51 Hudson,256.0,50.0,overheating,0.0
1952,25,Darlington,41.0,24,3.0,Lamar Crabtree,Red Harrelson,'51 Plymouth,254.0,,piston,0.0
1952,25,Darlington,42.0,28,30.0,Johnny Bridgers,Johnny Bridgers,'52 Ford,244.0,,overheating,0.0
1952,25,Darlington,43.0,44,57.0,Tommy Moon,C.D. Wilson,'51 Hudson,240.0,,overheating,0.0
1952,25,Darlington,44.0,17,2.0,Bill Blair,George Hutchens,'52 Oldsmobile,223.0,,overheating,0.0
1952,25,Darlington,45.0,51,17.0,June Cleveland,W.A. Smith,'51 Plymouth,205.0,,running,0.0
1952,25,Darlington,46.0,34,52.0,Joe Guide,Hudson Guide Motors (Sally Guide),'51 Hudson,200.0,,running,0.0
1952,25,Darlington,47.0,58,61.0,Possum Jones,Stan Parnell,'51 Ford,193.0,,overheating,0.0
1952,25,Darlington,48.0,6,22.0,Roy Hall,–,'52 DeSoto,182.0,,"tires,fuel",0.0
1952,25,Darlington,49.0,7,11.0,Fireball Roberts,Saverance Motors (Ed Saverance),'51 Ford,174.0,,engine,0.0
1952,25,Darlington,50.0,20,32.0,Jimmie Lewallen,R.G. Shelton,'52 Hudson,168.0,20.0,engine,0.0
1952,25,Darlington,51.0,30,74.0,Pete Kelly,Pete Kelly,'52 Hudson,162.0,,engine,0.0
1952,25,Darlington,52.0,46,6.0,Bobby Myers,Big Bear (George Hutchens),'51 Ford,145.0,,engine,0.0
1952,25,Darlington,53.0,18,18.0,Bucky Sager,Ed Benedict,'52 Hudson,142.0,,lf wheel,0.0
1952,25,Darlington,54.0,15,46.0,Bob Pronger,Bob Pronger,'52 Oldsmobile,140.0,,engine,0.0
1952,25,Darlington,55.0,39,43.0,Larry Mann,Green Hornet (Larry Mann),'52 Hudson,139.0,,rear end,0.0
1952,25,Darlington,56.0,63,54.0,Weldon Adams,Weldon Adams,'51 Plymouth,125.0,,crash,0.0
1952,25,Darlington,57.0,52,26.0,Jimmy Ingram,–,'51 Nash,91.0,,crash,0.0
1952,25,Darlington,58.0,60,27.0,Gwyn Staley,The Wilkes Boys,'52 Ford,74.0,,overheating,0.0
1952,25,Darlington,59.0,26,21.0,Johnny Gouveia,Johnny Gouveia,'51 Plymouth,61.0,,overheating,0.0
1952,25,Darlington,60.0,13,40.0,Tommy Thompson,Hudson Hornet (Tommy Thompson),'52 Hudson,37.0,200.0,engine,20.0
1952,25,Darlington,61.0,49,41.0,Curtis Turner,Eanes Motor Co. (John Eanes),'52 Oldsmobile,35.0,,crash,0.0
1952,25,Darlington,62.0,54,5.0,Gene Darragh,Gene Darragh,'52 Hudson,32.0,,crash,0.0
1952,25,Darlington,63.0,–,15.0,Merritt Brown,–,'51 Studebaker,28.0,,engine,0.0
1952,25,Darlington,64.0,19,4.0,Slick Smith,Air Lift (Frank Christian),'51 Oldsmobile,22.0,50.0,engine,0.0
1952,25,Darlington,65.0,4,19.0,Clyde Minter,Paul Nunn,'52 Packard,21.0,,front end,0.0
1952,25,Darlington,66.0,22,12.0,Jim Paschal,George Hutchens,'52 Oldsmobile,18.0,,engine,0.0
1952,26,Macon,1.0,8.0,42.0,Lee Petty,Petty Enterprises,'51 Plymouth,300.0,1260.0,running,5.0
1952,26,Macon,2.0,5.0,92.0,Herb Thomas,Fabulous Hudson Hornet (Herb Thomas),'52 Hudson,300.0,810.0,running,41.0
1952,26,Macon,3.0,3.0,91.0,Tim Flock,Ted Chester,'52 Hudson,298.0,630.0,running,210.0
1952,26,Macon,4.0,24.0,82.0,Joe Eubanks,Oates Motor Co. (Phil Oates),'52 Hudson,295.0,500.0,running,0.0
1952,26,Macon,5.0,15.0,1.0,Herschel Buchanan,Herschel Buchanan,'52 Nash,289.0,300.0,running,0.0
1952,26,Macon,6.0,14.0,32.0,Jimmie Lewallen,R.G. Shelton,'52 Hudson,285.0,210.0,running,0.0
1952,26,Macon,7.0,4.0,,Carson Dyer,–,'51 Hudson,283.0,170.0,running,0.0
1952,26,Macon,8.0,18.0,66.0,Donald Thomas,Elmer Pooler,'51 Plymouth,281.0,125.0,running,0.0
1952,26,Macon,9.0,25.0,93.0,Ted Chamberlain,Ted Chamberlain,'50 Plymouth,269.0,100.0,running,0.0
1952,26,Macon,10.0,9.0,99.0,Barney Smith,Barney Smith,'51 Plymouth,269.0,110.0,running,0.0
1952,26,Macon,11.0,11.0,55.0,Bub King,Carl Lay Motors (Bub King),'51 Hudson,244.0,35.0,running,0.0
1952,26,Macon,12.0,2.0,77.0,Dick Passwater,Frank Arford,'52 Oldsmobile,227.0,65.0,spindle,0.0
1952,26,Macon,13.0,6.0,,Roscoe Thompson,Bishop Brothers,'51 Studebaker,203.0,35.0,engine,0.0
1952,26,Macon,14.0,27.0,,Olin Allen,–,'51 Oldsmobile,182.0,25.0,running,0.0
1952,26,Macon,15.0,16.0,16.0,Banjo Matthews,Bill Snowden,'52 Hudson,170.0,25.0,tie rod,0.0
1952,26,Macon,16.0,20.0,,Stan Parnell,–,'50 Oldsmobile,159.0,50.0,crash,0.0
1952,26,Macon,17.0,17.0,,Bill Snowden,Bill Snowden,'52 Hudson,145.0,25.0,rr axle,0.0
1952,26,Macon,18.0,26.0,,Cotton Owens,–,'52 Ford,130.0,50.0,crash,0.0
1952,26,Macon,19.0,21.0,3.0,Lamar Crabtree,–,'50 Plymouth,95.0,25.0,rear end,0.0
1952,26,Macon,20.0,23.0,6.0,Jim Paschal,Big Bear Market (George Hutchens),'51 Ford,93.0,25.0,rear end,0.0
1952,26,Macon,21.0,7.0,57.0,Tommy Moon,C.D. Wilson,'52 Hudson,84.0,35.0,rr axle,0.0
1952,26,Macon,22.0,10.0,74.0,Pete Kelly,Pete Kelly,'52 Hudson,69.0,35.0,tie rod,0.0
1952,26,Macon,23.0,12.0,,Jerry Wimbish,Jerry Wimbish,'50 Oldsmobile,64.0,35.0,engine,0.0
1952,26,Macon,24.0,1.0,14.0,Fonty Flock,Air Lift (Frank Christian),'51 Oldsmobile,44.0,75.0,gas line,44.0
1952,26,Macon,25.0,22.0,24.0,Ray Duhigg,Southern Motors (J.O. Goode),'51 Plymouth,39.0,50.0,hub,0.0
1952,26,Macon,26.0,13.0,17.0,June Cleveland,Carl Mays,'51 Chrysler,30.0,35.0,brakes,0.0
1952,26,Macon,27.0,19.0,89.0,Buck Baker,B.A. Pless,'52 Hudson,11.0,25.0,rr axle,0.0
1952,27,Langhorne,1.0,24.0,42.0,Lee Petty,Petty Enterprises,'51 Plymouth,250.0,2500.0,running,41.0
1952,27,Langhorne,2.0,10.0,2.0,Bill Blair,George Hutchens,'52 Oldsmobile,250.0,1250.0,running,89.0
1952,27,Langhorne,3.0,3.0,1.0,Herschel Buchanan,Herschel Buchanan,'52 Nash,248.0,750.0,running,0.0
1952,27,Langhorne,4.0,12.0,91.0,Tim Flock,Ted Chester,'52 Hudson,247.0,500.0,running,9.0
1952,27,Langhorne,5.0,8.0,120.0,Dick Rathmann,Walt Chapman,'52 Hudson,246.0,450.0,running,61.0
1952,27,Langhorne,6.0,13.0,4.0,Slick Smith,Air Lift Special (Frank Christian),'52 Oldsmobile,246.0,400.0,running,0.0
1952,27,Langhorne,7.0,23.0,52.0,Neil Cole,John Golabek,'50 Plymouth,245.0,350.0,running,0.0
1952,27,Langhorne,8.0,2.0,24.0,Ray Duhigg,Southern Motors (J.O. Goode),'51 Plymouth,241.0,300.0,running,0.0
1952,27,Langhorne,9.0,6.0,,Jack Reynolds,–,'50 Dodge,241.0,250.0,running,0.0
1952,27,Langhorne,10.0,29.0,167.0,Elton Hildreth,Hildreth Motors (Elton Hildreth),'50 Nash,237.0,200.0,running,0.0
1952,27,Langhorne,11.0,26.0,,Iggy Katona,Bill Caltrider,'51 Plymouth,236.0,150.0,running,0.0
1952,27,Langhorne,12.0,14.0,82.0,Joe Eubanks,Oates Motor Co. (Phil Oates),'52 Hudson,235.0,125.0,crash,0.0
1952,27,Langhorne,13.0,5.0,67.0,Irwin Blatt,Erwin Blatt,'51 Mercury,229.0,100.0,running,0.0
1952,27,Langhorne,14.0,18.0,60.0,Ralph Liguori,Ralph Liguori,'52 Hudson,228.0,75.0,running,0.0
1952,27,Langhorne,15.0,31.0,,Bud Farrell,William Gundaker,'51 Plymouth,228.0,50.0,running,0.0
1952,27,Langhorne,16.0,27.0,,Bill Barker,–,'51 Oldsmobile,226.0,50.0,running,0.0
1952,27,Langhorne,17.0,36.0,,Walt Regan,Walt Regan,'51 Hudson,225.0,50.0,running,0.0
1952,27,Langhorne,18.0,41.0,,Bill Deakin,–,'51 Plymouth,225.0,50.0,running,0.0
1952,27,Langhorne,19.0,30.0,,Pappy Hough,Pappy Hough,'51 Plymouth,221.0,50.0,running,0.0
1952,27,Langhorne,20.0,43.0,103.0,George Gallup,George Gallup,'50 Oldsmobile,213.0,50.0,running,0.0
1952,27,Langhorne,21.0,25.0,,Jack Fisher,Jack Fisher,'52 Oldsmobile,212.0,35.0,running,0.0
1952,27,Langhorne,22.0,37.0,43.0,Larry Mann,Green Hornet (Larry Mann),'51 Hudson,211.0,35.0,crash,0.0
1952,27,Langhorne,23.0,32.0,104.0,Eddie Van Horn,–,'50 Ford,208.0,35.0,running,0.0
1952,27,Langhorne,24.0,40.0,,Wimpy Ervin,–,'52 Kaiser,206.0,35.0,running,0.0
1952,27,Langhorne,25.0,34.0,93.0,Ted Chamberlain,Ted Chamberlain,'50 Plymouth,204.0,35.0,running,0.0
1952,27,Langhorne,26.0,2.0,14.0,Fonty Flock,Air Lift Special (Frank Christian),'52 Oldsmobile,204.0,35.0,engine,50.0
1952,27,Langhorne,27.0,28.0,96.0,Lucky Sawyer,–,'50 Ford,200.0,35.0,running,0.0
1952,27,Langhorne,28.0,33.0,,Red Tomlinson,–,'51 Plymouth,200.0,35.0,running,0.0
1952,27,Langhorne,29.0,21.0,,Ray Erickson,–,'52 Hudson,183.0,35.0,engine,0.0
1952,27,Langhorne,30.0,44.0,,Tony Bonadies,–,'52 Oldsmobile,173.0,35.0,running,0.0
1952,27,Langhorne,31.0,38.0,5.0,Gene Darragh,Gene Darragh,'52 Hudson,171.0,35.0,crash,0.0
1952,27,Langhorne,32.0,19.0,118.0,Bucky Sager,Ed Benedict,'51 Hudson,162.0,35.0,running,0.0
1952,27,Langhorne,33.0,20.0,3.0,Felix Wilkes,Felix Wilkes,'51 Hudson,141.0,35.0,crash,0.0
1952,27,Langhorne,34.0,9.0,16.0,George Bush,A.J. Lorenzo,'51 Oldsmobile,127.0,35.0,running,0.0
1952,27,Langhorne,35.0,15.0,,Nelson Applegate,–,'51 Hudson,125.0,35.0,crash,0.0
1952,27,Langhorne,36.0,35.0,,Chuck Garrett,–,'51 Oldsmobile,109.0,,crash,0.0
1952,27,Langhorne,37.0,1.0,92.0,Herb Thomas,Fabulous Hudson Hornet (Herb Thomas),'52 Hudson,61.0,,crash,0.0
1952,27,Langhorne,38.0,17.0,19.0,Fred Dove,Paul Nunn,'52 Packard,53.0,,overheating,0.0
1952,27,Langhorne,39.0,42.0,66.0,Donald Thomas,Elmer Pooler,'51 Plymouth,43.0,,clutch,0.0
1952,27,Langhorne,40.0,16.0,,Charles Weidler,–,'50 Hudson,41.0,,overheating,0.0
1952,27,Langhorne,41.0,39.0,,Lawrence Jacquelin,–,'51 Studebaker,34.0,,overheating,0.0
1952,27,Langhorne,42.0,22.0,,Mike Magill,–,'52 Hudson,28.0,,spindle,0.0
1952,27,Langhorne,43.0,11.0,,Jimmie Lewallen,Eanes Motor Co. (John Eanes),'52 Oldsmobile,27.0,,rear end,0.0
1952,27,Langhorne,44.0,7.0,87.0,Buck Baker,Buck Baker,'51 Ford,26.0,,overheating,0.0
1952,28,Dayton,1.0,3.0,120.0,Dick Rathmann,Walt Chapman,'51 Hudson,300.0,1500.0,running,37.0
1952,28,Dayton,2.0,12.0,42.0,Lee Petty,Petty Enterprises,'51 Plymouth,300.0,1000.0,running,2.0
1952,28,Dayton,3.0,13.0,24.0,Ray Duhigg,Southern Motors (J.O. Goode),'50 Plymouth,297.0,700.0,running,0.0
1952,28,Dayton,4.0,7.0,59.0,Lloyd Moore,Julian Buesink,'51 Ford,295.0,600.0,running,0.0
1952,28,Dayton,5.0,4.0,92.0,Herb Thomas,Fabulous Hudson Hornet (Herb Thomas),'52 Hudson,293.0,350.0,running,0.0
1952,28,Dayton,6.0,2.0,91.0,Tim Flock,Ted Chester,'52 Hudson,291.0,275.0,running,0.0
1952,28,Dayton,7.0,16.0,,Iggy Katona,Bill Caltrider,'51 Plymouth,286.0,175.0,running,0.0
1952,28,Dayton,8.0,15.0,77.0,Dick Passwater,Frank Arford,'51 Oldsmobile,286.0,150.0,running,0.0
1952,28,Dayton,9.0,14.0,18.0,Ed Benedict,Ed Benedict,'51 Hudson,284.0,100.0,running,0.0
1952,28,Dayton,10.0,19.0,,Hershel White,–,'50 Plymouth,283.0,75.0,running,0.0
1952,28,Dayton,11.0,8.0,58.0,Johnny Patterson,H.B. Ranier,'51 Hudson,280.0,50.0,running,0.0
1952,28,Dayton,12.0,17.0,,Nelson Stacy,–,'50 Ford,277.0,50.0,running,0.0
1952,28,Dayton,13.0,22.0,,Jack Harrison,–,'50 Ford,277.0,50.0,running,0.0
1952,28,Dayton,14.0,25.0,,Bobby Dugan,–,'49 Ford,275.0,50.0,running,0.0
1952,28,Dayton,15.0,21.0,,Mike Ernest,–,'50 Oldsmobile,268.0,50.0,running,0.0
1952,28,Dayton,16.0,1.0,14.0,Fonty Flock,Air Lift Special (Frank Christian),'51 Oldsmobile,263.0,25.0,gas tank,261.0
1952,28,Dayton,17.0,9.0,,Charles Weidler,–,'50 Plymouth,259.0,25.0,running,0.0
1952,28,Dayton,18.0,27.0,,Tommy Thompson,–,'52 Buick,256.0,25.0,running,0.0
1952,28,Dayton,19.0,23.0,,Ray Atkinson,–,'49 Ford,255.0,25.0,running,0.0
1952,28,Dayton,20.0,28.0,,Don Kent,–,'49 Hudson,255.0,25.0,running,0.0
1952,28,Dayton,21.0,18.0,107.0,Bruce Atchley,Bruce Atchley,'51 Hudson,155.0,25.0,running,0.0
1952,28,Dayton,22.0,30.0,,George Hufford,–,'50 Plymouth,148.0,25.0,running,0.0
1952,28,Dayton,23.0,11.0,118.0,Bucky Sager,Ed Benedict,'52 Hudson,145.0,25.0,engine,0.0
1952,28,Dayton,24.0,26.0,,Al Smith,–,'52 Nash,125.0,25.0,wheels,0.0
1952,28,Dayton,25.0,6.0,55.0,Bub King,Bub King,'52 Hudson,109.0,25.0,rod out,0.0
1952,28,Dayton,26.0,24.0,167.0,Elton Hildreth,Hildreth Motors (Elton Hildreth),'51 Nash,94.0,25.0,a frame,0.0
1952,28,Dayton,27.0,20.0,,Mel Cook,–,'50 Hudson,38.0,25.0,overheating,0.0
1952,28,Dayton,28.0,29.0,,Buddy Cox,–,'49 Ford,29.0,25.0,spindle,0.0
1952,28,Dayton,29.0,5.0,4.0,Slick Smith,Air Lift Special (Frank Christian),'50 Oldsmobile,20.0,25.0,engine,0.0
1952,28,Dayton,30.0,10.0,3.0,Ray Erickson,–,'51 Hudson,1.0,25.0,clutch,0.0
1952,29,Wilson,1.0,1.0,92.0,Herb Thomas,Fabulous Hudson Hornet (Herb Thomas),'52 Hudson,200.0,1000.0,running,–
1952,29,Wilson,2.0,8.0,42.0,Lee Petty,Petty Enterprises,'51 Plymouth,199.0,700.0,running,–
1952,29,Wilson,3.0,13.0,2.0,Bill Blair,George Hutchens,'52 Oldsmobile,199.0,450.0,running,–
1952,29,Wilson,4.0,11.0,12.0,Jim Paschal,Buckshot Morris,'52 Oldsmobile,199.0,350.0,running,–
1952,29,Wilson,5.0,9.0,120.0,Dick Rathmann,Walt Chapman,'52 Hudson,198.0,200.0,running,–
1952,29,Wilson,6.0,3.0,17.0,Buddy Shuman,Buddy Shuman,'52 Hudson,196.0,150.0,running,–
1952,29,Wilson,7.0,4.0,91.0,Tim Flock,Ted Chester,'52 Hudson,192.0,125.0,running,–
1952,29,Wilson,8.0,7.0,4.0,Slick Smith,Air Lift Special (Frank Christian),'51 Oldsmobile,186.0,100.0,running,–
1952,29,Wilson,9.0,2.0,32.0,Jimmie Lewallen,R.G. Shelton,'52 Hudson,172.0,75.0,running,–
1952,29,Wilson,10.0,22.0,71.0,Coleman Lawrence,Coleman Lawrence,'50 Plymouth,164.0,50.0,running,–
1952,29,Wilson,11.0,19.0,,Earl Moss,–,'51 Plymouth,162.0,25.0,tie rod,–
1952,29,Wilson,12.0,21.0,19.0,Fred Dove,Fred Dove,'49 Buick,161.0,25.0,spindle,–
1952,29,Wilson,13.0,17.0,167.0,Elton Hildreth,Hildreth Motors (Elton Hildreth),'51 Nash,151.0,25.0,steering,–
1952,29,Wilson,14.0,15.0,24.0,Ray Duhigg,Southern Motors (J.O. Goode),'51 Plymouth,115.0,25.0,rear end,–
1952,29,Wilson,15.0,6.0,118.0,Bucky Sager,Ed Benedict,'51 Hudson,105.0,25.0,head,–
1952,29,Wilson,16.0,12.0,11.0,Fireball Roberts,Ed Saverance,'51 Ford,81.0,25.0,rr axle,–
1952,29,Wilson,17.0,18.0,,Weldon Adams,Weldon Adams,'51 Plymouth,51.0,25.0,brakes,–
1952,29,Wilson,18.0,5.0,14.0,Fonty Flock,Air Lift Special (Frank Christian),'52 Oldsmobile,34.0,25.0,brakes,–
1952,29,Wilson,19.0,20.0,,Coleman Grant,–,'51 Ford,28.0,25.0,rr axle,–
1952,29,Wilson,20.0,16.0,,Charles Weidler,–,'51 Hudson,27.0,25.0,head,–
1952,29,Wilson,21.0,10.0,87.0,Buck Baker,Buck Baker,'52 Ford,23.0,25.0,rr axle,–
1952,29,Wilson,22.0,15.0,107.0,Bruce Atchley,Bruce Atchley,'51 Hudson,12.0,25.0,crash,–
1952,30,Hillsboro,1.0,4.0,14.0,Fonty Flock,Air Lift (Frank Christian),'52 Oldsmobile,150.0,1200.0,running,144.0
1952,30,Hillsboro,2.0,7.0,9.0,Donald Thomas,Fabulous Hudson Hornet (Herb Thomas),'52 Hudson,150.0,700.0,running,0.0
1952,30,Hillsboro,3.0,1.0,2.0,Bill Blair,George Hutchens,'52 Oldsmobile,150.0,500.0,running,6.0
1952,30,Hillsboro,4.0,5.0,91.0,Tim Flock,Ted Chester,'52 Hudson,149.0,450.0,running,0.0
1952,30,Hillsboro,5.0,9.0,42.0,Lee Petty,Petty Enterprises,'51 Plymouth,147.0,400.0,running,0.0
1952,30,Hillsboro,6.0,11.0,55.0,Bub King,Carl Lay Motors (Bub King),'51 Hudson,143.0,320.0,running,0.0
1952,30,Hillsboro,7.0,18.0,24.0,Ray Duhigg,Southern Motors (J.O. Goode),'51 Plymouth,140.0,250.0,running,0.0
1952,30,Hillsboro,8.0,20.0,41.0,Slick Smith,Air Lift (Frank Christian),'51 Oldsmobile,139.0,150.0,running,0.0
1952,30,Hillsboro,9.0,29.0,19.0,Fred Dove,Fred Dove,'49 Buick,139.0,125.0,running,0.0
1952,30,Hillsboro,10.0,17.0,16.0,George Bush,A.J. Lorenzo,'52 Oldsmobile,138.0,100.0,running,0.0
1952,30,Hillsboro,11.0,13.0,,Clyde Minter,Paul Nunn,'52 Packard,136.0,75.0,running,0.0
1952,30,Hillsboro,12.0,19.0,93.0,Ted Chamberlain,Ted Chamberlain,'50 Plymouth,135.0,75.0,running,0.0
1952,30,Hillsboro,13.0,24.0,167.0,Elton Hildreth,Hildreth Motors (Elton Hildreth),'51 Nash,133.0,75.0,running,0.0
1952,30,Hillsboro,14.0,23.0,98.0,Ewell Weddle,Ewell Weddle,'51 Plymouth,131.0,75.0,running,0.0
1952,30,Hillsboro,15.0,22.0,4.0,Otis Martin,Otis Martin,'50 Plymouth,131.0,75.0,running,0.0
1952,30,Hillsboro,16.0,26.0,71.0,Coleman Lawrence,Coleman Lawrence,'50 Plymouth,125.0,50.0,running,0.0
1952,30,Hillsboro,17.0,6.0,12.0,Jim Paschal,Buckshot Morris,'52 Oldsmobile,117.0,50.0,rear end,0.0
1952,30,Hillsboro,18.0,12.0,58.0,Johnny Patterson,H.B. Ranier,'52 Hudson,105.0,50.0,steering,0.0
1952,30,Hillsboro,19.0,25.0,96.0,Lucky Sawyer,–,'51 Plymouth,96.0,50.0,radiator,0.0
1952,30,Hillsboro,20.0,2.0,32.0,Jimmie Lewallen,R.G. Shelton,'52 Hudson,74.0,50.0,lr hub,0.0
1952,30,Hillsboro,21.0,14.0,,Joe Eubanks,–,'51 Ford,74.0,25.0,overheating,0.0
1952,30,Hillsboro,22.0,27.0,,Coleman Grant,–,'51 Plymouth,68.0,25.0,rr hub,0.0
1952,30,Hillsboro,23.0,8.0,,Ted Swaim,–,'51 Plymouth,65.0,25.0,fan belt,0.0
1952,30,Hillsboro,24.0,10.0,46.0,Ralph Liguori,Ralph Liguori,'51 Oldsmobile,51.0,25.0,crash,0.0
1952,30,Hillsboro,25.0,16.0,107.0,Dick Rathmann,Bruce Atchley,'51 Hudson,48.0,25.0,mount,0.0
1952,30,Hillsboro,26.0,28.0,,Albert Price,–,'50 Ford,37.0,25.0,overheating,0.0
1952,30,Hillsboro,27.0,3.0,92.0,Herb Thomas,Fabulous Hudson Hornet (Herb Thomas),'51 Hudson,23.0,25.0,rr hub,0.0
1952,30,Hillsboro,28.0,16.0,,Walt Ragan,–,'51 Hudson,13.0,25.0,rr axle,0.0
1952,30,Hillsboro,29.0,21.0,,Cotton Owens,–,'51 Ford,12.0,25.0,gas tank,0.0
1952,31,Martinsville,1.0,2.0,92.0,Herb Thomas,Fabulous Hudson Hornet (Herb Thomas),'52 Hudson,200.0,1000.0,running,56.0
1952,31,Martinsville,2.0,4.0,14.0,Fonty Flock,Air Lift (Frank Christian),'52 Oldsmobile,200.0,700.0,running,42.0
1952,31,Martinsville,3.0,11.0,42.0,Lee Petty,Petty Enterprises,'52 Plymouth,199.0,450.0,running,0.0
1952,31,Martinsville,4.0,5.0,91.0,Tim Flock,Ted Chester,'52 Hudson,195.0,350.0,running,0.0
1952,31,Martinsville,5.0,6.0,58.0,Johnny Patterson,H.B. Ranier,'52 Hudson,194.0,200.0,running,0.0
1952,31,Martinsville,6.0,12.0,2.0,Bill Blair,George Hutchens,'52 Oldsmobile,193.0,150.0,running,0.0
1952,31,Martinsville,7.0,22.0,43.0,Julian Petty,Julian Petty,'51 Plymouth,193.0,125.0,running,0.0
1952,31,Martinsville,8.0,14.0,,Clyde Minter,Paul Nunn,'52 Packard,192.0,100.0,running,0.0
1952,31,Martinsville,9.0,16.0,,Cotton Owens,–,'51 Ford,192.0,75.0,running,0.0
1952,31,Martinsville,10.0,8.0,46.0,Ralph Liguori,Ralph Liguori,'52 Oldsmobile,191.0,50.0,running,0.0
1952,31,Martinsville,11.0,28.0,93.0,Ted Chamberlain,Ted Chamberlain,'50 Plymouth,188.0,25.0,running,0.0
1952,31,Martinsville,12.0,23.0,98.0,Ewell Weddle,Ewell Weddle,'52 Plymouth,188.0,25.0,running,0.0
1952,31,Martinsville,13.0,10.0,12.0,Jim Paschal,Buckshot Morris,'52 Oldsmobile,182.0,25.0,running,0.0
1952,31,Martinsville,14.0,29.0,,Coleman Grant,–,'51 Plymouth,179.0,25.0,running,0.0
1952,31,Martinsville,15.0,26.0,71.0,Coleman Lawrence,Coleman Lawrence,'50 Plymouth,175.0,25.0,running,0.0
1952,31,Martinsville,16.0,7.0,120.0,Dick Rathmann,Walt Chapman,'52 Hudson,173.0,25.0,rr axle,102.0
1952,31,Martinsville,17.0,21.0,68.0,Clyde Pittinger,Clyde Pittinger,'50 Plymouth,163.0,25.0,running,0.0
1952,31,Martinsville,18.0,13.0,9.0,Donald Thomas,Fabulous Hudson Hornet (Herb Thomas),'52 Hudson,155.0,25.0,water pump,0.0
1952,31,Martinsville,19.0,25.0,8.0,Gene Comstock,Gene Comstock,'52 Hudson,152.0,25.0,crash,0.0
1952,31,Martinsville,20.0,24.0,,Bob Welborn,Julian Petty,'51 Plymouth,137.0,25.0,steering,0.0
1952,31,Martinsville,21.0,20.0,55.0,Bub King,Bub King,'52 Hudson,120.0,25.0,running,0.0
1952,31,Martinsville,22.0,1.0,22.0,Perk Brown,R.G. Shelton,'52 Hudson,96.0,25.0,springs,0.0
1952,31,Martinsville,23.0,15.0,138.0,Fred Dove,Fred Dove,'49 Buick,83.0,25.0,overheating,0.0
1952,31,Martinsville,24.0,3.0,82.0,Joe Eubanks,Oates Motor Co. (Phil Oates),'52 Hudson,80.0,25.0,rear end,0.0
1952,31,Martinsville,25.0,9.0,32.0,Jimmie Lewallen,R.G. Shelton,'52 Hudson,78.0,25.0,rf hub,0.0
1952,31,Martinsville,26.0,18.0,167.0,Elton Hildreth,Hildreth Motors (Elton Hildreth),'51 Nash,74.0,25.0,brakes,0.0
1952,31,Martinsville,27.0,19.0,89.0,Buddy Shuman,B.A. Pless,'52 Hudson,37.0,25.0,crash,0.0
1952,31,Martinsville,28.0,17.0,96.0,Lucky Sawyer,–,'51 Plymouth,37.0,25.0,radiator,0.0
1952,31,Martinsville,29.0,27.0,90.0,Jack Holloway,Jack Holloway,'50 Plymouth,12.0,25.0,crash,0.0
1952,32,North Wilkesboro,1.0,1.0,9.0,Herb Thomas,Fabulous Hudson Hornet (Herb Thomas),'52 Hudson,200.0,1000.0,running,192.0
1952,32,North Wilkesboro,2.0,2.0,14.0,Fonty Flock,Air Lift (Frank Christian),'52 Oldsmobile,200.0,700.0,running,8.0
1952,32,North Wilkesboro,3.0,6.0,92.0,Donald Thomas,Fabulous Hudson Hornet (Herb Thomas),'52 Hudson,200.0,450.0,running,0.0
1952,32,North Wilkesboro,4.0,4.0,91.0,Tim Flock,Blackburn Auto Service (Ted Chester),'51 Hudson,199.0,350.0,running,0.0
1952,32,North Wilkesboro,5.0,8.0,120.0,Dick Rathmann,Walt Chapman,'52 Hudson,194.0,200.0,running,0.0
1952,32,North Wilkesboro,6.0,15.0,44.0,Jimmie Lewallen,Julian Petty,'51 Plymouth,193.0,150.0,running,0.0
1952,32,North Wilkesboro,7.0,3.0,22.0,Perk Brown,Friendly Motors (R.G. Shelton),'52 Hudson,190.0,125.0,running,0.0
1952,32,North Wilkesboro,8.0,20.0,19.0,Fred Dove,Sam Nunn,'52 Packard,188.0,100.0,running,0.0
1952,32,North Wilkesboro,9.0,12.0,55.0,Bub King,Bub King,'51 Hudson,183.0,75.0,crash,0.0
1952,32,North Wilkesboro,10.0,27.0,71.0,Coleman Lawrence,Coleman Lawrence,'50 Plymouth,172.0,50.0,running,0.0
1952,32,North Wilkesboro,11.0,22.0,,J.C. White,–,'50 Ford,164.0,25.0,running,0.0
1952,32,North Wilkesboro,12.0,19.0,24.0,Bob Welborn,Southern Motors (J.O. Goode),'51 Plymouth,161.0,25.0,spindle,0.0
1952,32,North Wilkesboro,13.0,14.0,42.0,Lee Petty,Petty Enterprises,'51 Plymouth,148.0,25.0,spindle,0.0
1952,32,North Wilkesboro,14.0,17.0,98.0,Ewell Weddle,Ewell Weddle,'51 Plymouth,146.0,25.0,wheel,0.0
1952,32,North Wilkesboro,15.0,24.0,,Coleman Grant,–,'51 Plymouth,146.0,25.0,running,0.0
1952,32,North Wilkesboro,16.0,10.0,89.0,Buck Baker,B.A. Pless,'51 Hudson,143.0,25.0,spindle,0.0
1952,32,North Wilkesboro,17.0,18.0,167.0,Elton Hildreth,Hildreth Motors (Elton Hildreth),'51 Nash,126.0,25.0,lf hub,0.0
1952,32,North Wilkesboro,18.0,13.0,12.0,Jim Paschal,Buckshot Morris,'52 Oldsmobile,122.0,25.0,crash,0.0
1952,32,North Wilkesboro,19.0,11.0,82.0,Joe Eubanks,Oates Motor Co. (Phil Oates),'52 Hudson,114.0,25.0,steering,0.0
1952,32,North Wilkesboro,20.0,26.0,93.0,Ted Chamberlain,Ted Chamberlain,'50 Plymouth,88.0,25.0,arm,0.0
1952,32,North Wilkesboro,21.0,23.0,16.0,George Bush,A.J. Lorenzo,'52 Oldsmobile,67.0,25.0,gears,0.0
1952,32,North Wilkesboro,22.0,7.0,46.0,Ralph Liguori,Ralph Liguori,'52 Oldsmobile,66.0,25.0,fuel pump,0.0
1952,32,North Wilkesboro,23.0,5.0,77.0,Dick Passwater,Frank Arford,'52 Oldsmobile,62.0,25.0,fuel pump,0.0
1952,32,North Wilkesboro,24.0,16.0,,Charles Barry,O.C. Francis,'51 Plymouth,44.0,25.0,wheel,0.0
1952,32,North Wilkesboro,25.0,21.0,,Paul Richardson,–,'51 Oldsmobile,39.0,25.0,crash,0.0
1952,32,North Wilkesboro,26.0,9.0,2.0,Bill Blair,George Hutchens,'52 Oldsmobile,15.0,25.0,spindle,0.0
1952,32,North Wilkesboro,27.0,25.0,94.0,J.O. Staton,Smith Auto Parts (Louise Smith),'51 Ford,10.0,25.0,overheating,0.0
1952,33,Atlanta,1.0,1.0,9.0,Donald Thomas,Fabulous Hudson Hornet (Herb Thomas),'52 Hudson,100.0,1000.0,running,9.0
1952,33,Atlanta,2.0,9.0,42.0,Lee Petty,Petty Enterprises,'51 Plymouth,100.0,700.0,running,5.0
1952,33,Atlanta,3.0,18.0,82.0,Joe Eubanks,Oates Motor Co. (Phil Oates),'52 Hudson,100.0,450.0,running,0.0
1952,33,Atlanta,4.0,4.0,91.0,Tim Flock,Ted Chester,'52 Hudson,99.0,385.0,running,0.0
1952,33,Atlanta,5.0,24.0,51.0,Gober Sosebee,Cherokee Garage (Sam Knox),'52 Chrysler,98.0,200.0,running,0.0
1952,33,Atlanta,6.0,6.0,120.0,Jack Smith,Walt Chapman,'52 Hudson,98.0,150.0,running,0.0
1952,33,Atlanta,7.0,22.0,6.0,George Bush,A.J. Lorenzo,'52 Oldsmobile,96.0,120.0,running,0.0
1952,33,Atlanta,8.0,23.0,46.0,Ralph Liguori,Ralph Liguori,'52 Oldsmobile,96.0,95.0,running,0.0
1952,33,Atlanta,9.0,20.0,8.0,Gene Comstock,Gene Comstock,'51 Hudson,94.0,70.0,running,0.0
1952,33,Atlanta,10.0,12.0,55.0,Bub King,Bub King,'51 Hudson,94.0,70.0,running,0.0
1952,33,Atlanta,11.0,21.0,93.0,Ted Chamberlain,Ted Chamberlain,'50 Plymouth,92.0,45.0,running,0.0
1952,33,Atlanta,12.0,7.0,,Jimmie Lewallen,–,'51 Ford,88.0,45.0,running,0.0
1952,33,Atlanta,13.0,2.0,92.0,Herb Thomas,Fabulous Hudson Hornet (Herb Thomas),'52 Hudson,86.0,80.0,axle,83.0
1952,33,Atlanta,14.0,8.0,2.0,Dick Rathmann,George Hutchens,'52 Oldsmobile,85.0,45.0,running,0.0
1952,33,Atlanta,15.0,17.0,22.0,Perk Brown,R.G. Shelton,'52 Hudson,77.0,45.0,piston,0.0
1952,33,Atlanta,16.0,19.0,17.0,Buddy Shuman,Buddy Shuman,'51 Plymouth,72.0,25.0,gasket,0.0
1952,33,Atlanta,17.0,13.0,19.0,Fred Dove,Sam Nunn,'52 Packard,68.0,40.0,tie rod,0.0
1952,33,Atlanta,18.0,11.0,16.0,Fireball Roberts,Bill Snowden,'52 Hudson,53.0,25.0,spindle,0.0
1952,33,Atlanta,19.0,3.0,14.0,Fonty Flock,Air Lift Special (Frank Christian),'52 Oldsmobile,45.0,65.0,driveshaft,3.0
1952,33,Atlanta,20.0,5.0,81.0,Roscoe Thompson,Bishop Brothers,'51 Studebaker,33.0,50.0,rr hub,0.0
1952,33,Atlanta,21.0,14.0,24.0,Bob Welborn,J.O. Goode,'51 Plymouth,26.0,40.0,brakes,0.0
1952,33,Atlanta,22.0,10.0,12.0,Bill Blair,George Hutchens,'52 Oldsmobile,22.0,25.0,crash,0.0
1952,33,Atlanta,23.0,15.0,63.0,Mike Magill,Blackbunt Service,'51 Plymouth,22.0,25.0,crash,0.0
1952,33,Atlanta,24.0,16.0,,Robert Wiesemeyer,–,'51 Chrysler,9.0,25.0,disqualified,0.0
1952,34,W. Palm Beach,1.0,1.0,92,Herb Thomas,Fabulous Hudson Hornet (Herb Thomas),'52 Hudson,200.0,1000.0,running,200.0
1952,34,W. Palm Beach,2.0,4.0,14,Fonty Flock,Air Lift Special (Frank Christian),'52 Oldsmobile,198.0,700.0,running,0.0
1952,34,W. Palm Beach,3.0,3.0,22,Perk Brown,R.G. Shelton,'52 Hudson,196.0,450.0,running,0.0
1952,34,W. Palm Beach,4.0,8.0,42,Lee Petty,Petty Enterprises,'51 Plymouth,194.0,350.0,running,0.0
1952,34,W. Palm Beach,5.0,12.0,2,Marion Edwards,–,'50 Dodge,183.0,200.0,running,0.0
1952,34,W. Palm Beach,6.0,15.0,34,Rags Carter,–,'51 Plymouth,183.0,150.0,running,0.0
1952,34,W. Palm Beach,7.0,10.0,13,Pop McGinnis,Irving Frye,'51 Hudson,180.0,125.0,running,0.0
1952,34,W. Palm Beach,8.0,5.0,46,Ralph Liguori,Ralph Liguori,'52 Oldsmobile,174.0,100.0,running,0.0
1952,34,W. Palm Beach,9.0,14.0,3,Allan Clarke,–,'50 Chevrolet,170.0,75.0,crash,0.0
1952,34,W. Palm Beach,10.0,16.0,116,George Bush,A.J. Lorenzo,'52 Oldsmobile,170.0,50.0,crash,0.0
1952,34,W. Palm Beach,11.0,6.0,23,Al Keller,–,'50 Oldsmobile,167.0,25.0,wheel,0.0
1952,34,W. Palm Beach,12.0,2.0,91,Tim Flock,Ted Chester,'52 Hudson,164.0,25.0,crash,0.0
1952,34,W. Palm Beach,13.0,18.0,T-2,Hank Tillman,–,'50 Ford,160.0,25.0,running,0.0
1952,34,W. Palm Beach,14.0,11.0,55,Dub Livingston,Dub Livingston,'53 Dodge,152.0,25.0,wheel,0.0
1952,34,W. Palm Beach,15.0,13.0,118,Oda Greene,Oda Greene,'52 Hudson,134.0,25.0,rf hub,0.0
1952,34,W. Palm Beach,16.0,9.0,16,Banjo Matthews,Bill Snowden,'52 Hudson,104.0,25.0,overheating,0.0
1952,34,W. Palm Beach,17.0,7.0,6,Jimmie Lewallen,–,'51 Ford,97.0,25.0,gasket,0.0
1952,34,W. Palm Beach,18.0,19.0,9,Smokey Yunick,Fabulous Hudson Hornet (Herb Thomas),'52 Hudson,7.0,25.0,ignition,0.0
1952,34,W. Palm Beach,19.0,17.0,33,Hank Pollard,–,'50 Ford,4.0,25.0,radiator,0.0
