Season,Race,Track,Pos,St,#,Driver,Sponsor / Owner,Car,Laps,Money,Status,Led,Pts
1983,1,Daytona,1.0,5.0,17.0,Darrell Waltrip,Pepsi (Darrell Waltrip),Pontiac,120.0,16100.0,running,10.0,180.0
1983,1,Daytona,2.0,11.0,89.0,Geoffrey Bodine,Plessinger Racing,Pontiac,120.0,11405.0,running,1.0,170.0
1983,1,Daytona,3.0,7.0,75.0,Neil Bonnett,Warner Hodgdon (Butch Mock),Pontiac,120.0,9045.0,running,11.0,165.0
1983,1,Daytona,4.0,8.0,28.0,Phil Parsons,Skoal Bandit (Johnny Hayes),Pontiac,120.0,18700.0,running,10.0,160.0
1983,1,Daytona,5.0,3.0,7.0,Morgan Shepherd,Valvring (Ed Whitaker),Oldsmobile,120.0,6700.0,running,43.0,155.0
1983,1,Daytona,6.0,1.0,0.0,Sam Ard,Thomas Brothers Country Ham (Howard Thomas),Oldsmobile,120.0,15150.0,running,24.0,150.0
1983,1,Daytona,7.0,10.0,12.0,Tommy Ellis,Industrial Boiler (Marilyn Smith),Pontiac,120.0,12150.0,running,0.0,146.0
1983,1,Daytona,8.0,2.0,82.0,Joe Ruttman,Levi Garrett,Pontiac,120.0,4025.0,running,7.0,142.0
1983,1,Daytona,9.0,23.0,21.0,Larry Pearson,Chattanooga Chew (David Pearson),Pontiac,119.0,3550.0,running,0.0,138.0
1983,1,Daytona,10.0,28.0,6.0,Tommy Houston,UNO / Mason Day Paving (Mike Day),Oldsmobile,118.0,9550.0,running,0.0,134.0
1983,1,Daytona,11.0,18.0,26.0,John Utsman,Gwyn Racing (C.B. Gwyn),Oldsmobile,118.0,3030.0,running,0.0,130.0
1983,1,Daytona,12.0,21.0,8.0,Ken Bouchard,Ed's Auto Machine,Pontiac,118.0,2780.0,running,0.0,127.0
1983,1,Daytona,13.0,13.0,1.0,Pete Silva,New Con Leasing (Lindy White),Pontiac,117.0,6580.0,running,0.0,124.0
1983,1,Daytona,14.0,26.0,32.0,Dale Jarrett,Pet Dairy (Horace Isenhower),Pontiac,117.0,5640.0,running,0.0,121.0
1983,1,Daytona,15.0,19.0,29.0,Satch Worley,Arrington Racing (Chubby Arrington),Dodge,117.0,2255.0,running,0.0,118.0
1983,1,Daytona,16.0,22.0,66.0,Darryl Sage,Sage Racing,Pontiac,117.0,2130.0,running,0.0,115.0
1983,1,Daytona,17.0,9.0,88.0,Bobby Allison,Plessinger Racing (Frank Plessinger),Pontiac,116.0,2080.0,running,3.0,112.0
1983,1,Daytona,18.0,32.0,52.0,Steve Lawrence,Matson Pool Manufacturing,Pontiac,116.0,4105.0,running,0.0,109.0
1983,1,Daytona,19.0,25.0,3.0,J.D. McDuffie,Precision Walls,Chevrolet,116.0,1980.0,running,0.0,106.0
1983,1,Daytona,20.0,27.0,95.0,Bubba Nissen,Metro,Pontiac,116.0,2930.0,running,0.0,103.0
1983,1,Daytona,21.0,6.0,15.0,Dale Earnhardt,Wrangler (Robert Gee),Pontiac,113.0,2380.0,running,11.0,100.0
1983,1,Daytona,22.0,40.0,42.0,Allan Powell,Weast Racing,Pontiac,113.0,3630.0,running,0.0,97.0
1983,1,Daytona,23.0,36.0,86.0,Mike Watts,Hartsell's Auto Center (Mike Watts),Pontiac,112.0,1780.0,running,0.0,94.0
1983,1,Daytona,24.0,39.0,65.0,Bill Venturini,B & V Racing Enterprise (Cathy Venturini),Pontiac,110.0,1730.0,running,0.0,91.0
1983,1,Daytona,25.0,29.0,4.0,Joe Thurman,Thurman Enterprises (Johnny Davis),Pontiac,108.0,2180.0,running,0.0,88.0
1983,1,Daytona,26.0,30.0,57.0,Ken Ragan,Ragan Chevrolet (Marvin Ragan),Pontiac,100.0,1580.0,running,0.0,85.0
1983,1,Daytona,27.0,33.0,9.0,Bob Shreeves,Denmark Racing (Bob Shreeves),Pontiac,95.0,4080.0,rear end,0.0,82.0
1983,1,Daytona,28.0,15.0,24.0,Glenn Jarrett,Thackston Racing (Marvin Thackston),Ford,84.0,1480.0,running,0.0,79.0
1983,1,Daytona,29.0,34.0,33.0,George Dalton,Lowery Chevrolet (George Dalton),Pontiac,78.0,2255.0,running,0.0,76.0
1983,1,Daytona,30.0,20.0,72.0,Tommy Hilbert,Lebanon Friends (Tommy Hilbert),Pontiac,74.0,1405.0,vibration,0.0,73.0
1983,1,Daytona,31.0,35.0,62.0,John Linville,Automotive Specialist (John Linville),Pontiac,74.0,1380.0,running,0.0,70.0
1983,1,Daytona,32.0,37.0,8.0,Mike Riley,TGR Enterprises,Pontiac,54.0,1355.0,clutch,0.0,67.0
1983,1,Daytona,33.0,16.0,1.0,Butch Lindley,Zervakis Racing (Emanuel Zervakis),Oldsmobile,45.0,3630.0,brakes,0.0,64.0
1983,1,Daytona,34.0,24.0,92.0,David Rogers,Rogers Racing (David Rogers),Pontiac,41.0,1305.0,engine,0.0,61.0
1983,1,Daytona,35.0,38.0,50.0,Larry Hoopaugh,Cox Racing (Marion Cox),Ford,36.0,1280.0,timing chain,0.0,58.0
1983,1,Daytona,36.0,31.0,44.0,Rick Hanley,Britt Racing,Pontiac,29.0,1370.0,engine,0.0,55.0
1983,1,Daytona,37.0,14.0,85.0,Randy Tissot,City Salvage Auto Parts,Pontiac,23.0,1260.0,engine,0.0,52.0
1983,1,Daytona,38.0,12.0,11.0,Jack Ingram,J.W. Hunt Produce (Jack Ingram),Oldsmobile,7.0,4650.0,dry sump,0.0,49.0
1983,1,Daytona,39.0,17.0,6.0,Rodney Howard,Big Daddy's,Pontiac,7.0,1315.0,crash,0.0,46.0
1983,1,Daytona,40.0,4.0,3.0,Mike Porter,Wendy's,Pontiac,1.0,2455.0,engine,0.0,43.0
1983,2,Richmond,1.0,1,0.0,Sam Ard,Thomas Brothers Country Ham (Howard Thomas),Oldsmobile,150.0,4500.0,running,–,180.0
1983,2,Richmond,2.0,–,6.0,Tommy Houston,Mike Day,Chevrolet,150.0,2750.0,running,–,170.0
1983,2,Richmond,3.0,–,1.0,Pete Silva,Lindy White,Pontiac,150.0,1400.0,running,–,165.0
1983,2,Richmond,4.0,–,11.0,Jack Ingram,Jack Ingram,Pontiac,150.0,2150.0,running,–,160.0
1983,2,Richmond,5.0,–,50.0,Geoffrey Bodine,–,Pontiac,150.0,800.0,running,–,155.0
1983,2,Richmond,6.0,–,20.0,Bosco Lowe,Edgar Ryder,Pontiac,150.0,600.0,running,–,150.0
1983,2,Richmond,7.0,–,28.0,Phil Parsons,Skoal Bandit (Johnny Hayes),Pontiac,149.0,550.0,running,–,146.0
1983,2,Richmond,8.0,–,14.0,Ronnie Silver,Ronnie Silver,Pontiac,149.0,500.0,running,–,142.0
1983,2,Richmond,9.0,–,44.0,Rick Hanley,–,Pontiac,149.0,450.0,running,–,138.0
1983,2,Richmond,10.0,–,6.0,Rodney Howard,–,Pontiac,149.0,400.0,running,–,134.0
1983,2,Richmond,11.0,–,79.0,Orvil Reedy,–,Pontiac,148.0,350.0,running,–,130.0
1983,2,Richmond,12.0,–,16.0,Jimmy Lawson,–,Pontiac,146.0,310.0,running,–,127.0
1983,2,Richmond,13.0,–,45.0,Charlie Luck,Luck Stone (Charlie Luck),Pontiac,146.0,275.0,running,–,124.0
1983,2,Richmond,14.0,–,9.0,Bob Shreeves,Bob Shreeves,Pontiac,143.0,250.0,running,–,121.0
1983,2,Richmond,15.0,–,77.0,Bud Elliott,O.B. Elliott,Oldsmobile,137.0,235.0,dnf,–,118.0
1983,2,Richmond,16.0,–,12.0,Tommy Ellis,Marilyn Smith,Pontiac,109.0,975.0,dnf,–,115.0
1983,2,Richmond,17.0,–,4.0,Eddie Falk,Eddie Falk,Pontiac,100.0,215.0,dnf,–,112.0
1983,2,Richmond,18.0,–,98.0,Morgan Shepherd,J.D. Stacy (Ed Whitaker),Oldsmobile,85.0,210.0,dnf,–,109.0
1983,2,Richmond,19.0,–,22.0,Rick Mast,"Alan Dillard, Jr.",Pontiac,74.0,205.0,dnf,–,106.0
1983,2,Richmond,20.0,–,2.0,Jeff Hensley,–,Pontiac,73.0,200.0,dnf,–,103.0
1983,2,Richmond,21.0,–,24.0,Eddie Johnson,Richard Johnson,Chevrolet,64.0,195.0,dnf,–,100.0
1983,2,Richmond,22.0,–,49.0,Wayne Patterson,–,Chevrolet,58.0,190.0,dnf,–,97.0
1983,2,Richmond,23.0,–,71.0,Bobby Cox,–,Pontiac,40.0,185.0,dnf,–,94.0
1983,2,Richmond,24.0,–,32.0,Dale Jarrett,Horace Isenhower,Pontiac,35.0,180.0,dnf,–,91.0
1983,2,Richmond,25.0,–,63.0,Jimmy Hensley,Hubert Hensley,Pontiac,34.0,175.0,dnf,–,88.0
1983,2,Richmond,26.0,–,7.0,Dickie Boswell,Bob Banning,Pontiac,22.0,170.0,dnf,–,85.0
1983,2,Richmond,27.0,–,1.0,Butch Lindley,Zervakis Racing (Emanuel Zervakis),Pontiac,18.0,915.0,crash,–,82.0
1983,2,Richmond,28.0,–,74.0,Aaron Dudley,Nelson Building Supply (Boyd Nelson),Pontiac,18.0,160.0,crash,–,79.0
1983,2,Richmond,29.0,–,21.0,Robert Ingram,David Pearson,Pontiac,12.0,155.0,dnf,–,76.0
1983,2,Richmond,30.0,–,41.0,Jack Bland,Randall Racing (Tiny Randall),Pontiac,3.0,150.0,dnf,–,73.0
1983,3,Rockingham,1.0,1.0,15.0,Dale Earnhardt,Wrangler (Robert Gee),Pontiac,148.0,7500.0,running,92.0,180.0
1983,3,Rockingham,2.0,7.0,88.0,Bobby Allison,Frank Plessinger,Pontiac,148.0,4250.0,running,0.0,170.0
1983,3,Rockingham,3.0,14.0,1.0,Butch Lindley,Zervakis Racing (Emanuel Zervakis),Oldsmobile,148.0,4250.0,running,0.0,165.0
1983,3,Rockingham,4.0,23.0,34.0,L.D. Ottinger,Fred Kelly,Pontiac,148.0,2550.0,running,0.0,160.0
1983,3,Rockingham,5.0,32.0,70.0,Bosco Lowe,J.D. McDuffie,Pontiac,148.0,1900.0,running,0.0,155.0
1983,3,Rockingham,6.0,2.0,75.0,Neil Bonnett,Hodgdon (Butch Mock),Pontiac,148.0,1700.0,running,41.0,150.0
1983,3,Rockingham,7.0,17.0,6.0,Tommy Houston,Mike Day,Oldsmobile,147.0,2300.0,running,0.0,146.0
1983,3,Rockingham,8.0,4.0,11.0,Jack Ingram,J.W. Hunt Produce (Jack Ingram),Oldsmobile,147.0,2500.0,running,0.0,142.0
1983,3,Rockingham,9.0,10.0,28.0,Phil Parsons,Skoal Bandit (Johnny Hayes),Pontiac,146.0,900.0,running,0.0,138.0
1983,3,Rockingham,10.0,8.0,1.0,Pete Silva,Lindy White,Pontiac,146.0,850.0,running,0.0,134.0
1983,3,Rockingham,11.0,11.0,12.0,Tommy Ellis,Marilyn Smith,Pontiac,146.0,1770.0,running,0.0,130.0
1983,3,Rockingham,12.0,6.0,0.0,Sam Ard,Howard Thomas,Oldsmobile,146.0,1750.0,running,15.0,127.0
1983,3,Rockingham,13.0,12.0,32.0,Dale Jarrett,Pet Dairy (Horace Isenhower),Pontiac,144.0,725.0,running,0.0,124.0
1983,3,Rockingham,14.0,9.0,26.0,John Utsman,C.B. Gwyn,Oldsmobile,144.0,700.0,running,0.0,121.0
1983,3,Rockingham,15.0,20.0,35.0,Barry Bostick,–,Pontiac,141.0,675.0,crash,0.0,118.0
1983,3,Rockingham,16.0,33.0,69.0,Junior Miller,Junior Miller,Buick,140.0,650.0,running,0.0,115.0
1983,3,Rockingham,17.0,29.0,56.0,Howard Rose,H.L. Rose,Pontiac,139.0,600.0,running,0.0,112.0
1983,3,Rockingham,18.0,26.0,67.0,Glen Armstrong,–,Chevrolet,139.0,575.0,running,0.0,109.0
1983,3,Rockingham,19.0,18.0,95.0,Bubba Nissen,–,Pontiac,138.0,550.0,crash,0.0,106.0
1983,3,Rockingham,20.0,28.0,97.0,Harry Lee Hill,Harry Lee Hill,Pontiac,135.0,525.0,crash,0.0,103.0
1983,3,Rockingham,21.0,36.0,61.0,Ronnie Silver,–,Pontiac,133.0,450.0,crash,0.0,100.0
1983,3,Rockingham,22.0,35.0,91.0,Danny Weese,–,Pontiac,131.0,425.0,running,0.0,97.0
1983,3,Rockingham,23.0,5.0,89.0,Geoffrey Bodine,–,Pontiac,118.0,420.0,crash,0.0,94.0
1983,3,Rockingham,24.0,30.0,37.0,Chip Lain,–,Pontiac,103.0,415.0,engine,0.0,91.0
1983,3,Rockingham,25.0,15.0,23.0,Davey Allison,Bobby Allison,Pontiac,91.0,410.0,crash,0.0,88.0
1983,3,Rockingham,26.0,13.0,52.0,Morgan Shepherd,Ed Whitaker,Pontiac,90.0,405.0,crash,0.0,85.0
1983,3,Rockingham,27.0,24.0,86.0,Mike Watts,Mike Watts,Pontiac,87.0,400.0,crash,0.0,82.0
1983,3,Rockingham,28.0,21.0,29.0,Satch Worley,Chubby Arrington,Dodge,73.0,395.0,transmission,0.0,79.0
1983,3,Rockingham,29.0,16.0,24.0,Glenn Jarrett,Marvin Thackston,Ford,69.0,385.0,rear end,0.0,76.0
1983,3,Rockingham,30.0,19.0,50.0,Larry Hoopaugh,Cox Racing (Marion Cox),Ford,67.0,380.0,engine,0.0,73.0
1983,3,Rockingham,31.0,3.0,21.0,Larry Pearson,Chattanooga Chew (David Pearson),Pontiac,37.0,380.0,crash,0.0,70.0
1983,3,Rockingham,32.0,31.0,3.0,J.D. McDuffie,–,Chevrolet,28.0,375.0,steering,0.0,67.0
1983,3,Rockingham,33.0,25.0,33.0,George Dalton,George Dalton,Pontiac,21.0,360.0,engine,0.0,64.0
1983,3,Rockingham,34.0,22.0,42.0,Allan Powell,–,Pontiac,19.0,355.0,brakes,0.0,61.0
1983,3,Rockingham,35.0,34.0,68.0,Lamar Groves,–,Pontiac,8.0,350.0,crash,0.0,58.0
1983,3,Rockingham,36.0,27.0,62.0,John Linville,John Linville,Pontiac,3.0,350.0,oil pump,0.0,55.0
1983,4,Hickory,1.0,1,12.0,Tommy Ellis,Industrial Boiler (Marilyn Smith),Pontiac,200.0,3000.0,running,200.0,180.0
1983,4,Hickory,2.0,2,7.0,Morgan Shepherd,Ed Whitaker,Pontiac,200.0,1800.0,running,0.0,170.0
1983,4,Hickory,3.0,–,0.0,Sam Ard,Howard Thomas,Oldsmobile,200.0,1760.0,running,0.0,165.0
1983,4,Hickory,4.0,–,1.0,Pete Silva,Lindy White,Pontiac,200.0,980.0,running,0.0,160.0
1983,4,Hickory,5.0,–,14.0,Ronnie Silver,Ronnie Silver,Pontiac,200.0,910.0,running,0.0,155.0
1983,4,Hickory,6.0,–,11.0,Jack Ingram,Jack Ingram,Oldsmobile,199.0,1770.0,running,0.0,150.0
1983,4,Hickory,7.0,–,32.0,Dale Jarrett,Horace Isenhower,Pontiac,199.0,750.0,running,0.0,146.0
1983,4,Hickory,8.0,–,28.0,Phil Parsons,Skoal Bandit (Johnny Hayes),Pontiac,197.0,740.0,running,0.0,142.0
1983,4,Hickory,9.0,–,6.0,Rodney Howard,–,Pontiac,197.0,600.0,running,0.0,138.0
1983,4,Hickory,10.0,–,10.0,Gary Neice,Gary Neice,Pontiac,195.0,775.0,running,0.0,134.0
1983,4,Hickory,11.0,–,85.0,Randy Tissot,–,Pontiac,195.0,600.0,running,0.0,130.0
1983,4,Hickory,12.0,–,4.0,Eddie Falk,Eddie Falk,Pontiac,195.0,430.0,running,0.0,127.0
1983,4,Hickory,13.0,–,1.0,Butch Lindley,Zervakis Racing (Emanuel Zervakis),Pontiac,194.0,1030.0,running,0.0,124.0
1983,4,Hickory,14.0,–,,Bob Freeze,–,–,189.0,355.0,running,0.0,121.0
1983,4,Hickory,15.0,–,6.0,Tommy Houston,Mike Day,Oldsmobile,183.0,990.0,running,0.0,118.0
1983,4,Hickory,16.0,–,,Jonathan Lee Edwards,–,–,159.0,295.0,dnf,0.0,115.0
1983,4,Hickory,17.0,–,37.0,Chip Lain,–,Pontiac,159.0,290.0,dnf,0.0,112.0
1983,4,Hickory,18.0,–,22.0,Rick Mast,"Alan Dillard, Jr.",Pontiac,135.0,350.0,dnf,0.0,109.0
1983,4,Hickory,19.0,–,62.0,John Linville,John Linville,Pontiac,133.0,250.0,dnf,0.0,106.0
1983,4,Hickory,20.0,–,66.0,Bennie Davis,–,Chevrolet,131.0,260.0,dnf,0.0,103.0
1983,4,Hickory,21.0,–,9.0,Bob Shreeves,Bob Shreeves,Pontiac,74.0,325.0,dnf,0.0,100.0
1983,4,Hickory,22.0,–,,Richie Rice,–,–,70.0,260.0,dnf,0.0,97.0
1983,4,Hickory,23.0,–,16.0,Jimmy Lawson,–,Pontiac,62.0,280.0,dnf,0.0,94.0
1983,4,Hickory,24.0,–,85.0,Lowe Smith,Lowe Smith,Chevrolet,39.0,300.0,dnf,0.0,91.0
1983,5,Martinsville,1.0,1.0,0.0,Sam Ard,Thomas Brothers Country Ham (Howard Thomas),Oldsmobile,250.0,9200.0,running,212.0,180.0
1983,5,Martinsville,2.0,2.0,7.0,Morgan Shepherd,Ed Whitaker,Oldsmobile,250.0,3725.0,running,0.0,170.0
1983,5,Martinsville,3.0,4.0,11.0,Jack Ingram,Skoal (Jack Ingram),Pontiac,250.0,3375.0,running,0.0,165.0
1983,5,Martinsville,4.0,8.0,4.0,Joe Thurman,Johnny Davis,Pontiac,250.0,1400.0,running,0.0,160.0
1983,5,Martinsville,5.0,7.0,1.0,Pete Silva,Lindy White,Pontiac,250.0,1300.0,running,0.0,155.0
1983,5,Martinsville,6.0,10.0,6.0,Tommy Houston,Mike Day,Chevrolet,249.0,1950.0,running,24.0,150.0
1983,5,Martinsville,7.0,18.0,16.0,Jimmy Lawson,–,Pontiac,249.0,1100.0,running,0.0,146.0
1983,5,Martinsville,8.0,23.0,6.0,Rodney Howard,–,Pontiac,249.0,1125.0,running,0.0,142.0
1983,5,Martinsville,9.0,3.0,12.0,Tommy Ellis,Industrial Boiler (Marilyn Smith),Pontiac,248.0,1775.0,running,14.0,138.0
1983,5,Martinsville,10.0,19.0,19.0,Diane Teel,–,Pontiac,248.0,1000.0,running,0.0,134.0
1983,5,Martinsville,11.0,21.0,14.0,Ronnie Silver,Ronnie Silver,Pontiac,247.0,1055.0,running,0.0,130.0
1983,5,Martinsville,12.0,36.0,62.0,John Linville,John Linville,Pontiac,237.0,985.0,running,0.0,127.0
1983,5,Martinsville,13.0,38.0,69.0,Junior Miller,Junior Miller,Buick,228.0,965.0,running,0.0,124.0
1983,5,Martinsville,14.0,27.0,97.0,Harry Lee Hill,Hayes Jewelers (Harry Lee Hill),Pontiac,226.0,960.0,running,0.0,121.0
1983,5,Martinsville,15.0,31.0,84.0,Ray Huff,Rod Shop (Wallace Sweeney),Pontiac,218.0,930.0,running,0.0,118.0
1983,5,Martinsville,16.0,26.0,28.0,Phil Parsons,Skoal Bandit (Johnny Hayes),Pontiac,204.0,930.0,driveshaft,0.0,115.0
1983,5,Martinsville,17.0,32.0,64.0,Daryl Lacks,Donald Fuqua,Chevrolet,204.0,890.0,rear end,0.0,112.0
1983,5,Martinsville,18.0,40.0,23.0,Tommy Wood,–,Pontiac,164.0,865.0,head gasket,0.0,109.0
1983,5,Martinsville,19.0,14.0,44.0,Rick Hanley,–,Pontiac,156.0,820.0,crash,0.0,106.0
1983,5,Martinsville,20.0,11.0,9.0,Bob Shreeves,Bob Shreeves,Pontiac,155.0,800.0,crash,0.0,103.0
1983,5,Martinsville,21.0,33.0,87.0,Steve Jarvis,Jarvis Racing (Steve Jarvis),Chevrolet,148.0,805.0,crash,0.0,100.0
1983,5,Martinsville,22.0,12.0,63.0,Jimmy Hensley,Hubert Hensley,Pontiac,143.0,760.0,crash,0.0,97.0
1983,5,Martinsville,23.0,34.0,55.0,Jerry Taylor,Trio's Market,Chevrolet,129.0,765.0,rear end,0.0,94.0
1983,5,Martinsville,24.0,9.0,32.0,Dale Jarrett,Horace Isenhower,Pontiac,126.0,720.0,engine,0.0,91.0
1983,5,Martinsville,25.0,35.0,24.0,Glenn Jarrett,Marvin Thackston,Ford,108.0,725.0,overheating,0.0,88.0
1983,5,Martinsville,26.0,15.0,70.0,Jim Dottellis,–,Pontiac,100.0,680.0,brakes,0.0,85.0
1983,5,Martinsville,27.0,16.0,79.0,Orvil Reedy,–,Pontiac,81.0,660.0,engine,0.0,82.0
1983,5,Martinsville,28.0,30.0,51.0,Robert Ingram,–,Pontiac,79.0,670.0,seal,0.0,79.0
1983,5,Martinsville,29.0,28.0,41.0,Jack Bland,Randall Racing (Tiny Randall),Pontiac,78.0,660.0,engine,0.0,76.0
1983,5,Martinsville,30.0,24.0,45.0,Charlie Luck,Luck Stone (Charlie Luck),Pontiac,76.0,650.0,engine,0.0,73.0
1983,5,Martinsville,31.0,25.0,2.0,Jeff Hensley,–,Pontiac,69.0,640.0,engine,0.0,70.0
1983,5,Martinsville,32.0,20.0,10.0,Gary Neice,Gary Neice,Pontiac,44.0,580.0,crash,0.0,67.0
1983,5,Martinsville,33.0,17.0,43.0,"Donny Ling, Jr.",–,Pontiac,43.0,580.0,crash,0.0,64.0
1983,5,Martinsville,34.0,6.0,20.0,Bosco Lowe,Edgar Ryder,Pontiac,39.0,560.0,handling,0.0,61.0
1983,5,Martinsville,35.0,5.0,22.0,Rick Mast,"Alan Dillard, Jr.",Pontiac,36.0,550.0,engine,0.0,58.0
1983,5,Martinsville,36.0,37.0,77.0,Bud Elliott,O.B. Elliott,Pontiac,28.0,565.0,engine,0.0,55.0
1983,5,Martinsville,37.0,13.0,1.0,Butch Lindley,Zervakis Racing (Emanuel Zervakis),Pontiac,27.0,1280.0,steering,0.0,52.0
1983,5,Martinsville,38.0,22.0,4.0,Eddie Falk,Eddie Falk,Pontiac,3.0,595.0,engine,0.0,49.0
1983,5,Martinsville,39.0,29.0,74.0,Aaron Dudley,Nelson Building Supply (Boyd Nelson),Pontiac,2.0,650.0,crash,0.0,46.0
1983,5,Martinsville,40.0,39.0,71.0,Bobby Cox,–,Pontiac,2.0,525.0,crash,0.0,43.0
1983,6,North Wilkesboro,1.0,11,0.0,Sam Ard,Howard Thomas,Oldsmobile,200.0,3250.0,running,167.0,180.0
1983,6,North Wilkesboro,2.0,–,6.0,Tommy Houston,Mike Day,Chevrolet,199.0,2400.0,running,0.0,170.0
1983,6,North Wilkesboro,3.0,–,7.0,Morgan Shepherd,Ed Whitaker,Oldsmobile,199.0,1000.0,running,0.0,165.0
1983,6,North Wilkesboro,4.0,–,1.0,Pete Silva,Lindy White,Pontiac,199.0,850.0,running,0.0,160.0
1983,6,North Wilkesboro,5.0,–,14.0,Ronnie Silver,Ronnie Silver,Oldsmobile,198.0,750.0,running,0.0,155.0
1983,6,North Wilkesboro,6.0,–,11.0,Jack Ingram,Jack Ingram,Pontiac,197.0,1850.0,running,0.0,150.0
1983,6,North Wilkesboro,7.0,–,2.0,Jeff Hensley,–,Pontiac,196.0,650.0,running,0.0,146.0
1983,6,North Wilkesboro,8.0,–,4.0,Joe Thurman,Johnny Davis,Pontiac,195.0,600.0,running,0.0,142.0
1983,6,North Wilkesboro,9.0,–,16.0,Jimmy Lawson,–,Pontiac,195.0,550.0,running,0.0,138.0
1983,6,North Wilkesboro,10.0,–,4.0,Eddie Falk,Eddie Falk,Pontiac,194.0,500.0,running,0.0,134.0
1983,6,North Wilkesboro,11.0,–,28.0,Phil Parsons,Skoal Bandit (Johnny Hayes),Pontiac,166.0,450.0,dnf,0.0,130.0
1983,6,North Wilkesboro,12.0,–,6.0,Rodney Howard,–,Pontiac,162.0,400.0,dnf,0.0,127.0
1983,6,North Wilkesboro,13.0,1,12.0,Tommy Ellis,Marilyn Smith,Pontiac,146.0,1100.0,engine,15.0,124.0
1983,6,North Wilkesboro,14.0,–,32.0,Dale Jarrett,Horace Isenhower,Pontiac,133.0,325.0,dnf,0.0,121.0
1983,6,North Wilkesboro,15.0,–,20.0,Bosco Lowe,Edgar Ryder,Pontiac,128.0,300.0,dnf,0.0,118.0
1983,6,North Wilkesboro,16.0,–,1.0,Butch Lindley,Zervakis Racing (Emanuel Zervakis),Pontiac,126.0,1020.0,engine,18.0,115.0
1983,6,North Wilkesboro,17.0,–,52.0,Steve Lawrence,Matson Pool Manufacturing,Pontiac,115.0,250.0,dnf,0.0,112.0
1983,6,North Wilkesboro,18.0,–,27.0,Mike Messer,–,Pontiac,111.0,230.0,dnf,0.0,109.0
1983,6,North Wilkesboro,19.0,–,41.0,Jack Bland,Randall Racing (Tiny Randall),Pontiac,86.0,225.0,dnf,0.0,106.0
1983,6,North Wilkesboro,20.0,–,82.0,Ralph Morris,–,Pontiac,85.0,220.0,dnf,0.0,103.0
1983,6,North Wilkesboro,21.0,–,22.0,Rick Mast,"Alan Dillard, Jr.",Pontiac,46.0,215.0,dnf,0.0,100.0
1983,6,North Wilkesboro,22.0,–,,Billy Hess,–,Pontiac,1.0,210.0,dnf,0.0,97.0
1983,6,North Wilkesboro,23.0,–,62.0,John Linville,John Linville,Pontiac,1.0,205.0,dnf,0.0,94.0
1983,7,South Boston,1.0,1,12.0,Tommy Ellis,Industrial Boiler (Marilyn Smith),Pontiac,200.0,2500.0,running,75.0,180.0
1983,7,South Boston,2.0,–,20.0,Bosco Lowe,Edgar Ryder,Pontiac,200.0,1400.0,running,0.0,170.0
1983,7,South Boston,3.0,–,10.0,Gary Neice,Gary Neice,Pontiac,199.0,1000.0,running,0.0,165.0
1983,7,South Boston,4.0,–,2.0,Jeff Hensley,–,Pontiac,199.0,850.0,running,0.0,160.0
1983,7,South Boston,5.0,–,4.0,Eddie Falk,Eddie Falk,Pontiac,198.0,750.0,running,0.0,155.0
1983,7,South Boston,6.0,–,63.0,Jimmy Hensley,Hubert Hensley,Pontiac,198.0,700.0,running,0.0,150.0
1983,7,South Boston,7.0,–,7.0,Morgan Shepherd,Ed Whitaker,Pontiac,194.0,650.0,running,102.0,146.0
1983,7,South Boston,8.0,–,39.0,Mitchell Clark,–,Pontiac,193.0,600.0,running,0.0,142.0
1983,7,South Boston,9.0,–,32.0,Dale Jarrett,Horace Isenhower,Pontiac,186.0,550.0,running,0.0,138.0
1983,7,South Boston,10.0,–,1.0,Butch Lindley,Zervakis Racing (Emanuel Zervakis),Pontiac,184.0,1000.0,running,23.0,134.0
1983,7,South Boston,11.0,–,1.0,Pete Silva,Lindy White,Pontiac,183.0,450.0,running,0.0,130.0
1983,7,South Boston,12.0,–,45.0,Charlie Luck,Luck Stone (Charlie Luck),Pontiac,176.0,400.0,running,0.0,127.0
1983,7,South Boston,13.0,–,62.0,John Linville,John Linville,Pontiac,172.0,350.0,dnf,0.0,124.0
1983,7,South Boston,14.0,–,9.0,Bob Shreeves,Bob Shreeves,Pontiac,167.0,325.0,dnf,0.0,121.0
1983,7,South Boston,15.0,–,24.0,Glenn Jarrett,Marvin Thackston,Ford,116.0,300.0,dnf,0.0,118.0
1983,7,South Boston,16.0,–,64.0,Daryl Lacks,Donald Fuqua,Chevrolet,101.0,270.0,dnf,0.0,115.0
1983,7,South Boston,17.0,–,7.0,Dickie Boswell,Bob Banning,Pontiac,89.0,250.0,dnf,0.0,112.0
1983,7,South Boston,18.0,–,14.0,Ronnie Silver,Ronnie Silver,Oldsmobile,86.0,230.0,dnf,0.0,109.0
1983,7,South Boston,19.0,–,22.0,Rick Mast,"Alan Dillard, Jr.",Pontiac,70.0,225.0,dnf,0.0,106.0
1983,7,South Boston,20.0,–,16.0,Jimmy Lawson,–,Pontiac,38.0,220.0,dnf,0.0,103.0
1983,7,South Boston,21.0,–,51.0,Robert Ingram,–,Pontiac,26.0,215.0,dnf,0.0,100.0
1983,7,South Boston,22.0,–,11.0,Jack Ingram,Jack Ingram,Oldsmobile,23.0,1110.0,dnf,0.0,97.0
1983,7,South Boston,23.0,–,6.0,Tommy Houston,Mike Day,Chevrolet,10.0,705.0,dnf,0.0,94.0
1983,7,South Boston,24.0,–,28.0,Phil Parsons,Skoal Bandit (Johnny Hayes),Pontiac,9.0,200.0,dnf,0.0,91.0
1983,7,South Boston,25.0,–,0.0,Sam Ard,Thomas Brothers Country Ham (Howard Thomas),Oldsmobile,8.0,700.0,dnf,0.0,88.0
1983,7,South Boston,26.0,–,50.0,Al Hylton,–,Ford,7.0,200.0,dnf,0.0,85.0
1983,8,Greenville,1.0,5,11.0,Jack Ingram,Jack Ingram,Pontiac,200.0,3650.0,running,106.0,180.0
1983,8,Greenville,2.0,3,1.0,Butch Lindley,Zervakis Racing (Emanuel Zervakis),Oldsmobile,200.0,1900.0,running,62.0,170.0
1983,8,Greenville,3.0,–,32.0,Dale Jarrett,Horace Isenhower,Pontiac,200.0,1000.0,running,0.0,165.0
1983,8,Greenville,4.0,7,6.0,Tommy Houston,Mike Day,Chevrolet,200.0,1350.0,running,0.0,160.0
1983,8,Greenville,5.0,–,3.0,Tony Warren,–,Pontiac,200.0,750.0,running,0.0,155.0
1983,8,Greenville,6.0,21,7.0,Morgan Shepherd,Ed Whitaker,Oldsmobile,200.0,700.0,running,0.0,150.0
1983,8,Greenville,7.0,15,27.0,Mike Messer,7-Up,Pontiac,198.0,650.0,running,0.0,146.0
1983,8,Greenville,8.0,–,2.0,Jeff Hensley,–,Pontiac,197.0,600.0,running,0.0,142.0
1983,8,Greenville,9.0,1,0.0,Sam Ard,Howard Thomas,Oldsmobile,197.0,1050.0,running,32.0,138.0
1983,8,Greenville,10.0,13,4.0,Eddie Falk,Eddie Falk,Pontiac,197.0,500.0,running,0.0,134.0
1983,8,Greenville,11.0,–,82.0,Clarence Ogle,–,Pontiac,194.0,450.0,running,0.0,130.0
1983,8,Greenville,12.0,25,14.0,Ronnie Silver,Ronnie Silver,Pontiac,192.0,400.0,running,0.0,127.0
1983,8,Greenville,13.0,18,4.0,Joe Thurman,Johnny Davis,Pontiac,191.0,350.0,running,0.0,124.0
1983,8,Greenville,14.0,22,8.0,Orvil Reedy,Orvil Reedy,Pontiac,191.0,325.0,running,0.0,121.0
1983,8,Greenville,15.0,10,6.0,Rodney Howard,–,Pontiac,186.0,300.0,running,0.0,118.0
1983,8,Greenville,16.0,–,62.0,John Linville,John Linville,Pontiac,173.0,270.0,dnf,0.0,115.0
1983,8,Greenville,17.0,9,63.0,Jimmy Hensley,Hubert Hensley,Pontiac,163.0,250.0,dnf,0.0,112.0
1983,8,Greenville,18.0,8,1.0,Pete Silva,Lindy White,Pontiac,143.0,230.0,dnf,0.0,109.0
1983,8,Greenville,19.0,–,9.0,Bob Shreeves,Bob Shreeves,Pontiac,121.0,225.0,dnf,0.0,106.0
1983,8,Greenville,20.0,12,22.0,Rick Mast,"Alan Dillard, Jr.",Pontiac,113.0,220.0,dnf,0.0,103.0
1983,8,Greenville,21.0,–,16.0,Jimmy Lawson,–,Pontiac,77.0,215.0,dnf,0.0,100.0
1983,8,Greenville,22.0,20,39.0,Mitchell Clark,–,Pontiac,42.0,210.0,dnf,0.0,97.0
1983,8,Greenville,23.0,23,24.0,Glenn Jarrett,Marvin Thackston,Ford,41.0,205.0,dnf,0.0,94.0
1983,8,Greenville,24.0,2,12.0,Tommy Ellis,Marilyn Smith,Pontiac,32.0,700.0,dnf,0.0,91.0
1983,8,Greenville,25.0,19,,Billy Hess,–,–,29.0,200.0,dnf,0.0,88.0
1983,8,Greenville,26.0,14,20.0,Bosco Lowe,Edgar Ryder,Pontiac,2.0,200.0,dnf,0.0,85.0
1983,9,Hampton,1.0,–,11.0,Jack Ingram,Jack Ingram,Pontiac,200.0,3400.0,running,164.0,180.0
1983,9,Hampton,2.0,–,1.0,Pete Silva,Lindy White,Pontiac,200.0,1650.0,running,0.0,170.0
1983,9,Hampton,3.0,–,32.0,Dale Jarrett,Horace Isenhower,Ford,200.0,1000.0,running,0.0,165.0
1983,9,Hampton,4.0,–,6.0,Tommy Houston,Mike Day,Chevrolet,200.0,1350.0,running,0.0,160.0
1983,9,Hampton,5.0,–,9.0,Bob Shreeves,Bob Shreeves,Pontiac,200.0,750.0,running,1.0,155.0
1983,9,Hampton,6.0,–,7.0,Dickie Boswell,Bob Banning,Pontiac,200.0,700.0,running,0.0,150.0
1983,9,Hampton,7.0,–,0.0,Sam Ard,Howard Thomas,Oldsmobile,199.0,1150.0,running,0.0,146.0
1983,9,Hampton,8.0,–,16.0,Jimmy Lawson,–,Pontiac,198.0,600.0,running,0.0,142.0
1983,9,Hampton,9.0,–,20.0,Bosco Lowe,Edgar Ryder,Pontiac,197.0,550.0,running,0.0,138.0
1983,9,Hampton,10.0,–,22.0,Rick Mast,"Alan Dillard, Jr.",Pontiac,196.0,500.0,running,0.0,134.0
1983,9,Hampton,11.0,–,2.0,Jeff Hensley,–,Pontiac,195.0,450.0,running,0.0,130.0
1983,9,Hampton,12.0,–,,Charlie Doyle,–,–,194.0,400.0,running,0.0,127.0
1983,9,Hampton,13.0,–,51.0,Robert Ingram,–,Pontiac,191.0,350.0,running,0.0,124.0
1983,9,Hampton,14.0,–,41.0,Jack Bland,Tiny Randall,Pontiac,83.0,320.0,running,0.0,121.0
1983,9,Hampton,15.0,–,79.0,Orvil Reedy,–,Pontiac,81.0,300.0,dnf,0.0,118.0
1983,9,Hampton,16.0,–,63.0,Jimmy Hensley,Hubert Hensley,Pontiac,72.0,270.0,dnf,0.0,115.0
1983,9,Hampton,17.0,–,19.0,Diane Teel,–,Pontiac,71.0,250.0,dnf,0.0,112.0
1983,9,Hampton,18.0,–,14.0,Ronnie Silver,Ronnie Silver,Pontiac,63.0,230.0,dnf,0.0,109.0
1983,9,Hampton,19.0,1,12.0,Tommy Ellis,Marilyn Smith,Pontiac,35.0,725.0,crash,35.0,106.0
1983,9,Hampton,20.0,2,76.0,Butch Lindley,Loven Racing (Kerry Bodenhamer),Pontiac,35.0,720.0,crash,0.0,103.0
1983,9,Hampton,21.0,–,4.0,Eddie Falk,Eddie Falk,Pontiac,23.0,210.0,dnf,0.0,100.0
1983,9,Hampton,22.0,–,,Wayne Broome,–,–,22.0,210.0,crash,0.0,97.0
1983,10,Dover,1.0,12.0,1.0,Ricky Rudd,Zervakis Enterprises (Emanuel Zervakis),Oldsmobile,200.0,5950.0,running,41.0,180.0
1983,10,Dover,2.0,5.0,22.0,Bobby Allison,"Miller High Life (Alan Dillard, Jr.)",Pontiac,200.0,4300.0,running,108.0,170.0
1983,10,Dover,3.0,6.0,0.0,Sam Ard,Thomas Brothers Country Ham (Howard Thomas),Oldsmobile,200.0,4175.0,running,27.0,165.0
1983,10,Dover,4.0,8.0,15.0,Dale Earnhardt,Wrangler (Robert Gee),Pontiac,200.0,2200.0,running,3.0,160.0
1983,10,Dover,5.0,13.0,24.0,Glenn Jarrett,Thackston Racing (Marvin Thackston),Ford,198.0,1750.0,running,0.0,155.0
1983,10,Dover,6.0,4.0,1.0,Pete Silva,New-Con Leasing (Lindy White),Pontiac,197.0,1500.0,running,0.0,150.0
1983,10,Dover,7.0,19.0,70.0,Bosco Lowe,Bailey Racing (J.D. McDuffie),Pontiac,196.0,1300.0,running,0.0,146.0
1983,10,Dover,8.0,11.0,12.0,Tommy Ellis,Marilyn Smith,Pontiac,196.0,2200.0,running,0.0,142.0
1983,10,Dover,9.0,14.0,34.0,Joe Kelly,Kelly Builders (Joe Kelly),Pontiac,196.0,1100.0,crash,0.0,138.0
1983,10,Dover,10.0,17.0,8.0,Ken Bouchard,Ed's Auto Machine,Pontiac,195.0,1000.0,crash,0.0,134.0
1983,10,Dover,11.0,16.0,4.0,Joe Thurman,Thurman Enterprises (Johnny Davis),Pontiac,195.0,950.0,running,0.0,130.0
1983,10,Dover,12.0,1.0,21.0,David Pearson,Chattanooga Chew (David Pearson),Ford,194.0,925.0,crash,21.0,127.0
1983,10,Dover,13.0,20.0,29.0,Satch Worley,Longwood Restaurant (Chubby Arrington),Dodge,194.0,900.0,running,0.0,124.0
1983,10,Dover,14.0,15.0,14.0,Ronnie Silver,Banner House Handbags (Ronnie Silver),Pontiac,193.0,875.0,running,0.0,121.0
1983,10,Dover,15.0,26.0,3.0,J.D. McDuffie,Roberts Used Cars,Chevrolet,191.0,850.0,running,0.0,118.0
1983,10,Dover,16.0,9.0,6.0,Tommy Houston,Mason Day Paving (Mike Day),Chevrolet,186.0,1825.0,oil leak,0.0,115.0
1983,10,Dover,17.0,27.0,38.0,Gary Potter,Potter Racing (Gary Potter),Pontiac,173.0,800.0,dnf,0.0,112.0
1983,10,Dover,18.0,29.0,62.0,John Linville,Westmoreland Pontiac (John Linville),Pontiac,142.0,775.0,oil leak,0.0,109.0
1983,10,Dover,19.0,23.0,19.0,Bob Park,Gardiner's Auto Parts,Pontiac,108.0,750.0,valve spring,0.0,106.0
1983,10,Dover,20.0,24.0,87.0,Jeff Hensley,Smith-Davis Tire,Pontiac,103.0,725.0,engine,0.0,103.0
1983,10,Dover,21.0,18.0,44.0,Rick Hanley,Britt Racing,Pontiac,102.0,700.0,tie rod,0.0,100.0
1983,10,Dover,22.0,25.0,86.0,Mike Watts,Mike Watts,Pontiac,98.0,675.0,engine,0.0,97.0
1983,10,Dover,23.0,22.0,37.0,Chip Lain,Hayes Jewelers,Pontiac,87.0,650.0,engine,0.0,94.0
1983,10,Dover,24.0,21.0,33.0,George Dalton,Dalton Racing (George Dalton),Pontiac,80.0,625.0,oil pan,0.0,91.0
1983,10,Dover,25.0,2.0,7.0,Morgan Shepherd,ACM Equipment (Ed Whitaker),Oldsmobile,74.0,600.0,head gasket,0.0,88.0
1983,10,Dover,26.0,10.0,32.0,Dale Jarrett,Pet Dairy (Horace Isenhower),Pontiac,64.0,575.0,rear end,0.0,85.0
1983,10,Dover,27.0,7.0,11.0,Jack Ingram,Jack Ingram,Oldsmobile,51.0,1950.0,rocker arm,0.0,82.0
1983,10,Dover,28.0,30.0,5.0,Billy Myers,Adkins Service Center,Chevrolet,44.0,525.0,dnf,0.0,79.0
1983,10,Dover,29.0,29.0,91.0,Danny Weese,Danny Weese,Pontiac,37.0,510.0,engine,0.0,76.0
1983,10,Dover,30.0,3.0,76.0,Butch Lindley,Dana Racing,Pontiac,28.0,1500.0,engine,0.0,73.0
1983,11,Bristol,1.0,7.0,7.0,Morgan Shepherd,Ed Whitaker,Oldsmobile,150.0,3200.0,running,115.0,180.0
1983,11,Bristol,2.0,6.0,32.0,Dale Jarrett,Horace Isenhower,Pontiac,149.0,2250.0,running,0.0,170.0
1983,11,Bristol,3.0,5.0,12.0,Tommy Ellis,Marilyn Smith,Pontiac,149.0,2400.0,running,0.0,165.0
1983,11,Bristol,4.0,15.0,22.0,Rick Mast,"Alan Dillard, Jr.",Pontiac,148.0,1385.0,running,0.0,160.0
1983,11,Bristol,5.0,3.0,6.0,Tommy Houston,Mike Day,Chevrolet,148.0,1900.0,running,0.0,155.0
1983,11,Bristol,6.0,12.0,20.0,Bosco Lowe,Edgar Ryder,Pontiac,147.0,950.0,running,0.0,150.0
1983,11,Bristol,7.0,19.0,18.0,Jeff Berry,–,Pontiac,147.0,850.0,running,0.0,146.0
1983,11,Bristol,8.0,17.0,63.0,Jimmy Hensley,Hubert Hensley,Pontiac,143.0,750.0,running,0.0,142.0
1983,11,Bristol,9.0,1.0,0.0,Sam Ard,Thomas Brothers Country Ham (Howard Thomas),Oldsmobile,143.0,1400.0,running,33.0,138.0
1983,11,Bristol,10.0,25.0,72.0,Tommy Hilbert,Tommy Hilbert,Pontiac,143.0,550.0,running,0.0,134.0
1983,11,Bristol,11.0,28.0,81.0,Jeff Hall,–,Pontiac,140.0,500.0,running,0.0,130.0
1983,11,Bristol,12.0,10.0,2.0,Jeff Hensley,–,Pontiac,140.0,450.0,running,0.0,127.0
1983,11,Bristol,13.0,4.0,11.0,Jack Ingram,Jack Ingram,Pontiac,135.0,1550.0,running,2.0,124.0
1983,11,Bristol,14.0,26.0,0.0,Allen Applegate,W.O. Applegate,Chevrolet,132.0,350.0,running,0.0,121.0
1983,11,Bristol,15.0,8.0,14.0,Ronnie Silver,Ronnie Silver,Pontiac,129.0,325.0,running,0.0,118.0
1983,11,Bristol,16.0,21.0,25.0,Danny Broyles,–,Pontiac,127.0,320.0,running,0.0,115.0
1983,11,Bristol,17.0,24.0,74.0,Aaron Dudley,Nelson Building Supply (Boyd Nelson),Pontiac,127.0,315.0,running,0.0,112.0
1983,11,Bristol,18.0,16.0,67.0,Glenn Jarrett,–,Chevrolet,120.0,310.0,overheating,0.0,109.0
1983,11,Bristol,19.0,2.0,1.0,Pete Silva,Lindy White,Pontiac,87.0,305.0,handling,0.0,106.0
1983,11,Bristol,20.0,11.0,16.0,Jimmy Lawson,–,Pontiac,81.0,300.0,steering,0.0,103.0
1983,11,Bristol,21.0,20.0,69.0,Junior Miller,Junior Miller,Buick,80.0,295.0,oil leak,0.0,100.0
1983,11,Bristol,22.0,27.0,82.0,Ralph Morris,–,Pontiac,51.0,290.0,handling,0.0,97.0
1983,11,Bristol,23.0,13.0,95.0,Eddie Falk,–,Pontiac,45.0,285.0,rear end,0.0,94.0
1983,11,Bristol,24.0,30.0,83.0,Jack Cornett,Coca-Cola,Pontiac,40.0,280.0,handling,0.0,91.0
1983,11,Bristol,25.0,9.0,36.0,Butch Lindley,Loven Racing (Kerry Bodenhamer),Pontiac,33.0,1025.0,flywheel,0.0,88.0
1983,11,Bristol,26.0,22.0,45.0,Charlie Luck,Luck Stone (Charlie Luck),Pontiac,16.0,270.0,crash,0.0,85.0
1983,11,Bristol,27.0,29.0,76.0,Freddie Hughes,Burger King,Pontiac,16.0,265.0,crash,0.0,82.0
1983,11,Bristol,28.0,23.0,27.0,Mike Messer,7-Up,Pontiac,15.0,260.0,crash,0.0,79.0
1983,11,Bristol,29.0,14.0,62.0,John Linville,John Linville,Pontiac,3.0,255.0,crash,0.0,76.0
1983,11,Bristol,30.0,18.0,39.0,Mitchell Clark,–,Pontiac,3.0,250.0,crash,0.0,73.0
1983,12,Charlotte,1.0,3.0,15.0,Dale Earnhardt,Wrangler (Robert Gee),Pontiac,200.0,9100.0,running,83.0,180.0
1983,12,Charlotte,2.0,2.0,75.0,Neil Bonnett,National Engr. (Butch Mock),Pontiac,200.0,6375.0,running,61.0,170.0
1983,12,Charlotte,3.0,5.0,17.0,Bill Elliott,Aladdin Industries (Darrell Waltrip),Pontiac,200.0,4700.0,running,26.0,165.0
1983,12,Charlotte,4.0,4.0,28.0,Harry Gant,Skoal Bandit (Johnny Hayes),Pontiac,200.0,3850.0,running,27.0,160.0
1983,12,Charlotte,5.0,7.0,22.0,Bobby Allison,"Miller High Life (Alan Dillard, Jr.)",Oldsmobile,199.0,3550.0,running,0.0,155.0
1983,12,Charlotte,6.0,21.0,11.0,Jack Ingram,Ingram Racing (Jack Ingram),Pontiac,199.0,9775.0,running,0.0,150.0
1983,12,Charlotte,7.0,22.0,98.0,Joe Ruttman,Levi Garrett,Pontiac,199.0,3150.0,running,0.0,146.0
1983,12,Charlotte,8.0,41.0,6.0,Tommy Houston,Mason Day (Mike Day),Chevrolet,199.0,6700.0,running,0.0,142.0
1983,12,Charlotte,9.0,14.0,23.0,Davey Allison,Miller High Life (Bobby Allison),Pontiac,198.0,4400.0,running,2.0,138.0
1983,12,Charlotte,10.0,9.0,34.0,Joe Kelly,Kelly Builders (Joe Kelly),Pontiac,198.0,3925.0,running,0.0,134.0
1983,12,Charlotte,11.0,29.0,14.0,Ronnie Silver,Banner House Handbags (Ronnie Silver),Pontiac,196.0,2850.0,running,0.0,130.0
1983,12,Charlotte,12.0,13.0,70.0,Bosco Lowe,Bailey / Temple (J.D. McDuffie),Pontiac,196.0,2575.0,running,0.0,127.0
1983,12,Charlotte,13.0,30.0,4.0,Joe Thurman,Thurman Enterprises (Johnny Davis),Pontiac,195.0,2325.0,running,0.0,124.0
1983,12,Charlotte,14.0,32.0,3.0,J.D. McDuffie,Robert's Used Cars,Chevrolet,195.0,1275.0,running,0.0,121.0
1983,12,Charlotte,15.0,27.0,29.0,Satch Worley,Longwood Restaurant (Chubby Arrington),Dodge,194.0,2075.0,running,0.0,118.0
1983,12,Charlotte,16.0,16.0,47.0,Randy Tissot,J. Edwards,Pontiac,193.0,1850.0,running,0.0,115.0
1983,12,Charlotte,17.0,28.0,56.0,Howard Rose,Big Sandy Furniture (H.L. Rose),Pontiac,190.0,1775.0,running,0.0,112.0
1983,12,Charlotte,18.0,18.0,32.0,Dale Jarrett,Pet Dairy (Horace Isenhower),Pontiac,188.0,1685.0,running,0.0,109.0
1983,12,Charlotte,19.0,25.0,86.0,Mike Watts,Lincoln Log Homes (Mike Watts),Pontiac,188.0,1610.0,running,0.0,106.0
1983,12,Charlotte,20.0,36.0,90.0,Mark Gibson,Gibson Racing (Mark Gibson),Pontiac,188.0,1535.0,running,0.0,103.0
1983,12,Charlotte,21.0,6.0,1.0,Pete Silva,New-Lon (Lindy White),Pontiac,186.0,1450.0,running,0.0,100.0
1983,12,Charlotte,22.0,23.0,2.0,Kirk Bryant,Steve Pierce,Pontiac,181.0,1390.0,running,0.0,97.0
1983,12,Charlotte,23.0,34.0,40.0,Rodney Howard,Ed Powell,Pontiac,179.0,1315.0,running,0.0,94.0
1983,12,Charlotte,24.0,40.0,87.0,Steve Jarvis,Jarvis Racing (Steve Jarvis),Chevrolet,168.0,1230.0,oil pressure,0.0,91.0
1983,12,Charlotte,25.0,8.0,24.0,Glenn Jarrett,Thackston Racing (Marvin Thackston),Ford,147.0,1210.0,engine,1.0,88.0
1983,12,Charlotte,26.0,35.0,58.0,John McFadden,–,Pontiac,110.0,1085.0,engine,0.0,85.0
1983,12,Charlotte,27.0,12.0,3.0,Mike Porter,Wendy's,Pontiac,105.0,2225.0,rear end,0.0,82.0
1983,12,Charlotte,28.0,19.0,46.0,Slick Johnson,Minton Wrecking,Buick,101.0,765.0,radiator,0.0,79.0
1983,12,Charlotte,29.0,24.0,50.0,Larry Hoopaugh,Cox Racing (Marion Cox),Ford,97.0,955.0,engine,0.0,76.0
1983,12,Charlotte,30.0,33.0,97.0,Harry Lee Hill,Hill Racing (Harry Lee Hill),Pontiac,93.0,945.0,rear end,0.0,73.0
1983,12,Charlotte,31.0,39.0,35.0,Barry Bostick,Star Mart / Mac Tools,Pontiac,89.0,935.0,rear end,0.0,70.0
1983,12,Charlotte,32.0,11.0,0.0,Sam Ard,Thomas Brothers Country Ham / Mello Yello (Howard Thomas),Oldsmobile,76.0,6925.0,crash,0.0,67.0
1983,12,Charlotte,33.0,38.0,71.0,Benny Kerley,Maxie's Vending,Pontiac,76.0,915.0,crash,0.0,64.0
1983,12,Charlotte,34.0,10.0,12.0,Tommy Ellis,Ellis Racing (Marilyn Smith),Pontiac,76.0,3235.0,engine,0.0,61.0
1983,12,Charlotte,35.0,20.0,52.0,Mitchell Clark,Beauregard's,Pontiac,75.0,705.0,crash,0.0,58.0
1983,12,Charlotte,36.0,17.0,5.0,John Anderson,Poff Racing,Pontiac,68.0,700.0,engine,0.0,55.0
1983,12,Charlotte,37.0,26.0,42.0,Allan Powell,Weast Racing,Pontiac,67.0,3395.0,engine,0.0,52.0
1983,12,Charlotte,38.0,15.0,76.0,Butch Lindley,Dana Racing,Pontiac,57.0,1690.0,steering,0.0,49.0
1983,12,Charlotte,39.0,1.0,7.0,Morgan Shepherd,ACM Equipment Sales (Ed Whitaker),Oldsmobile,53.0,1685.0,rear end,0.0,46.0
1983,12,Charlotte,40.0,42.0,62.0,John Linville,Westmoreland Racing (John Linville),Pontiac,20.0,680.0,engine,0.0,43.0
1983,12,Charlotte,41.0,37.0,37.0,Chip Lain,Hayes Jewelers,Pontiac,14.0,680.0,engine,0.0,40.0
1983,12,Charlotte,42.0,31.0,8.0,Mike Riley,TGR Enterprises (Jack Ingram),Pontiac,2.0,680.0,crash,0.0,37.0
1983,13,South Boston,1.0,2,12.0,Tommy Ellis,Marilyn Smith,Pontiac,200.0,2500.0,running,147.0,180.0
1983,13,South Boston,2.0,1,36.0,Butch Lindley,Loven Racing (Kerry Bodenhamer),Pontiac,200.0,1900.0,running,0.0,170.0
1983,13,South Boston,3.0,–,11.0,Jack Ingram,Jack Ingram,Pontiac,200.0,1900.0,running,0.0,165.0
1983,13,South Boston,4.0,–,22.0,Rick Mast,"Alan Dillard, Jr.",Pontiac,200.0,850.0,running,0.0,160.0
1983,13,South Boston,5.0,–,32.0,Dale Jarrett,Horace Isenhower,Pontiac,199.0,750.0,running,0.0,155.0
1983,13,South Boston,6.0,–,1.0,Pete Silva,Lindy White,Pontiac,199.0,700.0,running,0.0,150.0
1983,13,South Boston,7.0,–,51.0,Robert Ingram,–,Pontiac,198.0,650.0,running,0.0,146.0
1983,13,South Boston,8.0,–,41.0,Jack Bland,Tiny Randall,Pontiac,198.0,600.0,running,0.0,142.0
1983,13,South Boston,9.0,–,16.0,Jimmy Lawson,–,Pontiac,198.0,550.0,running,0.0,138.0
1983,13,South Boston,10.0,–,20.0,Bosco Lowe,Edgar Ryder,Pontiac,198.0,500.0,running,0.0,134.0
1983,13,South Boston,11.0,–,0.0,Sam Ard,Howard Thomas,Oldsmobile,196.0,950.0,running,53.0,130.0
1983,13,South Boston,12.0,–,2.0,Jeff Hensley,–,Pontiac,195.0,400.0,running,0.0,127.0
1983,13,South Boston,13.0,–,6.0,Rodney Howard,–,Pontiac,194.0,350.0,running,0.0,124.0
1983,13,South Boston,14.0,–,4.0,Joe Thurman,Johnny Davis,Pontiac,190.0,325.0,running,0.0,121.0
1983,13,South Boston,15.0,–,63.0,Jimmy Hensley,Hubert Hensley,Pontiac,190.0,300.0,running,0.0,118.0
1983,13,South Boston,16.0,–,45.0,Charlie Luck,Luck Stone (Charlie Luck),Pontiac,186.0,270.0,dnf,0.0,115.0
1983,13,South Boston,17.0,–,14.0,Ronnie Silver,Ronnie Silver,Pontiac,181.0,250.0,dnf,0.0,112.0
1983,13,South Boston,18.0,–,4.0,Eddie Falk,Eddie Falk,Pontiac,125.0,230.0,dnf,0.0,109.0
1983,13,South Boston,19.0,–,74.0,Aaron Dudley,Boyd Nelson,Pontiac,79.0,225.0,dnf,0.0,106.0
1983,13,South Boston,20.0,–,64.0,Daryl Lacks,Donald Fuqua,Chevrolet,64.0,220.0,dnf,0.0,103.0
1983,13,South Boston,21.0,–,88.0,Jay Hedgecock,–,Pontiac,44.0,215.0,dnf,0.0,100.0
1983,13,South Boston,22.0,–,6.0,Tommy Houston,Mike Day,Chevrolet,42.0,710.0,dnf,0.0,97.0
1983,13,South Boston,23.0,–,10.0,Gary Neice,Gary Neice,Pontiac,28.0,205.0,dnf,0.0,94.0
1983,13,South Boston,24.0,–,9.0,Bob Shreeves,Bob Shreeves,Pontiac,19.0,200.0,dnf,0.0,91.0
1983,14,Hickory,1.0,1,12.0,Tommy Ellis,Marilyn Smith,Pontiac,200.0,2500.0,running,200.0,180.0
1983,14,Hickory,2.0,–,11.0,Jack Ingram,Jack Ingram,Pontiac,200.0,2300.0,running,0.0,170.0
1983,14,Hickory,3.0,–,0.0,Sam Ard,Howard Thomas,Oldsmobile,199.0,1500.0,running,0.0,165.0
1983,14,Hickory,4.0,–,9.0,Bob Shreeves,Bob Shreeves,Pontiac,199.0,850.0,running,0.0,160.0
1983,14,Hickory,5.0,–,36.0,Butch Lindley,Loven Racing (Kerry Bodenhamer),Pontiac,199.0,1250.0,running,0.0,155.0
1983,14,Hickory,6.0,–,3.0,Tony Warren,–,Pontiac,199.0,700.0,running,0.0,150.0
1983,14,Hickory,7.0,–,66.0,Bennie Davis,–,Chevrolet,198.0,650.0,running,0.0,146.0
1983,14,Hickory,8.0,–,63.0,Jimmy Hensley,Hubert Hensley,Pontiac,198.0,600.0,running,0.0,142.0
1983,14,Hickory,9.0,–,32.0,Dale Jarrett,Horace Isenhower,Pontiac,197.0,550.0,running,0.0,138.0
1983,14,Hickory,10.0,–,14.0,Ronnie Silver,Ronnie Silver,Pontiac,197.0,600.0,running,0.0,134.0
1983,14,Hickory,11.0,–,4.0,Eddie Falk,Eddie Falk,Pontiac,196.0,450.0,running,0.0,130.0
1983,14,Hickory,12.0,–,16.0,Jimmy Lawson,–,Pontiac,196.0,400.0,running,0.0,127.0
1983,14,Hickory,13.0,–,6.0,Rodney Howard,–,Pontiac,195.0,350.0,running,0.0,124.0
1983,14,Hickory,14.0,–,81.0,Jeff Hall,–,Pontiac,194.0,325.0,running,0.0,121.0
1983,14,Hickory,15.0,–,2.0,Jeff Hensley,–,Pontiac,193.0,300.0,running,0.0,118.0
1983,14,Hickory,16.0,–,4.0,Joe Thurman,Johnny Davis,Pontiac,191.0,270.0,running,0.0,115.0
1983,14,Hickory,17.0,–,6.0,Tommy Houston,Mike Day,Chevrolet,190.0,750.0,running,0.0,112.0
1983,14,Hickory,18.0,–,10.0,Gary Neice,Gary Neice,Pontiac,93.0,430.0,dnf,0.0,109.0
1983,14,Hickory,19.0,–,,Bob Freeze,–,–,75.0,225.0,dnf,0.0,106.0
1983,14,Hickory,20.0,–,1.0,Pete Silva,Lindy White,Pontiac,68.0,220.0,dnf,0.0,103.0
1983,14,Hickory,21.0,–,45.0,Charlie Luck,Luck Stone (Charlie Luck),Pontiac,35.0,215.0,dnf,0.0,100.0
1983,14,Hickory,22.0,–,,James Coleman,–,–,34.0,210.0,dnf,0.0,97.0
1983,14,Hickory,23.0,–,,Richie Rice,–,–,10.0,205.0,dnf,0.0,94.0
1983,14,Hickory,24.0,–,96.0,Ronnie Davidson,Charles Davidson,Oldsmobile,3.0,200.0,dnf,0.0,91.0
1983,15,Rougemont,1.0,8,11.0,Jack Ingram,Jack Ingram,Pontiac,200.0,3400.0,running,94.0,180.0
1983,15,Rougemont,2.0,–,12.0,Tommy Ellis,Marilyn Smith,Pontiac,200.0,2100.0,running,37.0,170.0
1983,15,Rougemont,3.0,–,36.0,Butch Lindley,Loven Racing (Kerry Bodenhamer),Pontiac,199.0,1500.0,running,0.0,165.0
1983,15,Rougemont,4.0,1,0.0,Sam Ard,Howard Thomas,Oldsmobile,199.0,1350.0,running,64.0,160.0
1983,15,Rougemont,5.0,–,6.0,Tommy Houston,Mike Day,Chevrolet,198.0,1250.0,running,0.0,155.0
1983,15,Rougemont,6.0,–,9.0,Bob Shreeves,Bob Shreeves,Pontiac,198.0,700.0,running,5.0,150.0
1983,15,Rougemont,7.0,–,14.0,Ronnie Silver,Ronnie Silver,Pontiac,198.0,650.0,running,0.0,146.0
1983,15,Rougemont,8.0,–,28.0,Phil Parsons,Skoal Bandit (Johnny Hayes),Pontiac,197.0,600.0,running,0.0,142.0
1983,15,Rougemont,9.0,–,55.0,Jimmy Hensley,–,Pontiac,195.0,550.0,running,0.0,138.0
1983,15,Rougemont,10.0,–,45.0,Charlie Luck,Luck Stone (Charlie Luck),Pontiac,191.0,500.0,running,0.0,134.0
1983,15,Rougemont,11.0,–,41.0,Jack Bland,Tiny Randall,Pontiac,190.0,450.0,running,0.0,130.0
1983,15,Rougemont,12.0,–,4.0,Joe Thurman,Johnny Davis,Pontiac,185.0,400.0,running,0.0,127.0
1983,15,Rougemont,13.0,–,16.0,Jimmy Lawson,–,Pontiac,175.0,350.0,running,0.0,124.0
1983,15,Rougemont,14.0,–,43.0,Dickie Linville,Dickie Linville,Pontiac,168.0,325.0,dnf,0.0,121.0
1983,15,Rougemont,15.0,–,2.0,Jeff Hensley,–,Pontiac,157.0,300.0,dnf,0.0,118.0
1983,15,Rougemont,16.0,–,22.0,Rick Mast,"Alan Dillard, Jr.",Pontiac,107.0,270.0,dnf,0.0,115.0
1983,15,Rougemont,17.0,–,1.0,Pete Silva,Lindy White,Pontiac,89.0,250.0,dnf,0.0,112.0
1983,15,Rougemont,18.0,–,51.0,Robert Ingram,–,Pontiac,57.0,230.0,dnf,0.0,109.0
1983,15,Rougemont,19.0,–,,James Coleman,–,–,56.0,225.0,dnf,0.0,106.0
1983,15,Rougemont,20.0,–,,Jim Coltrane,–,–,47.0,220.0,dnf,0.0,103.0
1983,15,Rougemont,21.0,–,32.0,Dale Jarrett,Horace Isenhower,Pontiac,30.0,215.0,dnf,0.0,100.0
1983,15,Rougemont,22.0,–,4.0,Eddie Falk,Eddie Falk,Pontiac,24.0,210.0,dnf,0.0,97.0
1983,16,South Boston,1.0,3,12.0,Tommy Ellis,Marilyn Smith,Pontiac,200.0,3000.0,running,113.0,180.0
1983,16,South Boston,2.0,–,11.0,Jack Ingram,Jack Ingram,Pontiac,200.0,2300.0,running,0.0,170.0
1983,16,South Boston,3.0,1,36.0,Butch Lindley,Loven Racing (Kerry Bodenhamer),Pontiac,200.0,1750.0,running,87.0,165.0
1983,16,South Boston,4.0,–,7.0,Morgan Shepherd,Ed Whitaker,Oldsmobile,200.0,850.0,running,0.0,160.0
1983,16,South Boston,5.0,–,9.0,Bob Shreeves,Bob Shreeves,Pontiac,199.0,750.0,running,0.0,155.0
1983,16,South Boston,6.0,–,4.0,Eddie Falk,Eddie Falk,Pontiac,198.0,700.0,running,0.0,150.0
1983,16,South Boston,7.0,–,28.0,Phil Parsons,Skoal Bandit (Johnny Hayes),Pontiac,198.0,650.0,running,0.0,146.0
1983,16,South Boston,8.0,–,45.0,Charlie Luck,Luck Stone (Charlie Luck),Pontiac,196.0,600.0,running,0.0,142.0
1983,16,South Boston,9.0,–,14.0,Ronnie Silver,Ronnie Silver,Pontiac,196.0,550.0,running,0.0,138.0
1983,16,South Boston,10.0,–,20.0,Dickie Boswell,Michael Broyhill,Pontiac,195.0,500.0,running,0.0,134.0
1983,16,South Boston,11.0,–,,Frank Butler,–,–,194.0,450.0,running,0.0,130.0
1983,16,South Boston,12.0,–,97.0,Harry Lee Hill,Harry Lee Hill,Pontiac,188.0,400.0,running,0.0,127.0
1983,16,South Boston,13.0,–,1.0,Pete Silva,Lindy White,Pontiac,187.0,350.0,running,0.0,124.0
1983,16,South Boston,14.0,–,6.0,Tommy Houston,Mike Day,Chevrolet,173.0,825.0,dnf,0.0,121.0
1983,16,South Boston,15.0,–,0.0,Sam Ard,Howard Thomas,Oldsmobile,123.0,800.0,dnf,0.0,118.0
1983,16,South Boston,16.0,–,89.0,Geoffrey Bodine,–,Pontiac,110.0,270.0,dnf,0.0,115.0
1983,16,South Boston,17.0,–,16.0,Jimmy Lawson,–,Pontiac,87.0,250.0,dnf,0.0,112.0
1983,16,South Boston,18.0,–,2.0,Jeff Hensley,–,Pontiac,84.0,230.0,dnf,0.0,109.0
1983,16,South Boston,19.0,–,22.0,Rick Mast,"Alan Dillard, Jr.",Pontiac,74.0,225.0,dnf,0.0,106.0
1983,16,South Boston,20.0,–,74.0,Aaron Dudley,Boyd Nelson,Pontiac,51.0,220.0,dnf,0.0,103.0
1983,16,South Boston,21.0,–,51.0,Robert Ingram,–,Pontiac,38.0,215.0,dnf,0.0,100.0
1983,16,South Boston,22.0,–,32.0,Dale Jarrett,Horace Isenhower,Pontiac,34.0,210.0,dnf,0.0,97.0
1983,16,South Boston,23.0,–,24.0,Glenn Jarrett,Marvin Thackston,Ford,23.0,205.0,dnf,0.0,94.0
1983,16,South Boston,24.0,–,55.0,Jimmy Hensley,–,Pontiac,20.0,200.0,dnf,0.0,91.0
1983,17,Rougemont,1.0,12,6.0,Tommy Houston,Mike Day,Chevrolet,200.0,2500.0,running,51.0,180.0
1983,17,Rougemont,2.0,–,11.0,Jack Ingram,Jack Ingram,Pontiac,200.0,2300.0,running,0.0,170.0
1983,17,Rougemont,3.0,–,32.0,Dale Jarrett,Horace Isenhower,Pontiac,199.0,1000.0,running,7.0,165.0
1983,17,Rougemont,4.0,1,0.0,Sam Ard,Howard Thomas,Oldsmobile,198.0,1350.0,running,18.0,160.0
1983,17,Rougemont,5.0,–,14.0,Ronnie Silver,Ronnie Silver,Pontiac,197.0,750.0,running,0.0,155.0
1983,17,Rougemont,6.0,–,55.0,Jimmy Hensley,–,Pontiac,197.0,700.0,running,0.0,150.0
1983,17,Rougemont,7.0,–,51.0,Robert Ingram,–,Pontiac,194.0,650.0,running,0.0,146.0
1983,17,Rougemont,8.0,–,69.0,Junior Miller,Junior Miller,Buick,192.0,600.0,running,0.0,142.0
1983,17,Rougemont,9.0,–,9.0,Bob Shreeves,Bob Shreeves,Pontiac,192.0,550.0,running,0.0,138.0
1983,17,Rougemont,10.0,–,2.0,Jeff Hensley,–,Pontiac,190.0,500.0,running,0.0,134.0
1983,17,Rougemont,11.0,–,,Jimmy Jennings,–,–,183.0,450.0,running,0.0,130.0
1983,17,Rougemont,12.0,–,45.0,Charlie Luck,Luck Stone (Charlie Luck),Pontiac,181.0,400.0,running,0.0,127.0
1983,17,Rougemont,13.0,–,4.0,Eddie Falk,Eddie Falk,Pontiac,164.0,350.0,running,0.0,124.0
1983,17,Rougemont,14.0,–,1.0,Butch Lindley,Kerry Bodenhamer,Pontiac,142.0,825.0,dnf,48.0,121.0
1983,17,Rougemont,15.0,–,79.0,Orvil Reedy,–,Pontiac,121.0,300.0,dnf,0.0,118.0
1983,17,Rougemont,16.0,–,12.0,Tommy Ellis,Marilyn Smith,Pontiac,94.0,770.0,dnf,76.0,115.0
1983,17,Rougemont,17.0,–,4.0,Joe Thurman,Johnny Davis,Pontiac,68.0,250.0,dnf,0.0,112.0
1983,17,Rougemont,18.0,–,74.0,Aaron Dudley,Boyd Nelson,Pontiac,48.0,230.0,dnf,0.0,109.0
1983,17,Rougemont,19.0,–,88.0,Jay Hedgecock,–,Pontiac,41.0,225.0,dnf,0.0,106.0
1983,17,Rougemont,20.0,–,16.0,Jimmy Lawson,–,Pontiac,36.0,220.0,dnf,0.0,103.0
1983,17,Rougemont,21.0,–,,Steve Hauser,–,–,33.0,215.0,dnf,0.0,100.0
1983,17,Rougemont,22.0,–,1.0,Pete Silva,Lindy White,Pontiac,23.0,210.0,dnf,0.0,97.0
1983,17,Rougemont,23.0,–,50.0,Al Hylton,–,Ford,19.0,205.0,dnf,0.0,94.0
1983,17,Rougemont,24.0,–,43.0,Dickie Linville,Dickie Linville,Pontiac,9.0,200.0,dnf,0.0,91.0
1983,18,Caraway,1.0,2,1.0,Butch Lindley,Miller Lite (Kerry Bodenhamer),Pontiac,200.0,3400.0,running,15.0,180.0
1983,18,Caraway,2.0,–,11.0,Jack Ingram,Jack Ingram,Pontiac,200.0,2300.0,running,0.0,170.0
1983,18,Caraway,3.0,–,55.0,Jimmy Hensley,–,Pontiac,200.0,1250.0,running,0.0,165.0
1983,18,Caraway,4.0,–,6.0,Tommy Houston,Mike Day,Chevrolet,200.0,1350.0,running,0.0,160.0
1983,18,Caraway,5.0,–,32.0,Dale Jarrett,Horace Isenhower,Pontiac,199.0,750.0,running,0.0,155.0
1983,18,Caraway,6.0,–,4.0,Eddie Falk,Eddie Falk,Pontiac,199.0,700.0,running,0.0,150.0
1983,18,Caraway,7.0,1,0.0,Sam Ard,Howard Thomas,Oldsmobile,199.0,1350.0,running,185.0,146.0
1983,18,Caraway,8.0,–,14.0,Ronnie Silver,Ronnie Silver,Pontiac,197.0,600.0,running,0.0,142.0
1983,18,Caraway,9.0,–,9.0,Bob Shreeves,Bob Shreeves,Pontiac,196.0,550.0,running,0.0,138.0
1983,18,Caraway,10.0,–,2.0,Jeff Hensley,–,Pontiac,195.0,500.0,running,0.0,134.0
1983,18,Caraway,11.0,–,1.0,Pete Silva,Lindy White,Pontiac,194.0,450.0,running,0.0,130.0
1983,18,Caraway,12.0,–,62.0,John Linville,John Linville,Pontiac,194.0,400.0,running,0.0,127.0
1983,18,Caraway,13.0,–,84.0,Ray Huff,Wallace Sweeney,Pontiac,191.0,350.0,running,0.0,124.0
1983,18,Caraway,14.0,–,37.0,Chip Lain,–,Pontiac,191.0,325.0,running,0.0,121.0
1983,18,Caraway,15.0,–,61.0,Butch Isom,Mink (John Clontz),Pontiac,187.0,300.0,running,0.0,118.0
1983,18,Caraway,16.0,–,16.0,Jimmy Lawson,–,Pontiac,173.0,270.0,dnf,0.0,115.0
1983,18,Caraway,17.0,–,,Steve Hauser,–,–,139.0,250.0,dnf,0.0,112.0
1983,18,Caraway,18.0,–,69.0,Junior Miller,Junior Miller,Buick,59.0,230.0,dnf,0.0,109.0
1983,18,Caraway,19.0,–,28.0,Phil Parsons,Skoal Bandit (Johnny Hayes),Pontiac,40.0,225.0,dnf,0.0,106.0
1983,18,Caraway,20.0,–,12.0,Tommy Ellis,Marilyn Smith,Pontiac,35.0,720.0,dnf,0.0,103.0
1983,18,Caraway,21.0,–,,Jonathan Lee Edwards,–,–,20.0,215.0,dnf,0.0,100.0
1983,18,Caraway,22.0,–,,Billy Hogan,–,–,20.0,210.0,dnf,0.0,97.0
1983,18,Caraway,23.0,–,,Jim Coltrane,–,–,15.0,205.0,dnf,0.0,94.0
1983,18,Caraway,24.0,–,45.0,Charlie Luck,Luck Stone (Charlie Luck),Pontiac,9.0,200.0,dnf,0.0,91.0
1983,19,Rougemont,1.0,11,6.0,Tommy Houston,Mason Day (Mike Day),Chevrolet,200.0,3100.0,running,39.0,180.0
1983,19,Rougemont,2.0,–,11.0,Jack Ingram,Skoal Bandit (Jack Ingram),Pontiac,200.0,2300.0,running,16.0,170.0
1983,19,Rougemont,3.0,1,0.0,Sam Ard,Thomas Brothers Country Ham (Howard Thomas),Oldsmobile,200.0,1600.0,running,48.0,165.0
1983,19,Rougemont,4.0,–,28.0,Phil Parsons,Skoal Bandit (Johnny Hayes),Pontiac,199.0,850.0,running,0.0,160.0
1983,19,Rougemont,5.0,–,32.0,Dale Jarrett,Horace Isenhower,Pontiac,199.0,750.0,running,0.0,155.0
1983,19,Rougemont,6.0,–,12.0,Tommy Ellis,Marilyn Smith,Pontiac,197.0,1300.0,running,80.0,150.0
1983,19,Rougemont,7.0,–,55.0,Jimmy Hensley,–,Pontiac,197.0,650.0,running,17.0,146.0
1983,19,Rougemont,8.0,–,14.0,Ronnie Silver,Banner House (Ronnie Silver),Pontiac,196.0,600.0,running,0.0,142.0
1983,19,Rougemont,9.0,–,4.0,Eddie Falk,Eddie Falk,Pontiac,195.0,550.0,running,0.0,138.0
1983,19,Rougemont,10.0,–,1.0,Butch Lindley,Kerry Bodenhamer,Pontiac,194.0,1000.0,running,0.0,134.0
1983,19,Rougemont,11.0,–,62.0,John Linville,John Linville,Pontiac,193.0,450.0,running,0.0,130.0
1983,19,Rougemont,12.0,–,2.0,Jeff Hensley,–,Pontiac,193.0,400.0,running,0.0,127.0
1983,19,Rougemont,13.0,–,16.0,Jimmy Lawson,–,Pontiac,193.0,350.0,running,0.0,124.0
1983,19,Rougemont,14.0,–,50.0,Al Hylton,–,Ford,191.0,325.0,running,0.0,121.0
1983,19,Rougemont,15.0,–,43.0,Dickie Linville,Dickie Linville,Pontiac,191.0,300.0,dnf,0.0,118.0
1983,19,Rougemont,16.0,–,37.0,Chip Lain,–,Pontiac,174.0,270.0,dnf,0.0,115.0
1983,19,Rougemont,17.0,–,45.0,Charlie Luck,Luck Stone (Charlie Luck),Pontiac,169.0,250.0,dnf,0.0,112.0
1983,19,Rougemont,18.0,–,41.0,Jack Bland,Tiny Randall,Pontiac,108.0,230.0,dnf,0.0,109.0
1983,19,Rougemont,19.0,–,9.0,Bob Shreeves,Denmark Racing (Bob Shreeves),Pontiac,107.0,225.0,dnf,0.0,106.0
1983,19,Rougemont,20.0,–,,Jimmy Jennings,–,–,83.0,220.0,dnf,0.0,103.0
1983,19,Rougemont,21.0,–,88.0,Jay Hedgecock,–,Pontiac,77.0,215.0,dnf,0.0,100.0
1983,19,Rougemont,22.0,–,1.0,Pete Silva,Lindy White,Pontiac,69.0,210.0,dnf,0.0,97.0
1983,20,South Boston,1.0,3,12.0,Tommy Ellis,Marilyn Smith,Pontiac,200.0,2500.0,running,198.0,180.0
1983,20,South Boston,2.0,–,11.0,Jack Ingram,Jack Ingram,Pontiac,200.0,2300.0,running,0.0,170.0
1983,20,South Boston,3.0,–,32.0,Dale Jarrett,Horace Isenhower,Pontiac,200.0,1000.0,running,0.0,165.0
1983,20,South Boston,4.0,–,0.0,Sam Ard,Howard Thomas,Oldsmobile,200.0,1350.0,running,0.0,160.0
1983,20,South Boston,5.0,–,51.0,Robert Ingram,–,Pontiac,199.0,750.0,running,0.0,155.0
1983,20,South Boston,6.0,–,6.0,Tommy Houston,Mike Day,Chevrolet,199.0,1200.0,running,0.0,150.0
1983,20,South Boston,7.0,–,22.0,Rick Mast,"Alan Dillard, Jr.",Pontiac,198.0,650.0,running,0.0,146.0
1983,20,South Boston,8.0,–,9.0,Bob Shreeves,Bob Shreeves,Pontiac,198.0,600.0,running,0.0,142.0
1983,20,South Boston,9.0,–,27.0,Bosco Lowe,Edgar Ryder,Chevrolet,196.0,550.0,running,0.0,138.0
1983,20,South Boston,10.0,–,21.0,Larry Pearson,David Pearson,Pontiac,196.0,500.0,running,0.0,134.0
1983,20,South Boston,11.0,–,45.0,Charlie Luck,Luck Stone (Charlie Luck),Pontiac,196.0,450.0,running,0.0,130.0
1983,20,South Boston,12.0,–,88.0,Jay Hedgecock,–,Pontiac,195.0,400.0,running,0.0,127.0
1983,20,South Boston,13.0,–,14.0,Ronnie Silver,Ronnie Silver,Pontiac,195.0,350.0,running,0.0,124.0
1983,20,South Boston,14.0,–,6.0,Rodney Howard,–,Pontiac,195.0,325.0,running,0.0,121.0
1983,20,South Boston,15.0,–,20.0,Dickie Boswell,Michael Broyhill,Pontiac,194.0,300.0,running,0.0,118.0
1983,20,South Boston,16.0,1,28.0,Phil Parsons,Skoal Bandit (Johnny Hayes),Pontiac,194.0,270.0,running,2.0,115.0
1983,20,South Boston,17.0,–,4.0,Eddie Falk,Eddie Falk,Pontiac,193.0,250.0,running,0.0,112.0
1983,20,South Boston,18.0,–,2.0,Jeff Hensley,–,Pontiac,192.0,230.0,running,0.0,109.0
1983,20,South Boston,19.0,–,62.0,John Linville,John Linville,Pontiac,124.0,225.0,dnf,0.0,106.0
1983,20,South Boston,20.0,–,1.0,Butch Lindley,Kerry Bodenhamer,Pontiac,114.0,720.0,dnf,0.0,103.0
1983,20,South Boston,21.0,–,16.0,Jimmy Lawson,–,Pontiac,103.0,215.0,dnf,0.0,100.0
1983,20,South Boston,22.0,–,37.0,Chip Lain,–,Pontiac,70.0,210.0,dnf,0.0,97.0
1983,20,South Boston,23.0,–,55.0,Jimmy Hensley,–,Pontiac,50.0,205.0,dnf,0.0,94.0
1983,20,South Boston,24.0,–,1.0,Pete Silva,Lindy White,Pontiac,49.0,200.0,dnf,0.0,91.0
1983,21,Hickory,1.0,1.0,0.0,Sam Ard,Thomas Brothers Country Ham (Howard Thomas),Oldsmobile,200.0,3200.0,running,200.0,180.0
1983,21,Hickory,2.0,10.0,11.0,Jack Ingram,Jack Ingram,Pontiac,200.0,2300.0,running,0.0,170.0
1983,21,Hickory,3.0,5.0,12.0,Tommy Ellis,Marilyn Smith,Pontiac,200.0,1500.0,running,0.0,165.0
1983,21,Hickory,4.0,9.0,9.0,Bob Shreeves,Bob Shreeves,Pontiac,200.0,1100.0,running,0.0,160.0
1983,21,Hickory,5.0,4.0,32.0,Dale Jarrett,Horace Isenhower,Pontiac,200.0,750.0,running,0.0,155.0
1983,21,Hickory,6.0,11.0,14.0,Ronnie Silver,Ronnie Silver,Pontiac,200.0,800.0,running,0.0,150.0
1983,21,Hickory,7.0,6.0,4.0,Eddie Falk,Eddie Falk,Pontiac,200.0,650.0,running,0.0,146.0
1983,21,Hickory,8.0,16.0,21.0,Larry Pearson,David Pearson,Pontiac,200.0,600.0,running,0.0,142.0
1983,21,Hickory,9.0,14.0,63.0,Jimmy Hensley,Hubert Hensley,Pontiac,198.0,550.0,running,0.0,138.0
1983,21,Hickory,10.0,22.0,4.0,Joe Thurman,Johnny Davis,Pontiac,194.0,500.0,running,0.0,134.0
1983,21,Hickory,11.0,3.0,6.0,Tommy Houston,Mike Day,Chevrolet,194.0,950.0,running,0.0,130.0
1983,21,Hickory,12.0,25.0,37.0,Chip Lain,–,Pontiac,192.0,400.0,running,0.0,127.0
1983,21,Hickory,13.0,23.0,39.0,Bob Hatley,–,Pontiac,184.0,350.0,running,0.0,124.0
1983,21,Hickory,14.0,19.0,45.0,Charlie Luck,Luck Stone (Charlie Luck),Pontiac,178.0,325.0,running,0.0,121.0
1983,21,Hickory,15.0,12.0,16.0,Jimmy Lawson,–,Pontiac,154.0,300.0,engine,0.0,118.0
1983,21,Hickory,16.0,8.0,1.0,Pete Silva,Lindy White,Pontiac,143.0,270.0,suspension,0.0,115.0
1983,21,Hickory,17.0,7.0,28.0,Phil Parsons,Skoal Bandit (Johnny Hayes),Pontiac,107.0,250.0,crash,0.0,112.0
1983,21,Hickory,18.0,18.0,66.0,Bennie Davis,–,Chevrolet,103.0,230.0,crash,0.0,109.0
1983,21,Hickory,19.0,24.0,97.0,Harry Lee Hill,Harry Lee Hill,Pontiac,84.0,225.0,engine,0.0,106.0
1983,21,Hickory,20.0,13.0,36.0,Butch Lindley,Loven Racing (Kerry Bodenhamer),Pontiac,78.0,720.0,throttle,0.0,103.0
1983,21,Hickory,21.0,20.0,6.0,Rodney Howard,–,Pontiac,13.0,215.0,crash,0.0,100.0
1983,21,Hickory,22.0,17.0,96.0,Ronnie Davidson,Charles Davidson,Oldsmobile,12.0,210.0,crash,0.0,97.0
1983,21,Hickory,23.0,2.0,3.0,Tony Warren,–,Chevrolet,9.0,205.0,engine,0.0,94.0
1983,21,Hickory,24.0,15.0,81.0,Jeff Hall,–,Pontiac,9.0,200.0,crash,0.0,91.0
1983,21,Hickory,25.0,21.0,27.0,Bosco Lowe,Edgar Ryder,Chevrolet,8.0,200.0,crash,0.0,88.0
1983,22,Hampton,1.0,–,11.0,Jack Ingram,Jack Ingram,Pontiac,200.0,2900.0,running,71.0,180.0
1983,22,Hampton,2.0,1,32.0,Dale Jarrett,Horace Isenhower,Pontiac,200.0,1400.0,running,129.0,170.0
1983,22,Hampton,3.0,–,12.0,Tommy Ellis,Marilyn Smith,Pontiac,200.0,1500.0,running,0.0,165.0
1983,22,Hampton,4.0,–,36.0,Butch Lindley,Loven Racing (Kerry Bodenhamer),Pontiac,200.0,1600.0,running,0.0,160.0
1983,22,Hampton,5.0,–,16.0,Jimmy Lawson,–,Pontiac,199.0,850.0,running,0.0,155.0
1983,22,Hampton,6.0,–,4.0,Eddie Falk,Eddie Falk,Pontiac,198.0,700.0,running,0.0,150.0
1983,22,Hampton,7.0,–,0.0,Sam Ard,Howard Thomas,Oldsmobile,198.0,1250.0,running,0.0,146.0
1983,22,Hampton,8.0,–,55.0,Jimmy Hensley,–,Pontiac,198.0,800.0,running,0.0,142.0
1983,22,Hampton,9.0,–,9.0,Bob Shreeves,Bob Shreeves,Pontiac,197.0,650.0,running,0.0,138.0
1983,22,Hampton,10.0,–,45.0,Charlie Luck,Luck Stone (Charlie Luck),Pontiac,197.0,500.0,running,0.0,134.0
1983,22,Hampton,11.0,–,41.0,Jack Bland,Tiny Randall,Pontiac,197.0,450.0,running,0.0,130.0
1983,22,Hampton,12.0,–,14.0,Ronnie Silver,Ronnie Silver,Pontiac,197.0,500.0,running,0.0,127.0
1983,22,Hampton,13.0,–,51.0,Robert Ingram,–,Pontiac,196.0,350.0,running,0.0,124.0
1983,22,Hampton,14.0,–,4.0,Joe Thurman,Johnny Davis,Pontiac,196.0,375.0,running,0.0,121.0
1983,22,Hampton,15.0,–,19.0,Diane Teel,–,Pontiac,194.0,300.0,running,0.0,118.0
1983,22,Hampton,16.0,–,2.0,Jeff Hensley,–,Pontiac,188.0,320.0,running,0.0,115.0
1983,22,Hampton,17.0,–,6.0,Tommy Houston,Mike Day,Chevrolet,155.0,750.0,dnf,0.0,112.0
1983,22,Hampton,18.0,–,1.0,Pete Silva,Lindy White,Pontiac,129.0,330.0,dnf,0.0,109.0
1983,22,Hampton,19.0,–,37.0,Chip Lain,–,Pontiac,72.0,225.0,dnf,0.0,106.0
1983,22,Hampton,20.0,–,62.0,John Linville,John Linville,Pontiac,1.0,320.0,dnf,0.0,103.0
1983,23,IRP,1.0,7.0,6.0,Tommy Houston,Everett Chevrolet (Mike Day),Chevrolet,200.0,7950.0,running,42.0,180.0
1983,23,IRP,2.0,10.0,17.0,Darrell Waltrip,Pepsi (Darrell Waltrip),Pontiac,200.0,4700.0,running,26.0,170.0
1983,23,IRP,3.0,6.0,0.0,Sam Ard,Thomas Brothers Country Ham (Howard Thomas),Oldsmobile,200.0,3975.0,running,0.0,165.0
1983,23,IRP,4.0,1.0,28.0,Phil Parsons,Skoal Bandit (Johnny Hayes),Pontiac,200.0,2800.0,running,41.0,160.0
1983,23,IRP,5.0,5.0,12.0,Tommy Ellis,Industrial Boiler (Marilyn Smith),Pontiac,200.0,2850.0,running,11.0,155.0
1983,23,IRP,6.0,3.0,32.0,Dale Jarrett,Pet Dairy (Horace Isenhower),Pontiac,199.0,1600.0,running,0.0,150.0
1983,23,IRP,7.0,16.0,6.0,Rodney Howard,Big Daddy's Lounge,Pontiac,199.0,1400.0,running,0.0,146.0
1983,23,IRP,8.0,2.0,7.0,Morgan Shepherd,Ed Whitaker,Oldsmobile,199.0,1700.0,running,61.0,142.0
1983,23,IRP,9.0,14.0,63.0,Jimmy Hensley,Ashby Sheet Metal & Machine (Hubert Hensley),Pontiac,196.0,1400.0,running,0.0,138.0
1983,23,IRP,10.0,13.0,14.0,Ronnie Silver,Ronnie Silver,Pontiac,196.0,1100.0,running,0.0,134.0
1983,23,IRP,11.0,17.0,22.0,Rick Mast,"Alan Dillard, Jr.",Pontiac,196.0,1050.0,running,0.0,130.0
1983,23,IRP,12.0,12.0,16.0,Jimmy Lawson,–,Pontiac,196.0,1000.0,running,0.0,127.0
1983,23,IRP,13.0,9.0,45.0,Charlie Luck,Luck Stone (Charlie Luck),Pontiac,193.0,950.0,running,0.0,124.0
1983,23,IRP,14.0,15.0,2.0,Jeff Hensley,Smith & Davis Tire / Country Racing Parts,Pontiac,188.0,925.0,dnf,12.0,121.0
1983,23,IRP,15.0,18.0,62.0,John Linville,1 Stop Food Store (John Linville),Pontiac,183.0,900.0,dnf,0.0,118.0
1983,23,IRP,16.0,25.0,44.0,Dorris Vaughan,–,Chevrolet,182.0,975.0,dnf,0.0,115.0
1983,23,IRP,17.0,21.0,74.0,Aaron Dudley,Boyd Nelson,Pontiac,179.0,950.0,dnf,0.0,112.0
1983,23,IRP,18.0,8.0,71.0,Tim Richmond,Wolfe & Swickard,Oldsmobile,169.0,825.0,dnf,0.0,109.0
1983,23,IRP,19.0,24.0,37.0,Chip Lain,–,Pontiac,169.0,900.0,dnf,0.0,106.0
1983,23,IRP,20.0,11.0,11.0,Jack Ingram,Jack Ingram,Pontiac,159.0,1925.0,dnf,7.0,103.0
1983,23,IRP,21.0,19.0,4.0,Joe Thurman,Johnny Davis,Pontiac,88.0,765.0,dnf,0.0,100.0
1983,23,IRP,22.0,20.0,41.0,Jack Bland,Tiny Randall,Pontiac,53.0,755.0,dnf,0.0,97.0
1983,23,IRP,23.0,22.0,24.0,Glenn Jarrett,Marvin Thackston,Ford,35.0,845.0,dnf,0.0,94.0
1983,23,IRP,24.0,23.0,18.0,Jeff Berry,–,Pontiac,18.0,835.0,dnf,0.0,91.0
1983,23,IRP,25.0,4.0,36.0,Butch Lindley,Loven Racing (Kerry Bodenhamer),Pontiac,12.0,1475.0,dnf,0.0,88.0
1983,23,IRP,26.0,27.0,4.0,Eddie Falk,Eddie Falk,Pontiac,9.0,715.0,dnf,0.0,85.0
1983,23,IRP,27.0,26.0,48.0,Paul Shull,–,Chevrolet,5.0,805.0,dnf,0.0,82.0
1983,24,Greenville,1.0,1,36.0,Butch Lindley,Loven Racing (Kerry Bodenhamer),Pontiac,200.0,2500.0,running,200.0,180.0
1983,24,Greenville,2.0,–,32.0,Dale Jarrett,Horace Isenhower,Pontiac,200.0,1400.0,running,0.0,170.0
1983,24,Greenville,3.0,–,11.0,Jack Ingram,Jack Ingram,Pontiac,199.0,1900.0,running,0.0,165.0
1983,24,Greenville,4.0,–,63.0,Jimmy Hensley,Hubert Hensley,Pontiac,199.0,850.0,running,0.0,160.0
1983,24,Greenville,5.0,–,14.0,Ronnie Silver,Ronnie Silver,Pontiac,199.0,750.0,running,0.0,
1983,24,Greenville,6.0,–,0.0,Sam Ard,Howard Thomas,Oldsmobile,198.0,1200.0,running,0.0,150.0
1983,24,Greenville,7.0,–,45.0,Charlie Luck,Luck Stone (Charlie Luck),Pontiac,193.0,650.0,running,0.0,146.0
1983,24,Greenville,8.0,–,21.0,Larry Pearson,David Pearson,Pontiac,193.0,600.0,running,0.0,142.0
1983,24,Greenville,9.0,–,2.0,Jeff Hensley,–,Pontiac,183.0,550.0,running,0.0,138.0
1983,24,Greenville,10.0,–,66.0,Bennie Davis,–,Chevrolet,183.0,500.0,running,0.0,134.0
1983,24,Greenville,11.0,–,0.0,Allen Applegate,Applegate Racing (W.O. Applegate),Chevrolet,180.0,450.0,dnf,0.0,130.0
1983,24,Greenville,12.0,–,4.0,Eddie Falk,Eddie Falk,Pontiac,169.0,400.0,dnf,0.0,127.0
1983,24,Greenville,13.0,–,16.0,Jimmy Lawson,–,Pontiac,160.0,350.0,dnf,0.0,124.0
1983,24,Greenville,14.0,–,12.0,Tommy Ellis,Marilyn Smith,Pontiac,148.0,825.0,dnf,0.0,121.0
1983,24,Greenville,15.0,–,9.0,Bob Shreeves,Bob Shreeves,Pontiac,128.0,300.0,dnf,0.0,118.0
1983,24,Greenville,16.0,–,20.0,Bosco Lowe,Edgar Ryder,Pontiac,101.0,270.0,dnf,0.0,115.0
1983,24,Greenville,17.0,–,62.0,John Linville,John Linville,Pontiac,90.0,250.0,dnf,0.0,112.0
1983,24,Greenville,18.0,–,6.0,Tommy Houston,Mike Day,Chevrolet,82.0,830.0,dnf,0.0,109.0
1983,24,Greenville,19.0,–,6.0,Rodney Howard,–,Pontiac,57.0,225.0,dnf,0.0,106.0
1983,24,Greenville,20.0,–,,Larry Buckner,–,–,35.0,220.0,dnf,0.0,
1983,24,Greenville,21.0,–,,Billy Hogan,–,–,17.0,215.0,dnf,0.0,100.0
1983,24,Greenville,22.0,–,,James Coleman,–,–,16.0,210.0,dnf,0.0,
1983,24,Greenville,23.0,–,,Randy Butner,–,–,4.0,205.0,dnf,0.0,94.0
1983,24,Greenville,24.0,–,39.0,Bob Hatley,–,Pontiac,0.0,200.0,dnf,0.0,
1983,25,Bristol,1.0,2.0,0.0,Sam Ard,Thomas Brothers Country Ham (Howard Thomas),Oldsmobile,150.0,3450.0,running,121.0,180.0
1983,25,Bristol,2.0,3.0,11.0,Jack Ingram,Jack Ingram,Pontiac,150.0,3150.0,running,0.0,170.0
1983,25,Bristol,3.0,4.0,12.0,Tommy Ellis,Marilyn Smith,Pontiac,150.0,2400.0,running,0.0,165.0
1983,25,Bristol,4.0,6.0,7.0,Morgan Shepherd,Food Country USA (Ed Whitaker),Oldsmobile,149.0,1385.0,running,0.0,160.0
1983,25,Bristol,5.0,7.0,22.0,Rick Mast,"Alan Dillard, Jr.",Pontiac,149.0,1150.0,running,0.0,155.0
1983,25,Bristol,6.0,5.0,6.0,Tommy Houston,Mike Day,Chevrolet,147.0,1700.0,running,0.0,150.0
1983,25,Bristol,7.0,14.0,45.0,Charlie Luck,Luck Stone / Dryden Oil (Charlie Luck),Pontiac,144.0,850.0,running,0.0,146.0
1983,25,Bristol,8.0,10.0,16.0,Jimmy Lawson,–,Pontiac,141.0,750.0,running,0.0,142.0
1983,25,Bristol,9.0,13.0,72.0,Tommy Hilbert,Tommy Hilbert,Pontiac,140.0,650.0,running,0.0,138.0
1983,25,Bristol,10.0,19.0,81.0,Jeff Hall,–,Pontiac,138.0,550.0,running,0.0,134.0
1983,25,Bristol,11.0,18.0,4.0,Dorris Vaughan,–,Chevrolet,134.0,500.0,running,0.0,130.0
1983,25,Bristol,12.0,21.0,62.0,John Linville,John Linville,Pontiac,129.0,450.0,running,0.0,127.0
1983,25,Bristol,13.0,1.0,28.0,Phil Parsons,Skoal Bandit (Johnny Hayes),Pontiac,103.0,900.0,overheating,29.0,124.0
1983,25,Bristol,14.0,11.0,32.0,Dale Jarrett,Horace Isenhower,Pontiac,83.0,350.0,crash,0.0,121.0
1983,25,Bristol,15.0,9.0,63.0,Jimmy Hensley,Hubert Hensley,Pontiac,82.0,325.0,crash,0.0,118.0
1983,25,Bristol,16.0,20.0,38.0,Jeff Hensley,–,Pontiac,71.0,320.0,running,0.0,115.0
1983,25,Bristol,17.0,12.0,20.0,Bosco Lowe,Edgar Ryder,Pontiac,61.0,315.0,overheating,0.0,112.0
1983,25,Bristol,18.0,8.0,36.0,Butch Lindley,Loven Racing (Kerry Bodenhamer),Pontiac,58.0,1060.0,water pump,0.0,109.0
1983,25,Bristol,19.0,16.0,0.0,Allen Applegate,W.O. Applegate,Pontiac,40.0,305.0,engine,0.0,106.0
1983,25,Bristol,20.0,15.0,67.0,Bill Hampton,–,Pontiac,25.0,300.0,overheating,0.0,103.0
1983,25,Bristol,21.0,17.0,96.0,Ronnie Davidson,Davidson Racing (Charles Davidson),Pontiac,16.0,295.0,engine,0.0,100.0
1983,25,Bristol,22.0,22.0,4.0,Eddie Falk,Eddie Falk,Pontiac,1.0,290.0,valve,0.0,97.0
1983,26,Hickory,1.0,7,6.0,Tommy Houston,Mike Day,Chevrolet,200.0,3000.0,running,91.0,180.0
1983,26,Hickory,2.0,–,11.0,Jack Ingram,Jack Ingram,Pontiac,200.0,2300.0,running,0.0,170.0
1983,26,Hickory,3.0,–,32.0,Dale Jarrett,Horace Isenhower,Pontiac,200.0,1000.0,running,0.0,165.0
1983,26,Hickory,4.0,1,12.0,Tommy Ellis,Marilyn Smith,Pontiac,199.0,1350.0,running,109.0,160.0
1983,26,Hickory,5.0,–,0.0,Sam Ard,Howard Thomas,Oldsmobile,199.0,1250.0,running,0.0,155.0
1983,26,Hickory,6.0,–,1.0,Pete Silva,Lindy White,Pontiac,198.0,700.0,running,0.0,150.0
1983,26,Hickory,7.0,–,16.0,Jimmy Lawson,–,Pontiac,198.0,900.0,running,0.0,146.0
1983,26,Hickory,8.0,–,9.0,Bob Shreeves,Bob Shreeves,Pontiac,198.0,600.0,running,0.0,142.0
1983,26,Hickory,9.0,–,14.0,Ronnie Silver,Ronnie Silver,Pontiac,197.0,650.0,running,0.0,138.0
1983,26,Hickory,10.0,–,4.0,Eddie Falk,Eddie Falk,Pontiac,197.0,500.0,running,0.0,134.0
1983,26,Hickory,11.0,–,50.0,Al Hylton,–,Ford,193.0,450.0,running,0.0,130.0
1983,26,Hickory,12.0,–,63.0,Jimmy Hensley,Hubert Hensley,Pontiac,192.0,400.0,running,0.0,127.0
1983,26,Hickory,13.0,–,6.0,Rodney Howard,–,Pontiac,192.0,350.0,running,0.0,124.0
1983,26,Hickory,14.0,–,20.0,Bosco Lowe,Edgar Ryder,Pontiac,191.0,325.0,running,0.0,121.0
1983,26,Hickory,15.0,–,85.0,Lowe Smith,Lowe Smith,Chevrolet,189.0,300.0,running,0.0,118.0
1983,26,Hickory,16.0,–,,Tommy Sigmon,–,–,187.0,270.0,dnf,0.0,115.0
1983,26,Hickory,17.0,–,39.0,Mitchell Clark,–,Pontiac,137.0,250.0,dnf,0.0,112.0
1983,26,Hickory,18.0,–,2.0,Jeff Hensley,–,Pontiac,131.0,230.0,dnf,0.0,109.0
1983,26,Hickory,19.0,–,66.0,Bennie Davis,–,Pontiac,72.0,225.0,dnf,0.0,106.0
1983,26,Hickory,20.0,–,62.0,John Linville,John Linville,Pontiac,64.0,220.0,dnf,0.0,103.0
1983,26,Hickory,21.0,–,45.0,Charlie Luck,Luck Stone / Dryden Oil (Charlie Luck),Pontiac,22.0,215.0,dnf,0.0,100.0
1983,26,Hickory,22.0,–,64.0,Daryl Lacks,Donald Fuqua,Chevrolet,3.0,210.0,dnf,0.0,97.0
1983,26,Hickory,23.0,–,81.0,Jeff Hall,–,Pontiac,2.0,205.0,dnf,0.0,94.0
1983,26,Hickory,24.0,–,18.0,Jeff Berry,–,Pontiac,2.0,200.0,dnf,0.0,91.0
1983,27,Darlington,1.0,2.0,75.0,Neil Bonnett,Hodgdon (Butch Mock),Pontiac,183.0,8100.0,running,162.0,180.0
1983,27,Darlington,2.0,3.0,0.0,Sam Ard,Thomas Brothers Country Ham (Howard Thomas),Oldsmobile,183.0,7375.0,running,9.0,170.0
1983,27,Darlington,3.0,1.0,11.0,Jack Ingram,Ingram Racing (Jack Ingram),Oldsmobile,183.0,6825.0,running,1.0,165.0
1983,27,Darlington,4.0,13.0,23.0,Davey Allison,Miller High Life (Bobby Allison),Pontiac,181.0,3000.0,running,0.0,160.0
1983,27,Darlington,5.0,19.0,8.0,Ron Bouchard,Boehler's Racing (Len Boehler),Pontiac,181.0,2150.0,running,0.0,155.0
1983,27,Darlington,6.0,7.0,24.0,Glenn Jarrett,Budweiser (Marvin Thackston),Ford,179.0,2600.0,running,0.0,150.0
1983,27,Darlington,7.0,10.0,12.0,Tommy Ellis,Industrial Boiler (Marilyn Smith),Pontiac,179.0,3300.0,running,2.0,146.0
1983,27,Darlington,8.0,14.0,6.0,Tommy Houston,Mason Day Paving (Mike Day),Oldsmobile,178.0,3050.0,running,0.0,142.0
1983,27,Darlington,9.0,12.0,70.0,Bosco Lowe,AutoSport (J.D. McDuffie),Pontiac,178.0,1800.0,running,0.0,138.0
1983,27,Darlington,10.0,9.0,1.0,Pete Silva,Newcon Leasing (Lindy White),Pontiac,172.0,1600.0,running,0.0,134.0
1983,27,Darlington,11.0,21.0,3.0,J.D. McDuffie,Robert's Used Cars,Pontiac,172.0,1100.0,running,0.0,130.0
1983,27,Darlington,12.0,22.0,3.0,Mike Porter,Jeno's Pizza,Oldsmobile,168.0,1000.0,running,0.0,127.0
1983,27,Darlington,13.0,4.0,28.0,Phil Parsons,Skoal Bandit (Johnny Hayes),Pontiac,167.0,1325.0,crash,8.0,124.0
1983,27,Darlington,14.0,34.0,87.0,Steve Jarvis,Jarvis Racing (Steve Jarvis),Chevrolet,166.0,900.0,running,0.0,121.0
1983,27,Darlington,15.0,28.0,69.0,Junior Miller,Anheuser Busch / Barringer Distributors (Junior Miller),Pontiac,158.0,850.0,running,0.0,118.0
1983,27,Darlington,16.0,35.0,54.0,Jimmy Poovey,Broadway Motors,Pontiac,111.0,825.0,running,0.0,115.0
1983,27,Darlington,17.0,30.0,90.0,Mark Gibson,Don's Automotive (Mark Gibson),Pontiac,110.0,800.0,running,0.0,112.0
1983,27,Darlington,18.0,31.0,86.0,Mike Watts,G & W Hauling & Rigging (Mike Watts),Pontiac,108.0,775.0,running,0.0,109.0
1983,27,Darlington,19.0,20.0,4.0,Joe Thurman,Thurman Enterprises (Johnny Davis),Pontiac,104.0,1100.0,engine,0.0,106.0
1983,27,Darlington,20.0,37.0,40.0,Rodney Howard,Vanadore Racing,Pontiac,101.0,1050.0,crash,0.0,103.0
1983,27,Darlington,21.0,8.0,7.0,Tim Richmond,Old Milwaukee (Ed Whitaker),Pontiac,92.0,700.0,rear axle,1.0,100.0
1983,27,Darlington,22.0,16.0,29.0,Jimmy Hensley,Longwood Restaurant (Chubby Arrington),Dodge,80.0,975.0,engine,0.0,97.0
1983,27,Darlington,23.0,27.0,2.0,Kirk Bryant,A. Steve Pierce,Pontiac,76.0,650.0,engine,0.0,94.0
1983,27,Darlington,24.0,15.0,26.0,L.D. Ottinger,Newport Auto Parts / 25-70 Truck Stop (C.B. Gwyn),Oldsmobile,51.0,625.0,transmission,0.0,91.0
1983,27,Darlington,25.0,29.0,4.0,Eddie Falk,Falk's Auto Sales (Eddie Falk),Pontiac,43.0,875.0,engine,0.0,88.0
1983,27,Darlington,26.0,33.0,5.0,Billy Myers,Adkins Service Center,Chevrolet,37.0,575.0,engine,0.0,85.0
1983,27,Darlington,27.0,26.0,38.0,Gary Potter,Potter Racing (Gary Potter),Pontiac,32.0,570.0,engine,0.0,82.0
1983,27,Darlington,28.0,32.0,91.0,John Linville,One Stop Food Shop,Pontiac,29.0,915.0,engine,0.0,79.0
1983,27,Darlington,29.0,24.0,93.0,Connie Saylor,Saylor Racing,Pontiac,25.0,560.0,engine,0.0,76.0
1983,27,Darlington,30.0,17.0,33.0,George Dalton,Dalton Chevy Dealers (George Dalton),Pontiac,22.0,555.0,handling,0.0,73.0
1983,27,Darlington,31.0,6.0,1.0,Ricky Rudd,Anderson & Webb Trucking (Emanuel Zervakis),Pontiac,20.0,550.0,engine,0.0,70.0
1983,27,Darlington,32.0,11.0,32.0,Dale Jarrett,Pet Dairy (Horace Isenhower),Pontiac,20.0,770.0,engine,0.0,67.0
1983,27,Darlington,33.0,18.0,37.0,Chip Lain,Pierce Air Tool,Pontiac,20.0,540.0,engine,0.0,64.0
1983,27,Darlington,34.0,36.0,31.0,Ed Baugess,Baugess Racing,Chevrolet,20.0,535.0,handling,0.0,61.0
1983,27,Darlington,35.0,14.0,14.0,Ronnie Silver,Banner House (Ronnie Silver),Oldsmobile,11.0,730.0,engine,0.0,58.0
1983,27,Darlington,36.0,25.0,55.0,Benny Kerley,Lail's Car Parts,Pontiac,10.0,525.0,crash,0.0,55.0
1983,27,Darlington,37.0,5.0,22.0,Bobby Allison,"Miller High Life (Alan Dillard, Jr.)",Pontiac,6.0,525.0,engine,0.0,52.0
1983,28,Richmond,1.0,3.0,7.0,Morgan Shepherd,Food Country USA (Ed Whitaker),Oldsmobile,150.0,4500.0,running,33.0,180.0
1983,28,Richmond,2.0,1.0,12.0,Tommy Ellis,Industrial Boiler / Rose's (Marilyn Smith),Pontiac,150.0,3250.0,running,116.0,170.0
1983,28,Richmond,3.0,4.0,32.0,Dale Jarrett,Pet Dairy (Horace Isenhower),Pontiac,150.0,1650.0,running,0.0,165.0
1983,28,Richmond,4.0,6.0,6.0,Tommy Houston,Mike Day,Chevrolet,150.0,1750.0,running,0.0,160.0
1983,28,Richmond,5.0,2.0,0.0,Sam Ard,Thomas Brothers Country Ham (Howard Thomas),Oldsmobile,150.0,1600.0,running,0.0,155.0
1983,28,Richmond,6.0,8.0,63.0,Jimmy Hensley,Hubert Hensley,Pontiac,150.0,650.0,running,0.0,150.0
1983,28,Richmond,7.0,7.0,11.0,Jack Ingram,Jack Ingram,Pontiac,150.0,1750.0,running,0.0,146.0
1983,28,Richmond,8.0,18.0,7.0,Bosco Lowe,Edgar Ryder,Pontiac,149.0,800.0,running,1.0,142.0
1983,28,Richmond,9.0,13.0,20.0,Dickie Boswell,Ryder's Floor Store (Michael Broyhill),Pontiac,149.0,500.0,running,0.0,138.0
1983,28,Richmond,10.0,21.0,41.0,Jack Bland,Randall Racing (Tiny Randall),Pontiac,149.0,450.0,running,0.0,134.0
1983,28,Richmond,11.0,15.0,2.0,Jeff Hensley,Smith-Davis,Pontiac,145.0,400.0,running,0.0,130.0
1983,28,Richmond,12.0,24.0,34.0,Eddie Johnson,Richard Johnson,Chevrolet,144.0,360.0,running,0.0,127.0
1983,28,Richmond,13.0,16.0,28.0,Phil Parsons,Skoal Bandit (Johnny Hayes),Pontiac,142.0,325.0,dnf,0.0,124.0
1983,28,Richmond,14.0,14.0,45.0,Charlie Luck,Luck Stone / Dryden Oil (Charlie Luck),Pontiac,118.0,300.0,dnf,0.0,121.0
1983,28,Richmond,15.0,19.0,1.0,Pete Silva,Lindy White,Pontiac,107.0,285.0,dnf,0.0,118.0
1983,28,Richmond,16.0,9.0,9.0,Bob Shreeves,Muffler City (Bob Shreeves),Pontiac,75.0,275.0,dnf,0.0,115.0
1983,28,Richmond,17.0,12.0,22.0,Rick Mast,"Alan Dillard, Jr.",Pontiac,62.0,265.0,dnf,0.0,112.0
1983,28,Richmond,18.0,17.0,14.0,Ronnie Silver,Ronnie Silver,Pontiac,55.0,260.0,dnf,0.0,109.0
1983,28,Richmond,19.0,25.0,77.0,Bud Elliott,O.B. Elliott,Pontiac,45.0,255.0,dnf,0.0,106.0
1983,28,Richmond,20.0,22.0,4.0,Joe Thurman,Johnny Davis,Pontiac,45.0,250.0,dnf,0.0,103.0
1983,28,Richmond,21.0,20.0,94.0,Curtis Markham,Al's Auto Parts (Frank Edwards),Pontiac,36.0,245.0,dnf,0.0,100.0
1983,28,Richmond,22.0,11.0,4.0,Eddie Falk,Eddie Falk,Pontiac,30.0,240.0,dnf,0.0,97.0
1983,28,Richmond,23.0,26.0,69.0,Junior Miller,Junior Miller,Buick,29.0,235.0,dnf,0.0,94.0
1983,28,Richmond,24.0,5.0,51.0,Robert Ingram,Ingram Auto Parts,Pontiac,23.0,230.0,dnf,0.0,91.0
1983,28,Richmond,25.0,23.0,62.0,John Linville,John Linville,Pontiac,21.0,225.0,dnf,0.0,88.0
1983,28,Richmond,26.0,27.0,88.0,Jay Hedgecock,SSI,Pontiac,20.0,220.0,dnf,0.0,85.0
1983,28,Richmond,27.0,10.0,16.0,Jimmy Lawson,–,Pontiac,8.0,215.0,dnf,0.0,82.0
1983,29,North Wilkesboro,1.0,3.0,12.0,Tommy Ellis,Industrial Boiler (Marilyn Smith),Pontiac,200.0,3250.0,running,13.0,180.0
1983,29,North Wilkesboro,2.0,6.0,6.0,Tommy Houston,Mike Day,Chevrolet,200.0,2150.0,running,44.0,170.0
1983,29,North Wilkesboro,3.0,7.0,7.0,Jimmy Hensley,Ed Whitaker,Oldsmobile,200.0,1000.0,running,0.0,165.0
1983,29,North Wilkesboro,4.0,8.0,21.0,Larry Pearson,David Pearson,Pontiac,200.0,1100.0,running,0.0,160.0
1983,29,North Wilkesboro,5.0,5.0,0.0,Sam Ard,Thomas Brothers Country Ham (Howard Thomas),Oldsmobile,200.0,1500.0,running,4.0,155.0
1983,29,North Wilkesboro,6.0,2.0,11.0,Jack Ingram,Jack Ingram,Pontiac,200.0,1850.0,running,126.0,150.0
1983,29,North Wilkesboro,7.0,1.0,28.0,Phil Parsons,Skoal Bandit (Johnny Hayes),Pontiac,200.0,650.0,running,13.0,146.0
1983,29,North Wilkesboro,8.0,4.0,14.0,Ronnie Silver,Ronnie Silver,Pontiac,198.0,600.0,running,0.0,142.0
1983,29,North Wilkesboro,9.0,26.0,82.0,Bob Shreeves,–,Pontiac,195.0,550.0,running,0.0,138.0
1983,29,North Wilkesboro,10.0,12.0,6.0,Rodney Howard,–,Pontiac,194.0,500.0,running,0.0,134.0
1983,29,North Wilkesboro,11.0,11.0,2.0,Jeff Hensley,–,Pontiac,194.0,450.0,running,0.0,130.0
1983,29,North Wilkesboro,12.0,25.0,45.0,Charlie Luck,Luck Stone / Dryden Oil (Charlie Luck),Pontiac,194.0,400.0,running,0.0,127.0
1983,29,North Wilkesboro,13.0,15.0,24.0,Glenn Jarrett,Marvin Thackston,Ford,193.0,350.0,running,0.0,124.0
1983,29,North Wilkesboro,14.0,19.0,85.0,Lowe Smith,Lowe Smith,Chevrolet,193.0,325.0,running,0.0,121.0
1983,29,North Wilkesboro,15.0,17.0,57.0,Mike Messer,–,Buick,186.0,300.0,running,0.0,118.0
1983,29,North Wilkesboro,16.0,23.0,43.0,Dickie Linville,Wayne Dennis Heating (Dickie Linville),Pontiac,185.0,270.0,dnf,0.0,115.0
1983,29,North Wilkesboro,17.0,24.0,37.0,Chip Lain,–,Pontiac,182.0,250.0,dnf,0.0,112.0
1983,29,North Wilkesboro,18.0,16.0,32.0,Dale Jarrett,Horace Isenhower,Pontiac,172.0,230.0,dnf,0.0,109.0
1983,29,North Wilkesboro,19.0,18.0,72.0,Tommy Hilbert,River Rat (Tommy Hilbert),Pontiac,167.0,225.0,dnf,0.0,106.0
1983,29,North Wilkesboro,20.0,20.0,62.0,John Linville,John Linville,Pontiac,103.0,220.0,dnf,0.0,103.0
1983,29,North Wilkesboro,21.0,9.0,4.0,Eddie Falk,Eddie Falk,Pontiac,86.0,215.0,dnf,0.0,100.0
1983,29,North Wilkesboro,22.0,14.0,16.0,Jimmy Lawson,–,Pontiac,83.0,210.0,dnf,0.0,97.0
1983,29,North Wilkesboro,23.0,22.0,39.0,Bob Hatley,–,Pontiac,63.0,205.0,dnf,0.0,94.0
1983,29,North Wilkesboro,24.0,13.0,42.0,Allan Powell,–,Ford,59.0,200.0,dnf,0.0,91.0
1983,29,North Wilkesboro,25.0,10.0,1.0,Pete Silva,Lindy White,Pontiac,30.0,200.0,dnf,0.0,88.0
1983,29,North Wilkesboro,26.0,21.0,4.0,Joe Thurman,Johnny Davis,Pontiac,1.0,200.0,dnf,0.0,85.0
1983,30,South Boston,1.0,4,0.0,Sam Ard,Thomas Brothers Country Ham (Howard Thomas),Oldsmobile,300.0,6300.0,running,205.0,180.0
1983,30,South Boston,2.0,–,11.0,Jack Ingram,Jack Ingram,Pontiac,299.0,4850.0,running,0.0,170.0
1983,30,South Boston,3.0,–,14.0,Ronnie Silver,Ronnie Silver,Pontiac,299.0,2975.0,running,0.0,165.0
1983,30,South Boston,4.0,–,12.0,Tommy Ellis,Marilyn Smith,Pontiac,297.0,2450.0,running,0.0,160.0
1983,30,South Boston,5.0,–,20.0,Dickie Boswell,Michael Broyhill,Pontiac,297.0,1225.0,running,0.0,155.0
1983,30,South Boston,6.0,–,28.0,Phil Parsons,Skoal Bandit (Johnny Hayes),Pontiac,296.0,1030.0,running,0.0,150.0
1983,30,South Boston,7.0,–,50.0,Al Hylton,–,Ford,292.0,865.0,running,0.0,146.0
1983,30,South Boston,8.0,–,6.0,Tommy Houston,Mike Day,Chevrolet,290.0,1255.0,running,0.0,142.0
1983,30,South Boston,9.0,–,4.0,Eddie Falk,Eddie Falk,Pontiac,290.0,775.0,running,0.0,138.0
1983,30,South Boston,10.0,–,2.0,Jeff Hensley,–,Pontiac,288.0,625.0,running,0.0,134.0
1983,30,South Boston,11.0,–,62.0,John Linville,John Linville,Pontiac,283.0,585.0,running,0.0,130.0
1983,30,South Boston,12.0,–,45.0,Charlie Luck,Luck Stone / Dryden Oil (Charlie Luck),Pontiac,282.0,565.0,running,0.0,127.0
1983,30,South Boston,13.0,–,7.0,Bosco Lowe,Edgar Ryder,Pontiac,264.0,575.0,running,7.0,124.0
1983,30,South Boston,14.0,–,34.0,Eddie Johnson,Richard Johnson,Chevrolet,217.0,510.0,running,0.0,121.0
1983,30,South Boston,15.0,1,32.0,Dale Jarrett,Horace Isenhower,Pontiac,165.0,625.0,dnf,88.0,118.0
1983,30,South Boston,16.0,–,4.0,Joe Thurman,Johnny Davis,Pontiac,99.0,425.0,dnf,0.0,115.0
1983,30,South Boston,17.0,–,1.0,Pete Silva,Lindy White,Pontiac,74.0,565.0,dnf,0.0,112.0
1983,30,South Boston,18.0,–,22.0,Rick Mast,"Alan Dillard, Jr.",Pontiac,38.0,435.0,dnf,0.0,109.0
1983,30,South Boston,19.0,–,63.0,Jimmy Hensley,Hubert Hensley,Pontiac,26.0,455.0,dnf,0.0,106.0
1983,31,Martinsville,1.0,1.0,0.0,Sam Ard,Thomas Brothers Country Ham (Howard Thomas),Oldsmobile,150.0,4250.0,running,150.0,180.0
1983,31,Martinsville,2.0,3.0,7.0,Morgan Shepherd,Food Country USA (Ed Whitaker),Oldsmobile,150.0,2000.0,running,0.0,170.0
1983,31,Martinsville,3.0,2.0,32.0,Dale Jarrett,Pet Dairy (Horace Isenhower),Pontiac,150.0,1500.0,running,0.0,165.0
1983,31,Martinsville,4.0,7.0,28.0,Phil Parsons,Skoal Bandit (Johnny Hayes),Pontiac,150.0,1250.0,running,0.0,160.0
1983,31,Martinsville,5.0,6.0,11.0,Jack Ingram,Skoal (Jack Ingram),Pontiac,150.0,1950.0,running,0.0,155.0
1983,31,Martinsville,6.0,10.0,63.0,Jimmy Hensley,Country Racing Parts (Hubert Hensley),Pontiac,150.0,700.0,running,0.0,150.0
1983,31,Martinsville,7.0,4.0,45.0,Charlie Luck,Luck Stone / Dryden Oil (Charlie Luck),Pontiac,150.0,600.0,running,0.0,146.0
1983,31,Martinsville,8.0,26.0,3.0,Pete Silva,Lindy White,Chevrolet,150.0,500.0,running,0.0,142.0
1983,31,Martinsville,9.0,17.0,4.0,Eddie Falk,Charlie Falk Auto (Eddie Falk),Pontiac,149.0,400.0,running,0.0,138.0
1983,31,Martinsville,10.0,22.0,22.0,Rick Mast,"Alan Dillard, Jr.",Pontiac,149.0,390.0,running,0.0,134.0
1983,31,Martinsville,11.0,17.0,4.0,Joe Thurman,Thurman Enterprises (Johnny Davis),Pontiac,149.0,380.0,running,0.0,130.0
1983,31,Martinsville,12.0,24.0,19.0,Diane Teel,Teel Racing (Donald Teel),Pontiac,148.0,370.0,running,0.0,127.0
1983,31,Martinsville,13.0,15.0,6.0,Rodney Howard,Big Daddy's (Shirley Howard),Pontiac,148.0,360.0,running,0.0,124.0
1983,31,Martinsville,14.0,14.0,14.0,Ronnie Silver,Banner House Handbags (Ronnie Silver),Pontiac,148.0,350.0,running,0.0,121.0
1983,31,Martinsville,15.0,21.0,10.0,Barry Beggarly,Kopy King (Ronnie Milam),Pontiac,147.0,300.0,running,0.0,118.0
1983,31,Martinsville,16.0,27.0,8.0,Orvil Reedy,Firebaugh Racing (Claude Firebaugh),Pontiac,146.0,290.0,running,0.0,115.0
1983,31,Martinsville,17.0,23.0,9.0,Bob Shreeves,S&S Racing (Bob Shreeves),Pontiac,145.0,280.0,running,0.0,112.0
1983,31,Martinsville,18.0,11.0,6.0,Tommy Houston,Mason Day Paving (Mike Day),Chevrolet,144.0,1020.0,running,0.0,109.0
1983,31,Martinsville,19.0,12.0,2.0,Jeff Hensley,Smith-Davis Tire / Country Race Parts (Larry Holland),Pontiac,142.0,260.0,running,0.0,106.0
1983,31,Martinsville,20.0,16.0,20.0,Bosco Lowe,Ryder's Floor Store (Michael Broyhill),Pontiac,136.0,250.0,running,0.0,103.0
1983,31,Martinsville,21.0,25.0,62.0,John Linville,John Linville,Pontiac,101.0,245.0,dnf,0.0,100.0
1983,31,Martinsville,22.0,29.0,42.0,Allan Powell,–,Ford,100.0,240.0,dnf,0.0,97.0
1983,31,Martinsville,23.0,18.0,16.0,Jimmy Lawson,Lawson Racing (Clarence Lawson),Pontiac,87.0,235.0,dnf,0.0,94.0
1983,31,Martinsville,24.0,19.0,21.0,Larry Pearson,David Pearson,Pontiac,76.0,230.0,dnf,0.0,91.0
1983,31,Martinsville,25.0,5.0,12.0,Tommy Ellis,Industrial Boiler (Marilyn Smith),Pontiac,62.0,975.0,dnf,0.0,88.0
1983,31,Martinsville,26.0,31.0,37.0,Chip Lain,"Pierce Air Tool (David Lain, Sr.)",Pontiac,48.0,220.0,dnf,0.0,85.0
1983,31,Martinsville,27.0,8.0,88.0,Jay Hedgecock,–,Pontiac,43.0,215.0,dnf,0.0,82.0
1983,31,Martinsville,28.0,28.0,69.0,Junior Miller,Boyd Racing (Lucretia Boyd),Pontiac,38.0,210.0,dnf,0.0,79.0
1983,31,Martinsville,29.0,13.0,51.0,Robert Ingram,Ingram Auto Parts (Robert Ingram),Pontiac,34.0,205.0,dnf,0.0,76.0
1983,31,Martinsville,30.0,30.0,50.0,Al Hylton,Hubbard Racing (Al Hylton),Ford,28.0,200.0,dnf,0.0,73.0
1983,31,Martinsville,31.0,20.0,59.0,Joe Harrison,Joe Harrison,Pontiac,17.0,200.0,dnf,0.0,70.0
1983,32,Rougemont,1.0,4,0.0,Sam Ard,Thomas Brothers Country Ham (Howard Thomas),Oldsmobile,200.0,3000.0,running,77.0,180.0
1983,32,Rougemont,2.0,1,32.0,Dale Jarrett,Pet Dairy (Horace Isenhower),Pontiac,200.0,2050.0,running,13.0,170.0
1983,32,Rougemont,3.0,–,6.0,Tommy Houston,Mike Day,Chevrolet,199.0,2150.0,running,0.0,165.0
1983,32,Rougemont,4.0,–,11.0,Jack Ingram,Jack Ingram,Pontiac,199.0,2250.0,running,0.0,160.0
1983,32,Rougemont,5.0,–,63.0,Jimmy Hensley,Hubert Hensley,Pontiac,197.0,1050.0,running,8.0,155.0
1983,32,Rougemont,6.0,–,22.0,Rick Mast,"Alan Dillard, Jr.",Pontiac,194.0,925.0,running,0.0,150.0
1983,32,Rougemont,7.0,–,20.0,Dickie Boswell,Michael Broyhill,Pontiac,193.0,850.0,running,0.0,146.0
1983,32,Rougemont,8.0,–,41.0,Jack Bland,Tiny Randall,Pontiac,193.0,750.0,running,0.0,142.0
1983,32,Rougemont,9.0,–,2.0,Jeff Hensley,–,Pontiac,190.0,650.0,running,0.0,138.0
1983,32,Rougemont,10.0,–,4.0,Eddie Falk,Eddie Falk,Pontiac,189.0,600.0,running,0.0,134.0
1983,32,Rougemont,11.0,–,51.0,Robert Ingram,–,Pontiac,188.0,550.0,running,0.0,130.0
1983,32,Rougemont,12.0,–,9.0,Bob Shreeves,Bob Shreeves,Pontiac,188.0,500.0,running,11.0,127.0
1983,32,Rougemont,13.0,–,62.0,John Linville,John Linville,Pontiac,174.0,475.0,running,0.0,124.0
1983,32,Rougemont,14.0,–,,Randy Butner,–,–,160.0,450.0,dnf,0.0,121.0
1983,32,Rougemont,15.0,–,85.0,Lowe Smith,Lowe Smith,Chevrolet,143.0,440.0,dnf,0.0,118.0
1983,32,Rougemont,16.0,–,12.0,Tommy Ellis,Marilyn Smith,Pontiac,135.0,925.0,dnf,91.0,115.0
1983,32,Rougemont,17.0,–,10.0,Barry Beggarly,–,Pontiac,135.0,400.0,dnf,0.0,112.0
1983,32,Rougemont,18.0,–,96.0,Ronnie Davidson,Charles Davidson,Oldsmobile,93.0,375.0,dnf,0.0,109.0
1983,32,Rougemont,19.0,–,69.0,Junior Miller,Junior Miller,Pontiac,19.0,365.0,dnf,0.0,106.0
1983,32,Rougemont,20.0,–,16.0,Jimmy Lawson,–,Pontiac,9.0,355.0,dnf,0.0,103.0
1983,33,Charlotte,1.0,10.0,0.0,Sam Ard,Thomas Brothers Country Ham (Howard Thomas),Oldsmobile,200.0,30000.0,running,22.0,180.0
1983,33,Charlotte,2.0,2.0,15.0,Dale Earnhardt,Wrangler (Robert Gee),Pontiac,200.0,14100.0,running,19.0,170.0
1983,33,Charlotte,3.0,7.0,74.0,Ron Bouchard,Jack Beebe,Pontiac,200.0,10200.0,running,1.0,165.0
1983,33,Charlotte,4.0,14.0,22.0,Bobby Allison,"Miller High Life (Alan Dillard, Jr.)",Oldsmobile,200.0,7500.0,running,1.0,160.0
1983,33,Charlotte,5.0,5.0,75.0,Neil Bonnett,Hodgdon (Butch Mock),Pontiac,200.0,6550.0,running,0.0,155.0
1983,33,Charlotte,6.0,22.0,66.0,Lake Speed,UNO (Lake Speed),Pontiac,200.0,5000.0,running,0.0,150.0
1983,33,Charlotte,7.0,19.0,23.0,Davey Allison,Bobby Allison,Pontiac,199.0,7500.0,running,0.0,146.0
1983,33,Charlotte,8.0,11.0,24.0,Glenn Jarrett,Marvin Thackston,Ford,199.0,8750.0,running,0.0,142.0
1983,33,Charlotte,9.0,15.0,1.0,Pete Silva,Lindy White,Pontiac,199.0,7200.0,running,0.0,138.0
1983,33,Charlotte,10.0,4.0,89.0,Rodney Combs,–,Pontiac,199.0,6500.0,running,0.0,134.0
1983,33,Charlotte,11.0,6.0,17.0,Darrell Waltrip,Darrell Waltrip,Pontiac,199.0,2750.0,running,0.0,130.0
1983,33,Charlotte,12.0,13.0,12.0,Tommy Ellis,Marilyn Smith,Pontiac,198.0,6700.0,running,0.0,127.0
1983,33,Charlotte,13.0,9.0,11.0,Jack Ingram,Jack Ingram,Oldsmobile,198.0,6750.0,running,0.0,124.0
1983,33,Charlotte,14.0,16.0,32.0,Dale Jarrett,Horace Isenhower,Pontiac,198.0,3050.0,running,0.0,121.0
1983,33,Charlotte,15.0,27.0,36.0,Richie Panch,–,Pontiac,197.0,2900.0,running,0.0,118.0
1983,33,Charlotte,16.0,24.0,45.0,Charlie Luck,Luck Stone / Dryden Oil (Charlie Luck),Pontiac,194.0,2650.0,running,0.0,115.0
1983,33,Charlotte,17.0,37.0,58.0,John McFadden,–,Pontiac,193.0,1850.0,running,0.0,112.0
1983,33,Charlotte,18.0,34.0,47.0,Curtis Markham,Frank Edwards,Pontiac,193.0,3250.0,running,0.0,109.0
1983,33,Charlotte,19.0,41.0,9.0,Bob Shreeves,Bob Shreeves,Pontiac,192.0,1725.0,running,0.0,106.0
1983,33,Charlotte,20.0,33.0,4.0,Joe Thurman,Johnny Davis,Pontiac,192.0,1700.0,running,0.0,103.0
1983,33,Charlotte,21.0,12.0,6.0,Tommy Houston,Mike Day,Oldsmobile,190.0,5850.0,running,0.0,100.0
1983,33,Charlotte,22.0,31.0,3.0,David Ray Boggs,Robert's Used Cars / Precision Walls (Tom Usry),Chevrolet,190.0,2825.0,running,0.0,97.0
1983,33,Charlotte,23.0,3.0,7.0,Morgan Shepherd,Food Country USA (Ed Whitaker),Oldsmobile,179.0,1450.0,rear end,149.0,94.0
1983,33,Charlotte,24.0,32.0,94.0,Tony Cunningham,–,Pontiac,176.0,1275.0,running,0.0,91.0
1983,33,Charlotte,25.0,25.0,29.0,Satch Worley,Chubby Arrington,Dodge,166.0,1250.0,engine,0.0,88.0
1983,33,Charlotte,26.0,39.0,8.0,Lee Faulk,–,Pontiac,121.0,2725.0,radiator,0.0,85.0
1983,33,Charlotte,27.0,17.0,26.0,L.D. Ottinger,Pepsi (C.B. Gwyn),Pontiac,113.0,1195.0,transmission,0.0,82.0
1983,33,Charlotte,28.0,21.0,5.0,John Anderson,–,Pontiac,107.0,3160.0,engine,0.0,79.0
1983,33,Charlotte,29.0,42.0,40.0,Rodney Howard,–,Pontiac,98.0,1075.0,engine,0.0,76.0
1983,33,Charlotte,30.0,18.0,77.0,Tim Richmond,Old Milwaukee (Ed Whitaker),Pontiac,90.0,1050.0,overheating,0.0,73.0
1983,33,Charlotte,31.0,36.0,70.0,Bosco Lowe,Edgar Ryder,Pontiac,88.0,1000.0,oil leak,0.0,70.0
1983,33,Charlotte,32.0,8.0,28.0,Phil Parsons,Skoal Bandit (Johnny Hayes),Pontiac,86.0,2985.0,engine,8.0,67.0
1983,33,Charlotte,33.0,40.0,39.0,Jimmy Hensley,–,Pontiac,71.0,975.0,oil leak,0.0,64.0
1983,33,Charlotte,34.0,35.0,1.0,Ricky Rudd,Piedmont Airlines (Emanuel Zervakis),Pontiac,70.0,865.0,engine,0.0,61.0
1983,33,Charlotte,35.0,29.0,50.0,Allan Powell,Russell Chiropractic (Marion Cox),Pontiac,65.0,955.0,engine,0.0,58.0
1983,33,Charlotte,36.0,20.0,14.0,Ronnie Silver,Ronnie Silver,Oldsmobile,59.0,2445.0,engine,0.0,55.0
1983,33,Charlotte,37.0,1.0,21.0,Larry Pearson,David Pearson,Pontiac,47.0,3935.0,rear end,0.0,52.0
1983,33,Charlotte,38.0,23.0,84.0,Mike Alexander,Mike Alexander,Oldsmobile,35.0,2425.0,oil pump,0.0,49.0
1983,33,Charlotte,39.0,25.0,2.0,Kirk Bryant,–,Pontiac,30.0,915.0,oil leak,0.0,46.0
1983,33,Charlotte,40.0,30.0,34.0,Joe Kelly,Kelly Builders (Joe Kelly),Pontiac,24.0,900.0,overheating,0.0,43.0
1983,33,Charlotte,41.0,28.0,3.0,Mike Porter,–,Oldsmobile,21.0,900.0,engine,0.0,40.0
1983,33,Charlotte,42.0,38.0,86.0,Darryl Sage,–,Pontiac,6.0,900.0,engine,0.0,37.0
1983,34,Hickory,1.0,3,11.0,Jack Ingram,Skoal Bandit (Jack Ingram),Pontiac,200.0,2900.0,running,47.0,180.0
1983,34,Hickory,2.0,–,0.0,Sam Ard,Howard Thomas,Oldsmobile,200.0,1900.0,running,0.0,170.0
1983,34,Hickory,3.0,–,32.0,Dale Jarrett,Horace Isenhower,Pontiac,200.0,1000.0,running,47.0,165.0
1983,34,Hickory,4.0,–,14.0,Ronnie Silver,Ronnie Silver,Pontiac,200.0,950.0,running,0.0,160.0
1983,34,Hickory,5.0,–,45.0,Charlie Luck,Luck Stone / Dryden Oil (Charlie Luck),Pontiac,199.0,750.0,running,0.0,155.0
1983,34,Hickory,6.0,–,9.0,Bob Shreeves,Bob Shreeves,Pontiac,199.0,700.0,running,0.0,150.0
1983,34,Hickory,7.0,–,42.0,Allan Powell,–,Ford,198.0,650.0,running,0.0,146.0
1983,34,Hickory,8.0,–,7.0,Morgan Shepherd,Food Country USA (Ed Whitaker),Oldsmobile,197.0,600.0,running,85.0,142.0
1983,34,Hickory,9.0,–,4.0,Eddie Falk,Eddie Falk,Pontiac,196.0,550.0,running,0.0,138.0
1983,34,Hickory,10.0,–,96.0,Ronnie Davidson,Charles Davidson,Oldsmobile,195.0,500.0,running,0.0,134.0
1983,34,Hickory,11.0,–,4.0,Joe Thurman,Johnny Davis,Pontiac,195.0,450.0,running,0.0,130.0
1983,34,Hickory,12.0,–,20.0,Bosco Lowe,Edgar Ryder,Pontiac,191.0,400.0,running,0.0,127.0
1983,34,Hickory,13.0,–,62.0,John Linville,John Linville,Pontiac,189.0,350.0,running,0.0,124.0
1983,34,Hickory,14.0,–,39.0,Mitchell Clark,–,Pontiac,188.0,325.0,running,0.0,121.0
1983,34,Hickory,15.0,–,22.0,Rick Mast,"Alan Dillard, Jr.",Pontiac,188.0,300.0,running,0.0,118.0
1983,34,Hickory,16.0,–,18.0,Jeff Berry,–,Pontiac,163.0,270.0,dnf,0.0,115.0
1983,34,Hickory,17.0,–,1.0,Pete Silva,Lindy White,Pontiac,98.0,250.0,dnf,0.0,112.0
1983,34,Hickory,18.0,–,2.0,Jeff Hensley,–,Pontiac,84.0,230.0,dnf,0.0,109.0
1983,34,Hickory,19.0,–,12.0,Tommy Ellis,Marilyn Smith,Pontiac,77.0,725.0,dnf,0.0,106.0
1983,34,Hickory,20.0,–,63.0,Jimmy Hensley,Hubert Hensley,Pontiac,75.0,220.0,dnf,0.0,103.0
1983,34,Hickory,21.0,–,69.0,Junior Miller,Junior Miller,Pontiac,49.0,215.0,dnf,0.0,100.0
1983,34,Hickory,22.0,–,16.0,Jimmy Lawson,–,Pontiac,34.0,210.0,dnf,0.0,97.0
1983,34,Hickory,23.0,1,6.0,Tommy Houston,Mike Day,Chevrolet,23.0,505.0,dnf,21.0,94.0
1983,34,Hickory,24.0,–,,Billy Hess,–,–,10.0,200.0,dnf,0.0,91.0
1983,35,Martinsville,1.0,2.0,0.0,Sam Ard,Howard Thomas,Oldsmobile,250.0,9150.0,running,211.0,180.0
1983,35,Martinsville,2.0,1.0,32.0,Dale Jarrett,Horace Isenhower,Pontiac,250.0,4325.0,running,26.0,170.0
1983,35,Martinsville,3.0,10.0,11.0,Jack Ingram,Jack Ingram,Pontiac,250.0,3375.0,running,0.0,165.0
1983,35,Martinsville,4.0,22.0,47.0,Pete Silva,Lindy White,Pontiac,250.0,1430.0,running,1.0,160.0
1983,35,Martinsville,5.0,5.0,63.0,Jimmy Hensley,Hubert Hensley,Pontiac,250.0,1300.0,running,0.0,155.0
1983,35,Martinsville,6.0,11.0,88.0,Jay Hedgecock,–,Pontiac,250.0,1525.0,running,0.0,150.0
1983,35,Martinsville,7.0,4.0,28.0,Phil Parsons,Skoal Bandit (Johnny Hayes),Pontiac,249.0,1100.0,running,0.0,146.0
1983,35,Martinsville,8.0,16.0,2.0,Jeff Hensley,–,Pontiac,248.0,1100.0,running,0.0,142.0
1983,35,Martinsville,9.0,6.0,9.0,Bob Shreeves,Bob Shreeves,Pontiac,247.0,1025.0,running,0.0,138.0
1983,35,Martinsville,10.0,37.0,82.0,Larry Ogle,–,Pontiac,245.0,1025.0,running,0.0,134.0
1983,35,Martinsville,11.0,9.0,4.0,Eddie Falk,Eddie Falk,Pontiac,240.0,980.0,running,0.0,130.0
1983,35,Martinsville,12.0,20.0,96.0,Ronnie Davidson,Davidson Racing (Charles Davidson),Oldsmobile,239.0,990.0,crash,0.0,127.0
1983,35,Martinsville,13.0,23.0,4.0,Joe Thurman,Johnny Davis,Pontiac,237.0,965.0,running,0.0,124.0
1983,35,Martinsville,14.0,13.0,6.0,Tommy Houston,Mike Day,Chevrolet,234.0,1895.0,running,0.0,121.0
1983,35,Martinsville,15.0,34.0,7.0,Junior Miller,Junior Miller,Pontiac,233.0,925.0,running,0.0,118.0
1983,35,Martinsville,16.0,29.0,43.0,Dickie Linville,Wayne Dennis Heating (Dickie Linville),Pontiac,233.0,905.0,engine,0.0,115.0
1983,35,Martinsville,17.0,30.0,59.0,Joe Harrison,Joe Harrison,Pontiac,230.0,885.0,running,0.0,112.0
1983,35,Martinsville,18.0,15.0,41.0,Jack Bland,Randall Racing (Tiny Randall),Pontiac,218.0,990.0,running,0.0,109.0
1983,35,Martinsville,19.0,40.0,3.0,Tony Warren,–,Pontiac,211.0,845.0,crash,0.0,106.0
1983,35,Martinsville,20.0,35.0,19.0,Diane Teel,–,Pontiac,211.0,825.0,running,0.0,103.0
1983,35,Martinsville,21.0,8.0,45.0,Charlie Luck,Luck Stone / Dryden Oil (Charlie Luck),Pontiac,206.0,780.0,crash,0.0,100.0
1983,35,Martinsville,22.0,28.0,62.0,John Linville,John Linville,Pontiac,178.0,785.0,running,0.0,97.0
1983,35,Martinsville,23.0,41.0,17.0,Jimmy Lawson,–,Pontiac,175.0,765.0,running,0.0,94.0
1983,35,Martinsville,24.0,33.0,77.0,Bud Elliott,O.B. Elliott,Oldsmobile,174.0,745.0,engine,0.0,91.0
1983,35,Martinsville,25.0,17.0,22.0,Rick Mast,"Alan Dillard, Jr.",Pontiac,163.0,740.0,engine,0.0,88.0
1983,35,Martinsville,26.0,25.0,3.0,Brad Teague,–,Pontiac,163.0,705.0,brakes,0.0,85.0
1983,35,Martinsville,27.0,38.0,64.0,Daryl Lacks,Donald Fuqua,Chevrolet,134.0,685.0,transmission,0.0,82.0
1983,35,Martinsville,28.0,31.0,15.0,Tim McGuire,–,Pontiac,93.0,665.0,steering,0.0,79.0
1983,35,Martinsville,29.0,27.0,84.0,Ray Huff,Rod Shop (Wallace Sweeney),Pontiac,85.0,645.0,crash,0.0,76.0
1983,35,Martinsville,30.0,18.0,1.0,Elton Sawyer,Emanuel Zervakis,Pontiac,73.0,640.0,crash,0.0,73.0
1983,35,Martinsville,31.0,3.0,12.0,Tommy Ellis,Marilyn Smith,Pontiac,66.0,1590.0,engine,12.0,70.0
1983,35,Martinsville,32.0,39.0,34.0,Eddie Johnson,Richard Johnson,Chevrolet,39.0,605.0,overheating,0.0,67.0
1983,35,Martinsville,33.0,32.0,42.0,Allan Powell,–,Ford,37.0,595.0,steering,0.0,64.0
1983,35,Martinsville,34.0,26.0,50.0,Al Hylton,–,Ford,36.0,575.0,crash,0.0,61.0
1983,35,Martinsville,35.0,19.0,8.0,Orvil Reedy,Orvil Reedy,Pontiac,36.0,590.0,crash,0.0,58.0
1983,35,Martinsville,36.0,7.0,14.0,Ronnie Silver,Ronnie Silver,Pontiac,36.0,540.0,crash,0.0,55.0
1983,35,Martinsville,37.0,14.0,10.0,Barry Beggarly,–,Pontiac,34.0,580.0,engine,0.0,52.0
1983,35,Martinsville,38.0,21.0,70.0,Jim Dottellis,–,Pontiac,22.0,550.0,oil pressure,0.0,49.0
1983,35,Martinsville,39.0,12.0,20.0,Bosco Lowe,Edgar Ryder,Pontiac,19.0,585.0,engine,0.0,46.0
1983,35,Martinsville,40.0,24.0,94.0,Curtis Markham,Frank Edwards,Pontiac,3.0,525.0,oil pressure,0.0,43.0
1983,35,Martinsville,41.0,36.0,8.0,David Triplett,–,Pontiac,1.0,525.0,engine,0.0,40.0
1983,35,Martinsville,42.0,42.0,24.0,Glenn Jarrett,Marvin Thackston,Ford,0.0,525.0,engine,0.0,37.0
