owner,owner_overall_races,owner_overall_wins,owner_overall_win_pct,owner_overall_top_5,owner_overall_top_10,owner_overall_top_20,owner_overall_cars_raced,owner_overall_car_win_pct,owner_overall_avg_start,owner_overall_avg_finish,owner_overall_laps_led,owner_overall_avg_laps_led
"",59,0,0.0,27,136,405,580,0.0,20.86,16.72,30,0.05
7-Up,2,0,0.0,0,1,1,2,0.0,19.0,17.5,0,0.0
A. Steve Pierce,1,0,0.0,0,0,0,1,0.0,27.0,23.0,0,0.0
A.J. Foyt,67,0,0.0,0,2,17,69,0.0,25.41,25.19,2,0.03
AAA Mobile Homes,1,0,0.0,0,0,0,1,0.0,34.0,31.0,0,0.0
AAA Radiators,1,0,0.0,0,0,0,1,0.0,26.0,31.0,0,0.0
AC Delco,1,0,0.0,0,0,0,1,0.0,33.0,21.0,0,0.0
AC Delco Magneto,1,0,0.0,0,0,1,1,0.0,6.0,11.0,0,0.0
ADAP / Auto Palace,2,0,0.0,0,0,0,2,0.0,38.0,28.0,0,0.0
ADAP Auto Parts,8,0,0.0,0,0,2,8,0.0,29.5,29.0,0,0.0
Action Tire,3,0,0.0,0,0,0,3,0.0,23.0,25.33,0,0.0
Adams-Harris Racing,1,0,0.0,0,0,1,1,0.0,28.0,16.0,0,0.0
Adandy Properties,1,0,0.0,0,0,1,1,0.0,32.0,14.0,0,0.0
Adkins Service Center,10,0,0.0,0,0,4,10,0.0,28.1,22.3,0,0.0
Adrian Berryhill,44,0,0.0,0,0,1,46,0.0,30.39,32.39,1,0.02
Advance Auto Parts,2,0,0.0,0,0,1,2,0.0,17.0,24.5,50,25.0
Advanced Eagle,1,0,0.0,0,0,0,1,0.0,34.0,29.0,0,0.0
Adventure Land Video,10,0,0.0,1,3,6,10,0.0,15.9,17.5,0,0.0
Al Hylton,1,0,0.0,0,0,0,1,0.0,30.0,30.0,0,0.0
Al Niece,1,0,0.0,0,0,0,1,0.0,29.0,31.0,0,0.0
Al Rudd,1,0,0.0,0,0,0,1,0.0,43.0,34.0,0,0.0
"Alan Dillard, Jr.",309,13,0.04207,63,129,235,352,0.03693,13.39,15.64,2190,6.22
Alec Pinsonneault,36,0,0.0,0,7,21,36,0.0,22.83,19.75,12,0.33
Alex Garcia,5,0,0.0,0,0,0,5,0.0,31.8,29.2,0,0.0
All-Pro Auto Parts,1,0,0.0,0,0,0,1,0.0,27.0,21.0,0,0.0
Allan Powell,2,0,0.0,0,0,0,2,0.0,21.0,23.0,0,0.0
Allen Avery,44,1,0.02273,1,4,27,50,0.02,25.16,22.54,35,0.7
Allen Bloom,9,0,0.0,0,0,0,9,0.0,22.78,33.56,0,0.0
Allen Cretsinger,56,2,0.03571,8,13,22,57,0.03509,22.95,23.51,419,7.35
Allen Lumber,1,0,0.0,0,0,0,1,0.0,13.0,29.0,0,0.0
Allen Lumber / L&W,1,0,0.0,1,1,1,1,0.0,16.0,2.0,60,60.0
Almay,1,0,0.0,0,0,0,1,0.0,20.0,23.0,0,0.0
Almay Cosmetics,1,0,0.0,0,0,1,1,0.0,23.0,13.0,0,0.0
Almay Racing,1,0,0.0,0,0,0,1,0.0,32.0,40.0,0,0.0
Amelia Auto Parts,2,0,0.0,0,0,2,2,0.0,9.0,20.0,0,0.0
American Performance,1,0,0.0,0,0,0,1,0.0,17.0,24.0,0,0.0
American Uniflex,10,0,0.0,0,1,3,10,0.0,27.9,24.1,0,0.0
Anderson / Webb,24,0,0.0,2,13,21,24,0.0,15.29,10.83,37,1.54
Anderson Racing,1,0,0.0,0,0,0,1,0.0,29.0,42.0,0,0.0
Andover Transportation,4,0,0.0,0,0,2,4,0.0,35.75,25.25,0,0.0
Andy Hillenburg,4,0,0.0,0,0,0,4,0.0,30.5,25.25,0,0.0
Andy Petree,63,0,0.0,1,10,30,65,0.0,19.6,23.22,68,1.05
Andy Santerre,2,0,0.0,0,0,0,2,0.0,32.5,37.0,0,0.0
Angela Harkness,1,0,0.0,0,0,0,1,0.0,31.0,25.0,0,0.0
Archie St. Hilaire,136,0,0.0,0,0,31,148,0.0,28.97,26.61,5,0.03
Arizona Sports Shirts,3,0,0.0,0,0,2,3,0.0,26.67,18.67,0,0.0
Arlin Buttke,32,0,0.0,0,1,8,32,0.0,25.97,27.25,1,0.03
Armando Fitz,271,0,0.0,14,33,142,360,0.0,24.5,24.48,159,0.44
Armstrong Racing,1,0,0.0,0,0,0,1,0.0,14.0,30.0,0,0.0
Ashby Sheet Metal / Clarence's Steakhouse,1,0,0.0,1,1,1,1,0.0,,4.0,0,0.0
Ashby's Sheetmetal,1,0,0.0,0,0,1,1,0.0,9.0,20.0,0,0.0
"Ashton Lewis, Sr.",14,0,0.0,1,1,3,14,0.0,27.07,25.36,3,0.21
Associated Construction,1,0,0.0,0,1,1,1,0.0,1.0,7.0,2,2.0
Associated Construction & Trucking,2,0,0.0,0,0,2,2,0.0,12.0,17.5,1,0.5
Associated Trucking,3,0,0.0,1,2,3,3,0.0,9.33,10.0,0,0.0
Athens Paper,2,0,0.0,0,0,1,2,0.0,26.0,30.0,0,0.0
Auto Palace,5,0,0.0,0,1,2,5,0.0,27.6,23.2,0,0.0
Auto Palace / AC Delco,1,0,0.0,0,0,1,1,0.0,28.0,11.0,25,25.0
Auto Parts Centres,1,0,0.0,0,1,1,1,0.0,18.0,10.0,9,9.0
Automatic Curb,1,0,0.0,0,0,0,1,0.0,38.0,24.0,0,0.0
Automotive Contacts,1,0,0.0,0,0,0,1,0.0,30.0,29.0,0,0.0
Autosport Custom Vans,1,0,0.0,0,0,0,1,0.0,14.0,24.0,0,0.0
B.J. McLeod,268,0,0.0,3,12,116,611,0.0,29.4,26.28,137,0.22
BBC Racing,1,0,0.0,0,0,0,1,0.0,16.0,22.0,0,0.0
Bailey / Temple,2,0,0.0,0,0,1,2,0.0,26.5,18.0,0,0.0
Bailey Racing,1,0,0.0,0,0,0,1,0.0,19.0,21.0,0,0.0
Bama Foods,2,0,0.0,0,0,0,2,0.0,33.5,28.5,0,0.0
Bama Preserves,1,0,0.0,0,0,0,1,0.0,18.0,39.0,0,0.0
Banning Pontiac,7,0,0.0,0,0,4,7,0.0,28.14,22.57,0,0.0
Banquet Foods,3,0,0.0,0,0,0,3,0.0,24.67,28.67,0,0.0
Banquet Frozen Foods,2,0,0.0,0,0,0,2,0.0,20.5,40.5,0,0.0
Barnette Performance,1,0,0.0,0,0,1,1,0.0,27.0,17.0,0,0.0
Barney Visser,19,0,0.0,0,0,0,19,0.0,30.26,34.05,0,0.0
Barry Bostick,3,0,0.0,0,0,0,3,0.0,27.33,35.0,0,0.0
Barry Cray,4,0,0.0,0,0,0,4,0.0,22.75,26.0,0,0.0
Barry Owen,110,3,0.02727,14,36,74,116,0.02586,20.41,18.34,604,5.21
Barry Tudor,2,0,0.0,0,0,0,2,0.0,35.0,33.0,0,0.0
Bart Walker,13,0,0.0,0,0,0,13,0.0,30.46,31.85,0,0.0
Bates Trucking,1,0,0.0,0,0,1,1,0.0,19.0,17.0,0,0.0
Baugess Racing,3,0,0.0,0,0,0,3,0.0,34.0,31.33,0,0.0
Beard Motorsports,11,0,0.0,0,0,5,11,0.0,27.82,22.64,0,0.0
Beau Petty,7,0,0.0,0,0,0,7,0.0,24.71,35.57,0,0.0
Beauregard Racing,1,0,0.0,0,0,0,1,0.0,37.0,38.0,0,0.0
Beauregard Racing / CHC,1,0,0.0,0,0,1,1,0.0,29.0,17.0,0,0.0
Beauregard's,5,0,0.0,0,0,2,5,0.0,26.8,25.0,0,0.0
Beauregard's Deli,4,0,0.0,0,0,0,4,0.0,32.75,26.25,0,0.0
Bechtel / Gibbs Racing,32,0,0.0,4,12,23,32,0.0,19.56,17.09,63,1.97
Beggarly Racing,1,0,0.0,0,0,1,1,0.0,23.0,18.0,0,0.0
Bell Sadler,52,0,0.0,4,12,31,60,0.0,16.65,21.18,298,4.97
Ben Hess,4,0,0.0,0,0,1,4,0.0,31.5,23.75,7,1.75
Bennett Brothers,1,0,0.0,0,0,0,1,0.0,15.0,28.0,0,0.0
Benny Gordon,5,0,0.0,1,1,2,5,0.0,23.8,25.8,0,0.0
Bert Oostlander,2,0,0.0,0,0,0,2,0.0,37.0,38.0,0,0.0
Big Daddy's,1,0,0.0,0,0,0,1,0.0,17.0,39.0,0,0.0
Big Daddy's Lounge,1,0,0.0,0,1,1,1,0.0,16.0,7.0,0,0.0
Big Orange Market,20,0,0.0,1,5,15,20,0.0,17.8,15.25,0,0.0
Bill Amick,90,0,0.0,2,10,22,93,0.0,25.41,28.23,38,0.41
Bill Baumgardner,291,16,0.05498,65,120,244,389,0.04113,20.07,17.67,3261,8.38
Bill Collins,1,0,0.0,0,0,1,1,0.0,20.0,16.0,0,0.0
Bill Davis,320,11,0.03438,56,119,224,332,0.03313,16.66,16.99,2611,7.86
Bill Edwards,2,0,0.0,0,0,0,2,0.0,25.0,38.5,0,0.0
Bill Elliott,33,0,0.0,1,8,17,33,0.0,21.67,20.58,28,0.85
Bill Gatton,1,0,0.0,0,0,0,1,0.0,23.0,24.0,0,0.0
Bill Goudie,1,0,0.0,0,0,1,1,0.0,21.0,17.0,0,0.0
Bill Hahnlein,1,0,0.0,0,0,0,1,0.0,,23.0,0,0.0
Bill Lewis,239,0,0.0,23,62,144,239,0.0,18.62,18.85,177,0.74
Bill Ondocsin,10,0,0.0,0,0,4,10,0.0,18.0,21.0,3,0.3
Bill Papke,216,0,0.0,14,60,132,216,0.0,19.39,18.13,356,1.65
Bill Riley,5,0,0.0,0,0,1,5,0.0,23.4,25.6,0,0.0
Bill Simpson,7,0,0.0,0,0,1,7,0.0,29.71,26.29,0,0.0
Bill Sprinkle,1,0,0.0,0,0,1,1,0.0,33.0,19.0,0,0.0
Bill Weeb,1,0,0.0,0,0,0,1,0.0,32.0,28.0,0,0.0
Billy Boat,17,0,0.0,0,0,0,17,0.0,23.59,28.59,2,0.12
Billy Gerhart,13,0,0.0,0,0,0,13,0.0,30.85,30.15,0,0.0
Billy Hagan,7,0,0.0,0,0,2,7,0.0,20.14,23.14,40,5.71
Billy Hicks,4,0,0.0,0,0,3,4,0.0,26.5,20.5,0,0.0
Billy Jones,176,4,0.02273,18,43,94,178,0.02247,20.29,20.7,871,4.89
Billy Standridge,86,0,0.0,0,5,45,86,0.0,23.84,20.59,3,0.03
Billygoat Landscape,1,0,0.0,0,0,0,1,0.0,30.0,39.0,0,0.0
Bishop Body Shop,5,0,0.0,0,0,1,5,0.0,29.2,24.2,0,0.0
Blaise Alexander,2,0,0.0,0,0,0,2,0.0,25.0,29.0,0,0.0
Bob Banning,37,0,0.0,3,11,29,37,0.0,17.29,15.7,108,2.92
Bob Bender,3,0,0.0,0,0,0,3,0.0,13.0,39.67,0,0.0
Bob Brevak,3,0,0.0,0,0,1,3,0.0,28.33,25.0,0,0.0
Bob Campbell,39,1,0.02564,15,24,33,39,0.02564,16.9,10.31,105,2.69
Bob Dotter,15,0,0.0,0,2,7,15,0.0,15.67,19.0,0,0.0
Bob Jenkins,75,0,0.0,1,3,15,75,0.0,33.99,25.93,3,0.04
Bob Kelley,9,0,0.0,0,0,2,9,0.0,27.56,27.44,0,0.0
Bob Keselowski,31,0,0.0,0,0,3,52,0.0,31.21,37.58,5,0.1
Bob Labonte,193,7,0.03627,52,98,148,195,0.0359,12.58,13.85,1818,9.32
Bob Newberry,4,0,0.0,0,0,1,4,0.0,20.75,25.75,0,0.0
Bob Ramseur,2,0,0.0,0,0,0,2,0.0,29.0,28.5,0,0.0
Bob Schacht,6,0,0.0,0,0,3,6,0.0,19.67,25.83,0,0.0
Bob Shreeves,70,0,0.0,4,19,53,70,0.0,16.0,15.63,17,0.24
Bob Sutton,138,1,0.00725,16,38,87,139,0.00719,18.9,18.02,248,1.78
Bob Whitcomb,27,0,0.0,0,4,11,27,0.0,21.52,22.52,3,0.11
Bobby Allison,34,1,0.02941,8,15,17,34,0.02941,15.97,18.62,36,1.06
Bobby Benton,1,0,0.0,0,0,1,1,0.0,14.0,19.0,0,0.0
Bobby Cash Auto Parts,1,0,0.0,0,0,0,1,0.0,,30.0,0,0.0
Bobby Dotter,337,1,0.00297,8,26,147,482,0.00207,26.28,24.45,115,0.24
Bobby Ginn,17,0,0.0,3,5,8,17,0.0,15.71,19.65,74,4.35
"Bobby Hillin, Jr.",1,0,0.0,0,0,0,1,0.0,43.0,40.0,0,0.0
Bobby Jones,28,0,0.0,0,0,6,28,0.0,29.68,31.32,10,0.36
Bobby Labonte,36,2,0.05556,14,22,28,36,0.05556,10.42,13.33,527,14.64
Bobby Moon,30,0,0.0,1,3,13,30,0.0,18.97,22.17,0,0.0
Boggero Services,1,0,0.0,0,0,0,1,0.0,36.0,25.0,0,0.0
Bojangles',2,0,0.0,0,0,0,2,0.0,37.0,33.0,0,0.0
Bondo,1,0,0.0,0,0,0,1,0.0,25.0,27.0,0,0.0
Bonicelli Racing,1,0,0.0,0,0,0,1,0.0,24.0,38.0,0,0.0
Born to Race,1,0,0.0,0,0,0,1,0.0,35.0,24.0,0,0.0
Boyd Nelson,26,0,0.0,1,4,18,26,0.0,16.32,17.5,0,0.0
Brad Akins,219,3,0.0137,28,67,137,250,0.012,18.04,19.68,597,2.39
Brad Daugherty,19,1,0.05263,1,3,16,19,0.05263,15.58,15.21,108,5.68
Brad Teague,12,0,0.0,4,8,9,12,0.0,11.08,12.17,34,2.83
Brandon Sperling,1,0,0.0,0,0,1,1,0.0,20.0,20.0,0,0.0
Brannan's Fish,1,0,0.0,0,0,1,1,0.0,31.0,17.0,0,0.0
Brent Bushu,11,0,0.0,0,0,1,11,0.0,27.36,34.0,0,0.0
Brett Bodine,8,0,0.0,0,0,0,8,0.0,34.13,35.63,0,0.0
Brett Favre,29,0,0.0,2,2,6,29,0.0,27.31,27.83,0,0.0
Brian Baumgardner,87,0,0.0,11,29,54,87,0.0,20.46,18.01,54,0.62
Brian Donley,4,0,0.0,0,0,0,4,0.0,38.75,35.25,0,0.0
Brian Ross,3,0,0.0,0,0,2,3,0.0,33.67,24.67,0,0.0
Brian Weber,21,0,0.0,0,0,1,23,0.0,39.57,34.04,0,0.0
Brielle Pontiac,3,0,0.0,0,0,1,3,0.0,26.0,24.0,0,0.0
Britt Racing,2,0,0.0,0,0,0,2,0.0,24.5,28.5,0,0.0
Broadway Motors,2,0,0.0,0,0,1,2,0.0,33.5,24.5,0,0.0
Brown-Ferris Industries,1,0,0.0,0,0,1,1,0.0,16.0,13.0,0,0.0
Bruce Griffin,1,0,0.0,0,0,0,1,0.0,28.0,41.0,0,0.0
Bruce Haley,4,0,0.0,0,0,2,4,0.0,25.75,22.75,0,0.0
Bruce Lawmaster,28,3,0.10714,5,13,19,28,0.10714,11.54,15.46,257,9.18
Brunell Asphalt,2,0,0.0,0,0,0,2,0.0,37.0,22.5,0,0.0
Bryan Goewey,2,0,0.0,0,0,0,2,0.0,25.0,41.0,0,0.0
Bryan Mullet,86,0,0.0,6,20,58,87,0.0,19.76,18.36,142,1.63
Bryan Perry,1,0,0.0,0,0,0,1,0.0,42.0,26.0,0,0.0
Bryan Smith,15,0,0.0,0,1,12,15,0.0,23.13,19.07,0,0.0
Bryant Racing,1,0,0.0,0,0,1,1,0.0,40.0,16.0,0,0.0
Bryant Stith,31,0,0.0,0,0,4,31,0.0,29.61,27.68,1,0.03
Bubba Nissen,1,0,0.0,0,0,1,1,0.0,23.0,17.0,0,0.0
Buck Holder,4,0,0.0,0,0,2,4,0.0,22.5,25.0,0,0.0
Buddy Baker,1,0,0.0,0,0,0,1,0.0,22.0,40.0,0,0.0
Buddy Baker / Danny Schiff,9,0,0.0,2,4,4,9,0.0,15.44,20.56,8,0.89
Budweiser,2,0,0.0,0,1,1,2,0.0,21.5,17.5,0,0.0
Bull Frog Knits,2,0,0.0,0,0,1,2,0.0,21.0,20.5,0,0.0
Bullets Restaurant,1,0,0.0,0,0,1,1,0.0,32.0,20.0,0,0.0
Bumpass Motors,1,0,0.0,0,0,0,1,0.0,18.0,23.0,0,0.0
Bunton Chevrolet,1,0,0.0,0,0,0,1,0.0,30.0,32.0,0,0.0
Burch Fencing,1,0,0.0,0,0,1,1,0.0,22.0,15.0,0,0.0
Burger King,1,0,0.0,0,0,0,1,0.0,29.0,27.0,0,0.0
Burks Hauling,1,0,0.0,0,0,0,1,0.0,9.0,33.0,0,0.0
Butch Jarvis,9,0,0.0,0,0,0,9,0.0,38.67,37.78,0,0.0
Butch Leitzinger,2,0,0.0,0,0,1,2,0.0,18.0,21.0,0,0.0
Butch Mock,8,2,0.25,6,7,7,8,0.25,7.5,6.75,290,36.25
Butner Racing,3,0,0.0,0,0,3,3,0.0,24.33,15.0,0,0.0
Buttke Dairy Farms,3,0,0.0,0,0,2,3,0.0,20.33,19.67,0,0.0
Buz McCall,48,2,0.04167,16,23,33,48,0.04167,13.69,15.15,547,11.4
Byrd's Food Stores,1,0,0.0,0,0,0,1,0.0,28.0,33.0,0,0.0
C & H Motorsports,1,0,0.0,0,0,0,1,0.0,4.0,29.0,0,0.0
C.B. Gwyn,57,0,0.0,9,29,45,57,0.0,11.3,12.96,58,1.02
C.E. Clower,4,0,0.0,0,0,0,4,0.0,38.25,33.5,2,0.5
C.J. Enterprises,5,0,0.0,0,0,4,5,0.0,21.8,16.2,0,0.0
CMT,1,0,0.0,0,0,0,1,0.0,8.0,29.0,2,2.0
Cal Wells,13,0,0.0,0,1,3,13,0.0,24.08,28.77,0,0.0
Campbell / DeSouza Racing,32,2,0.0625,5,12,16,32,0.0625,13.59,18.78,503,15.72
Capel Rugs,10,0,0.0,0,1,7,10,0.0,27.6,19.4,0,0.0
Carl Haas,36,0,0.0,1,2,4,36,0.0,33.14,28.14,0,0.0
Carl Harris,4,0,0.0,0,0,1,4,0.0,31.25,22.0,0,0.0
Carl Long,245,0,0.0,2,6,66,506,0.0,31.39,29.92,18,0.04
Carl Merrill,1,0,0.0,0,0,1,1,0.0,41.0,15.0,0,0.0
Carl Natale,25,0,0.0,0,0,5,25,0.0,31.84,24.96,2,0.08
Carl Wegner,14,1,0.07143,2,3,5,14,0.07143,22.64,23.0,10,0.71
Carol Levin,87,0,0.0,4,17,58,87,0.0,22.29,18.21,3,0.03
Carolyn Laugeni,2,0,0.0,0,0,0,2,0.0,32.0,36.0,0,0.0
Carrier / Building Unlimited / AEU,1,0,0.0,0,0,1,1,0.0,19.0,14.0,0,0.0
Carter-Mays,1,0,0.0,0,0,0,1,0.0,36.0,29.0,0,0.0
Carter-Mays-Mycarela,1,0,0.0,0,0,0,1,0.0,22.0,26.0,0,0.0
Cary Agajanian,3,0,0.0,0,0,0,3,0.0,21.33,39.33,0,0.0
Caspro,2,0,0.0,0,0,1,2,0.0,37.5,24.5,0,0.0
Caspro Racing,1,0,0.0,0,0,0,1,0.0,33.0,21.0,0,0.0
Cathy Venturini,6,0,0.0,0,0,3,6,0.0,27.17,20.17,0,0.0
Cavin Councilor,1,0,0.0,0,0,0,1,0.0,33.0,43.0,0,0.0
Centurion Auto Transport,2,0,0.0,0,0,0,2,0.0,20.5,35.0,0,0.0
Centurion Transport,2,0,0.0,0,0,0,2,0.0,19.5,31.5,1,0.5
Chad Beahr,1,0,0.0,0,0,0,1,0.0,42.0,38.0,0,0.0
Chance2 Motorsports,83,16,0.19277,43,62,79,94,0.17021,8.54,10.07,2281,24.27
Charles Davidson,6,0,0.0,0,1,3,6,0.0,18.0,17.83,0,0.0
Charles Hardy,24,1,0.04167,6,8,14,24,0.04167,15.17,18.54,86,3.58
Charles Long,2,0,0.0,0,0,0,2,0.0,28.5,33.0,0,0.0
Charles O'Connor,9,0,0.0,0,1,6,10,0.0,24.4,19.6,16,1.6
Charles Powell,1,0,0.0,0,0,1,1,0.0,11.0,20.0,0,0.0
Charles Prince,2,0,0.0,0,0,0,2,0.0,14.5,38.5,0,0.0
Charles Shoffner,84,0,0.0,0,0,9,84,0.0,34.12,29.15,1,0.01
Charlie Henderson,293,3,0.01024,23,76,165,298,0.01007,18.32,19.9,998,3.35
Charlie Luck,97,0,0.0,4,34,76,97,0.0,17.11,14.54,5,0.05
Chinchor Electric Inc.,2,0,0.0,0,0,0,2,0.0,20.5,28.5,0,0.0
Chip Ganassi,246,20,0.0813,81,150,246,373,0.05362,13.01,16.42,3422,9.17
Chris Cockrum,5,0,0.0,0,0,0,5,0.0,32.4,30.2,0,0.0
Chris Diederich,1,0,0.0,0,0,0,1,0.0,33.0,35.0,0,0.0
Chris Hoiles,4,0,0.0,0,0,1,4,0.0,34.25,33.0,0,0.0
Chris Lencheski,41,0,0.0,0,0,5,41,0.0,29.17,28.56,2,0.05
Chris Our,151,0,0.0,8,38,141,247,0.0,20.95,20.43,87,0.35
Chris Piaet,1,0,0.0,0,0,0,1,0.0,42.0,41.0,0,0.0
Chris Rice,2,0,0.0,0,0,0,2,0.0,30.5,41.5,0,0.0
Chris Virtue,11,0,0.0,1,4,8,11,0.0,15.18,17.82,50,4.55
Chubby Arrington,19,0,0.0,1,2,9,19,0.0,22.21,19.63,0,0.0
Chuck Fridel,2,0,0.0,0,0,0,2,0.0,37.0,37.0,0,0.0
Chuck Rider,81,6,0.07407,25,36,49,81,0.07407,13.56,16.02,980,12.1
Chuck Woodruff,3,0,0.0,0,0,1,3,0.0,35.0,24.0,0,0.0
Church Construction / Curtis Company,1,0,0.0,0,0,0,1,0.0,5.0,29.0,42,42.0
City Salvage Auto Parts,1,0,0.0,0,0,0,1,0.0,14.0,37.0,0,0.0
Clarence Brewer,376,10,0.0266,64,161,384,678,0.01475,18.37,19.63,1773,2.62
Clarence Lawson,2,0,0.0,0,0,0,2,0.0,23.0,23.0,0,0.0
Clark Racing,2,0,0.0,0,0,0,2,0.0,26.5,27.0,0,0.0
Clarke,1,0,0.0,0,0,0,1,0.0,28.0,30.0,0,0.0
Clarke Racing,1,0,0.0,0,0,0,1,0.0,38.0,37.0,0,0.0
Claude Firebaugh,2,0,0.0,0,0,2,2,0.0,20.0,16.0,0,0.0
Clay Andrews,8,1,0.125,1,1,1,8,0.125,23.63,29.63,11,1.38
Clay Brown,9,0,0.0,0,0,0,9,0.0,28.22,30.33,0,0.0
Cleek Racing,1,0,0.0,0,0,0,1,0.0,31.0,40.0,0,0.0
Cliff Barcomb,1,0,0.0,0,0,1,1,0.0,36.0,17.0,0,0.0
Clint Folsom,8,0,0.0,0,1,3,8,0.0,26.13,25.13,33,4.13
Clyde Vickers,25,0,0.0,0,1,8,25,0.0,24.4,25.16,12,0.48
Coatti's,1,0,0.0,0,0,0,1,0.0,28.0,29.0,0,0.0
Coca Cola,1,0,0.0,0,0,0,1,0.0,30.0,32.0,0,0.0
Coca-Cola,7,0,0.0,1,4,5,7,0.0,14.86,13.29,0,0.0
Colbath Equipment,2,0,0.0,0,0,0,2,0.0,40.5,42.0,0,0.0
Cole Enterprises,6,0,0.0,0,3,4,6,0.0,10.0,14.17,7,1.17
Coleman Rice,4,0,0.0,0,0,0,4,0.0,30.0,32.5,0,0.0
Coleman-Adams Construction,1,0,0.0,0,0,1,1,0.0,15.0,18.0,0,0.0
Collard & Son,1,0,0.0,0,0,0,1,0.0,9.0,26.0,0,0.0
Collier,1,0,0.0,0,0,1,1,0.0,20.0,19.0,0,0.0
Collin Fern,2,0,0.0,0,0,0,2,0.0,29.0,34.0,0,0.0
Collins Engineering,3,0,0.0,0,0,1,3,0.0,20.33,24.33,0,0.0
Connie Mining Tire,1,0,0.0,0,0,1,1,0.0,9.0,11.0,0,0.0
Corning Inn,1,0,0.0,0,0,1,1,0.0,21.0,20.0,0,0.0
Corrie Stott,29,0,0.0,0,0,2,29,0.0,27.69,29.55,0,0.0
Corvette Center,1,0,0.0,0,0,1,1,0.0,20.0,11.0,0,0.0
Country Time Lemonade,1,0,0.0,0,0,0,1,0.0,20.0,25.0,0,0.0
Cox Wood Preserving,1,0,0.0,0,0,0,1,0.0,21.0,21.0,0,0.0
Coyle Racing,1,0,0.0,0,0,1,1,0.0,22.0,11.0,0,0.0
Craig Martins,11,0,0.0,0,0,1,11,0.0,32.64,32.73,0,0.0
Craig Partee,12,0,0.0,0,0,0,12,0.0,33.67,39.0,0,0.0
Crawford Racing,1,0,0.0,0,1,1,1,0.0,21.0,10.0,0,0.0
Cumberland Mills,2,0,0.0,2,2,2,2,0.0,3.5,2.0,20,10.0
Curtis Companies,1,0,0.0,0,0,0,1,0.0,8.0,37.0,64,64.0
Curtis Construction,1,0,0.0,0,0,1,1,0.0,19.0,18.0,0,0.0
Curtis Key,239,0,0.0,1,7,64,439,0.0,30.23,32.26,5,0.01
Curtis Payne,44,0,0.0,1,2,15,44,0.0,23.11,24.75,1,0.02
D & D Dismantling,10,0,0.0,0,0,3,10,0.0,24.9,24.7,0,0.0
D & D Dismantling / Kenyon,1,0,0.0,0,0,0,1,0.0,23.0,41.0,0,0.0
D & R Truck Parts,1,0,0.0,0,0,0,1,0.0,37.0,23.0,0,0.0
D.G. Robertson,8,0,0.0,1,3,4,8,0.0,21.88,18.38,0,0.0
"Dale Earnhardt, Inc.",403,41,0.10174,141,220,306,427,0.09602,13.25,14.61,7538,17.65
Dale Francis,5,0,0.0,0,0,2,5,0.0,35.0,22.0,0,0.0
Dale Jarrett,117,6,0.05128,30,46,69,118,0.05085,18.54,18.26,757,6.42
Dale Shaw,18,0,0.0,0,1,7,19,0.0,27.37,28.21,104,5.47
Dale Williams,5,0,0.0,0,0,0,5,0.0,34.0,32.8,0,0.0
Dalton Automotive,1,0,0.0,0,0,1,1,0.0,22.0,18.0,0,0.0
Dalton Racing,1,0,0.0,0,0,0,1,0.0,39.0,37.0,0,0.0
Dan Browder,30,0,0.0,0,1,12,31,0.0,26.65,25.39,41,1.32
Dan Kinney,15,0,0.0,0,0,2,15,0.0,35.67,32.4,0,0.0
Dan Lasater,53,0,0.0,0,1,18,53,0.0,23.77,23.79,0,0.0
Dan Pardus,2,0,0.0,0,0,0,2,0.0,15.5,31.5,0,0.0
Dana Patten,30,0,0.0,1,5,14,30,0.0,22.9,21.1,0,0.0
Dana Racing,2,0,0.0,0,0,0,2,0.0,9.0,34.0,0,0.0
Dana Tomes,1,0,0.0,0,0,0,1,0.0,37.0,21.0,0,0.0
Daniel Griffin,4,0,0.0,0,0,0,4,0.0,36.5,33.75,0,0.0
Daniel Welch,162,11,0.0679,38,67,106,162,0.0679,14.64,15.37,2048,12.64
Danny Bost,29,0,0.0,0,1,5,29,0.0,31.48,30.9,0,0.0
"Danny Edwards, Sr.",5,0,0.0,0,0,2,5,0.0,19.4,23.0,0,0.0
Danny MacDonald,1,0,0.0,0,0,0,1,0.0,42.0,23.0,0,0.0
Danny Weese,4,0,0.0,0,0,2,4,0.0,23.0,22.0,0,0.0
Darrell Blanton,1,0,0.0,0,0,0,1,0.0,38.0,38.0,0,0.0
Darrell Bryant,1,0,0.0,0,0,0,1,0.0,29.0,29.0,0,0.0
Darrell Holman,2,0,0.0,0,0,0,2,0.0,35.5,30.5,0,0.0
Darrell Waltrip,103,15,0.14563,45,57,67,103,0.14563,12.34,14.04,1517,14.73
Darren Dykes,1,0,0.0,0,0,0,1,0.0,29.0,25.0,0,0.0
Darwin Oordt,21,0,0.0,0,2,9,21,0.0,27.95,24.95,0,0.0
Daryl Spoerl,33,0,0.0,0,0,3,36,0.0,33.83,33.89,12,0.33
Dave Carroll,151,0,0.0,8,19,63,155,0.0,19.25,23.59,272,1.75
Dave Dion,9,0,0.0,2,2,2,9,0.0,17.78,26.56,70,7.78
Dave Lind,2,0,0.0,0,0,1,2,0.0,27.0,19.5,0,0.0
Dave Rezendes,133,0,0.0,5,21,72,133,0.0,21.55,20.62,83,0.62
Davey Allison,68,0,0.0,9,21,31,68,0.0,17.0,20.82,427,6.28
Davey Johnson,19,0,0.0,0,1,8,19,0.0,22.32,22.68,11,0.58
David & Donna Smith,2,0,0.0,0,0,2,2,0.0,25.0,14.5,0,0.0
David Carver,1,0,0.0,0,0,0,1,0.0,43.0,28.0,0,0.0
David Gregory,1,0,0.0,0,0,0,1,0.0,31.0,28.0,0,0.0
"David Lain, Sr.",1,0,0.0,0,0,0,1,0.0,31.0,26.0,0,0.0
David Pearson,154,14,0.09091,69,104,130,154,0.09091,9.15,10.07,2370,15.39
David Ridling,94,2,0.02128,7,26,53,123,0.01626,22.37,23.28,402,3.27
David Rogers,4,0,0.0,0,1,2,4,0.0,23.75,20.0,0,0.0
David Wilson,13,0,0.0,0,0,9,13,0.0,19.0,20.31,0,0.0
Davidson Racing,1,0,0.0,0,0,1,1,0.0,24.0,19.0,0,0.0
Davis Racing,7,0,0.0,0,1,4,7,0.0,20.71,17.57,0,0.0
Dayne Miller,4,0,0.0,0,0,0,4,0.0,33.25,40.75,0,0.0
Days Inn Special,8,0,0.0,0,0,2,8,0.0,31.0,25.25,0,0.0
Dean Ferri,2,0,0.0,0,0,0,2,0.0,39.5,31.5,0,0.0
Deane Voigt,2,0,0.0,0,0,0,2,0.0,42.0,35.0,0,0.0
Debbe Eunice,1,0,0.0,0,0,1,1,0.0,29.0,18.0,0,0.0
Deeth Chassis,3,0,0.0,0,0,1,3,0.0,20.67,21.0,0,0.0
Del Markle,8,0,0.0,0,0,2,8,0.0,35.0,30.0,0,0.0
Denco,1,0,0.0,0,0,0,1,0.0,29.0,22.0,0,0.0
Dennis Crowder,1,0,0.0,0,0,1,1,0.0,34.0,16.0,0,0.0
Dennis Demers,1,0,0.0,0,0,0,1,0.0,43.0,35.0,0,0.0
Dennis Gagliardi,4,0,0.0,0,0,1,4,0.0,26.5,32.5,0,0.0
Dennis Heating,2,0,0.0,0,0,2,2,0.0,23.0,15.0,0,0.0
Dennis Heating & Air Conditioning,9,0,0.0,0,2,8,9,0.0,19.67,14.78,0,0.0
Dennis Reno,2,0,0.0,0,0,1,2,0.0,17.5,20.5,0,0.0
Dennis Setzer,1,0,0.0,0,0,0,1,0.0,5.0,40.0,0,0.0
Dennis Shoemaker,142,2,0.01408,18,38,84,142,0.01408,17.37,19.52,401,2.82
Derek White,43,0,0.0,0,0,0,77,0.0,35.44,34.4,1,0.01
Derick Close,6,0,0.0,2,2,3,6,0.0,26.33,18.5,0,0.0
Derrike Cope,126,0,0.0,0,0,1,134,0.0,33.46,33.78,0,0.0
Dexter Tuttle,1,0,0.0,0,0,0,1,0.0,32.0,35.0,0,0.0
Dick & Mary Davis,6,0,0.0,0,0,1,6,0.0,34.33,28.5,0,0.0
Dick Bown,99,0,0.0,3,7,29,99,0.0,21.06,25.58,71,0.72
Dick McCabe,17,1,0.05882,2,4,7,17,0.05882,27.18,23.82,107,6.29
Dick Moroso,175,8,0.04571,36,70,113,176,0.04545,14.64,16.01,1550,8.81
Dickie Linville,7,0,0.0,0,0,5,7,0.0,23.75,18.0,0,0.0
Diet Pepsi,1,0,0.0,0,1,1,1,0.0,11.0,9.0,0,0.0
Dietrich Mateschitz,2,0,0.0,0,0,2,2,0.0,16.5,16.0,0,0.0
Dini Racing Engines,1,0,0.0,0,0,1,1,0.0,,17.0,0,0.0
Don Beverley,176,7,0.03977,34,69,121,176,0.03977,16.15,15.44,1648,9.36
Don Fauerbach,3,0,0.0,0,0,0,3,0.0,42.33,33.67,0,0.0
"Don Ling, Sr.",33,0,0.0,0,0,10,33,0.0,26.45,27.79,0,0.0
Don Lotarto Cars,1,0,0.0,0,0,1,1,0.0,6.0,18.0,0,0.0
Don Marcrum,4,0,0.0,0,0,0,4,0.0,28.0,34.25,0,0.0
Don Miller,1,0,0.0,0,0,1,1,0.0,9.0,11.0,0,0.0
Don Stegall,75,0,0.0,0,4,21,75,0.0,24.24,25.97,43,0.57
Donald Fuqua,5,0,0.0,0,0,3,5,0.0,35.0,20.4,0,0.0
Donald Johnson,2,0,0.0,0,0,0,2,0.0,40.0,28.5,0,0.0
Donald Laird,49,0,0.0,0,1,18,49,0.0,26.39,25.18,10,0.2
Donald Monteith,1,0,0.0,0,0,0,1,0.0,32.0,34.0,0,0.0
Donald Stout,1,0,0.0,0,0,0,1,0.0,31.0,37.0,0,0.0
Donald Teel,1,0,0.0,0,0,1,1,0.0,24.0,12.0,0,0.0
Donnie Neuenberger,1,0,0.0,0,0,0,1,0.0,43.0,34.0,0,0.0
Donnie Richardson,8,0,0.0,0,0,0,8,0.0,41.25,40.25,0,0.0
Dorothy Farraher,1,0,0.0,0,0,1,1,0.0,25.0,20.0,0,0.0
Doug Reid III,1,0,0.0,0,0,0,1,0.0,39.0,40.0,0,0.0
Doug Stringer,27,0,0.0,0,1,4,27,0.0,28.74,30.15,0,0.0
Doug Taylor,97,1,0.01031,7,13,37,99,0.0101,22.27,23.09,107,1.08
"Doug Thorpe, Jr.",1,0,0.0,0,0,0,1,0.0,41.0,32.0,0,0.0
Douglas Brown,1,0,0.0,0,0,0,1,0.0,33.0,33.0,0,0.0
Dow,1,0,0.0,0,0,0,1,0.0,13.0,23.0,0,0.0
Downtown Radio,7,0,0.0,0,0,2,7,0.0,24.14,24.0,0,0.0
Driver's Seat,3,0,0.0,0,0,0,3,0.0,35.33,33.67,0,0.0
DuPont,1,0,0.0,0,0,0,1,0.0,30.0,31.0,0,0.0
DuPont Auto Finishes,1,0,0.0,0,0,1,1,0.0,34.0,16.0,0,0.0
Duck Graphics,1,0,0.0,0,0,1,1,0.0,32.0,16.0,0,0.0
Duke Thorson,2,0,0.0,0,0,1,2,0.0,23.0,21.5,0,0.0
Dunn's Auto Supply,1,0,0.0,0,0,1,1,0.0,23.0,20.0,0,0.0
Duraliner,1,0,0.0,0,0,1,1,0.0,22.0,14.0,0,0.0
Dusty Whitney,43,0,0.0,0,3,13,64,0.0,29.2,30.06,1,0.02
Dwayne Leik,9,0,0.0,0,0,0,9,0.0,36.33,32.67,0,0.0
Dwight Huffman,82,0,0.0,1,13,47,83,0.0,20.11,18.78,52,0.63
Dyson Racing,3,0,0.0,0,0,1,3,0.0,20.67,21.0,0,0.0
E.F. Hutton,1,0,0.0,0,0,0,1,0.0,11.0,23.0,0,0.0
East End Auto,3,0,0.0,1,1,1,3,0.0,31.33,21.0,0,0.0
Ed Evans,101,4,0.0396,12,31,60,101,0.0396,14.76,18.36,424,4.2
Ed Ferree,60,0,0.0,2,6,22,60,0.0,23.8,24.08,46,0.77
Ed Powell,1,0,0.0,0,0,0,1,0.0,34.0,23.0,0,0.0
Ed Reizen,141,1,0.00709,10,33,98,142,0.00704,21.63,16.88,144,1.01
Ed Rensi,401,5,0.01247,37,82,185,405,0.01235,23.15,21.27,1482,3.66
"Ed St. Angelo, Sr.",1,0,0.0,0,0,0,1,0.0,34.0,35.0,0,0.0
Ed Whitaker,241,28,0.11618,80,107,133,247,0.11336,13.54,17.66,4473,18.11
Ed's Auto Machine,2,0,0.0,0,1,2,2,0.0,19.0,11.0,0,0.0
Eddie D'Hondt,26,0,0.0,1,1,2,26,0.0,26.04,36.58,15,0.58
Eddie Falk,91,1,0.01099,2,25,65,91,0.01099,13.6,15.97,39,0.43
Eddie Goodson,5,0,0.0,0,0,0,5,0.0,27.2,27.0,0,0.0
Eddie Smith,25,0,0.0,0,1,8,25,0.0,22.88,26.0,0,0.0
Edgar Ryder,119,0,0.0,11,31,80,119,0.0,21.12,17.01,73,0.61
Edward Bolles,11,0,0.0,0,2,4,11,0.0,30.45,25.36,0,0.0
Edward Wallace,2,0,0.0,0,0,1,2,0.0,31.5,29.0,0,0.0
Edwards Enterprises,1,0,0.0,0,0,0,1,0.0,39.0,34.0,0,0.0
El Dorado Motor Coach,2,0,0.0,0,0,1,2,0.0,34.0,19.0,0,0.0
Elliott Racing,6,0,0.0,0,1,4,6,0.0,25.0,16.83,0,0.0
Ellis Racing,3,0,0.0,0,0,1,3,0.0,9.67,24.0,1,0.33
Elmer Simko,1,0,0.0,0,0,0,1,0.0,27.0,24.0,0,0.0
Elton Sawyer,25,0,0.0,1,3,9,25,0.0,27.56,24.56,0,0.0
Emanuel Zervakis,26,5,0.19231,12,14,18,26,0.19231,9.05,13.77,377,14.5
Emerling-Gase Motorsports,82,0,0.0,0,1,20,112,0.0,32.38,27.34,2,0.02
Emhoff Racing,1,0,0.0,0,0,0,1,0.0,19.0,21.0,0,0.0
Enterprise,2,0,0.0,0,0,1,2,0.0,34.0,19.0,0,0.0
Epperly GMC,1,0,0.0,0,0,1,1,0.0,32.0,14.0,0,0.0
Eric Bodine,1,0,0.0,0,0,0,1,0.0,41.0,27.0,0,0.0
Ernie Irvan,47,3,0.06383,10,12,15,48,0.0625,13.73,24.92,909,18.94
Eury's Garage,1,0,0.0,0,0,0,1,0.0,36.0,36.0,0,0.0
Everett Kruhm,1,0,0.0,0,0,0,1,0.0,38.0,38.0,0,0.0
Expert Aluminum,1,0,0.0,0,0,1,1,0.0,28.0,19.0,0,0.0
Expresso / Graham Piping,1,0,0.0,0,0,1,1,0.0,36.0,17.0,0,0.0
Fay's Drug Stores,1,0,0.0,0,0,0,1,0.0,28.0,28.0,0,0.0
Felix Sabates,36,1,0.02778,2,8,21,76,0.01316,26.04,26.26,108,1.42
Fil Martocci,200,9,0.045,43,75,121,200,0.045,15.57,16.47,2127,10.64
Fisher Racing,1,0,0.0,0,0,1,1,0.0,32.0,20.0,0,0.0
Flow Dynamics,2,0,0.0,1,1,2,2,0.0,15.5,12.5,0,0.0
Flute's Sheetmetal,24,0,0.0,0,4,17,24,0.0,17.83,16.63,0,0.0
Fogleman Paving,1,0,0.0,0,0,0,1,0.0,27.0,27.0,0,0.0
Food Country USA,2,0,0.0,0,0,2,2,0.0,20.0,16.5,0,0.0
Forrest Morgan,1,0,0.0,0,0,0,1,0.0,30.0,31.0,0,0.0
Fox Broadcasting,1,0,0.0,0,0,1,1,0.0,34.0,19.0,0,0.0
Frank Cicci,485,15,0.03093,78,161,288,487,0.0308,18.97,18.21,2177,4.47
Frank Dickerson,2,0,0.0,0,0,2,2,0.0,18.5,19.0,0,0.0
Frank Edwards,4,0,0.0,0,0,2,4,0.0,27.0,23.0,0,0.0
Frank Kelly,2,0,0.0,0,0,2,2,0.0,16.5,20.0,0,0.0
Frank Plessinger,14,2,0.14286,6,8,12,15,0.13333,7.0,13.2,29,1.93
Frank Schwantz,1,0,0.0,0,0,0,1,0.0,9.0,29.0,0,0.0
Frank Varischetti,6,0,0.0,0,0,2,6,0.0,30.0,27.33,0,0.0
Fred & Jack's Salvage,11,0,0.0,0,2,8,11,0.0,22.18,17.64,0,0.0
Fred Biagi,277,6,0.02166,23,56,159,278,0.02158,21.9,19.86,549,1.97
Fred Bickford,49,0,0.0,0,0,0,56,0.0,37.52,34.73,2,0.04
Fred Harris,9,0,0.0,0,1,3,9,0.0,24.44,21.67,0,0.0
Fred Horn,8,0,0.0,0,0,0,8,0.0,38.75,37.5,0,0.0
Fred Kelly,2,0,0.0,1,1,1,2,0.0,15.5,14.5,0,0.0
Fred Turner,52,1,0.01923,7,14,27,54,0.01852,16.69,20.83,240,4.44
Fred Turner / Felix Sabates,3,0,0.0,0,0,0,3,0.0,17.33,25.33,0,0.0
Frederick Maggio,26,0,0.0,1,2,9,26,0.0,24.19,28.08,0,0.0
Freedlander,17,5,0.29412,7,9,10,17,0.29412,7.82,13.29,958,56.35
Freeman's Garage,5,0,0.0,0,0,4,5,0.0,24.8,18.6,0,0.0
Fury Race Cars,12,0,0.0,1,4,10,12,0.0,19.92,15.5,5,0.42
G & B Insulation,1,0,0.0,0,0,0,1,0.0,31.0,23.0,0,0.0
G & G Racing,4,0,0.0,0,0,1,4,0.0,21.75,26.25,0,0.0
G & W Hauling & Rigging,1,0,0.0,0,0,1,1,0.0,29.0,11.0,0,0.0
G.M. Ladd,1,0,0.0,0,0,0,1,0.0,41.0,44.0,0,0.0
G.P. Fasteners,1,0,0.0,0,1,1,1,0.0,22.0,8.0,0,0.0
GM Tech Team,1,0,0.0,0,0,0,1,0.0,40.0,35.0,0,0.0
Gahan Racing,1,0,0.0,0,0,0,1,0.0,42.0,24.0,0,0.0
Gant Racing,1,0,0.0,0,0,0,1,0.0,18.0,21.0,0,0.0
Gardiner's Auto Parts,1,0,0.0,0,0,1,1,0.0,23.0,19.0,0,0.0
Gary Baker,53,0,0.0,0,0,9,53,0.0,29.77,30.77,1,0.02
Gary Bechtel,110,10,0.09091,31,55,113,185,0.05405,18.3,17.58,1099,5.94
Gary Collins,1,0,0.0,0,0,0,1,0.0,38.0,39.0,0,0.0
Gary Keller,6,0,0.0,0,0,1,6,0.0,32.0,34.5,0,0.0
Gary Neice,7,0,0.0,2,3,4,7,0.0,14.0,16.29,26,3.71
Gary Potter,5,0,0.0,0,0,4,5,0.0,27.75,18.6,0,0.0
Gary Weisbaum,42,0,0.0,0,3,21,42,0.0,25.1,21.93,1,0.02
Gene Haas,110,1,0.00909,11,30,66,110,0.00909,18.7,18.45,213,1.94
Gene Isenhour,1,0,0.0,0,0,0,1,0.0,26.0,42.0,0,0.0
Gene Petty,7,0,0.0,0,0,0,7,0.0,15.71,29.0,3,0.43
George & Marty Crenshaw,5,0,0.0,0,0,2,5,0.0,22.6,25.0,0,0.0
George Dalton,4,0,0.0,0,0,0,4,0.0,24.25,29.0,0,0.0
George Debidart,185,2,0.01081,23,57,125,244,0.0082,18.67,21.02,349,1.43
"George Gillett, Jr.",35,0,0.0,3,11,22,37,0.0,17.16,17.57,36,0.97
George McRae,6,0,0.0,0,0,0,6,0.0,37.83,26.5,0,0.0
George Smith,6,0,0.0,0,0,1,6,0.0,23.67,30.17,0,0.0
George Taylor,1,0,0.0,0,0,0,1,0.0,27.0,39.0,0,0.0
George White,6,0,0.0,0,0,0,6,0.0,39.5,38.5,0,0.0
Germain Racing,111,0,0.0,2,17,80,113,0.0,24.35,18.52,38,0.34
Gibbs Racing,1,0,0.0,0,0,0,1,0.0,11.0,30.0,0,0.0
Giles National Hardware,3,0,0.0,0,0,2,3,0.0,21.67,18.33,0,0.0
Glenn Sullivan,5,0,0.0,0,0,1,5,0.0,33.8,29.6,0,0.0
Go-Jo Industrial,1,0,0.0,0,0,1,1,0.0,19.0,11.0,0,0.0
Goodson Construction,3,0,0.0,0,0,1,3,0.0,21.67,23.67,0,0.0
Gould's,1,0,0.0,0,0,0,1,0.0,47.0,41.0,0,0.0
Graham Racing,2,0,0.0,0,0,1,2,0.0,39.0,26.5,0,0.0
Granada Shell,2,0,0.0,0,0,0,2,0.0,39.0,27.5,0,0.0
Grant's Auto Glass,1,0,0.0,0,0,0,1,0.0,38.0,25.0,0,0.0
Gratton Racing,2,0,0.0,0,0,0,2,0.0,25.0,25.0,0,0.0
Green Hill Sausage,5,0,0.0,0,1,4,5,0.0,23.4,16.6,0,0.0
Green's Automotive,1,0,0.0,0,0,0,1,0.0,34.0,28.0,0,0.0
Greg Clark,10,0,0.0,0,0,1,10,0.0,29.0,27.4,1,0.1
Greg Pollex,361,24,0.06648,122,188,322,466,0.0515,15.4,15.49,5455,11.71
Greg Sacks,4,0,0.0,0,0,0,4,0.0,25.5,36.0,0,0.0
Gregg Mixon,121,0,0.0,0,0,2,124,0.0,36.73,34.27,0,0.0
Grooms Construction,1,0,0.0,0,0,1,1,0.0,27.0,17.0,0,0.0
Group III Racing,21,0,0.0,0,0,4,23,0.0,29.52,29.91,0,0.0
Grover Shugart,65,0,0.0,8,19,35,65,0.0,13.8,18.38,178,2.74
H & J Racing,1,0,0.0,0,0,0,1,0.0,38.0,32.0,0,0.0
H.L. Rose,2,0,0.0,0,0,2,2,0.0,28.5,17.0,0,0.0
H.P. Kidd / Chaney Ent.,2,0,0.0,0,0,1,2,0.0,30.5,17.5,0,0.0
HEC,1,0,0.0,0,0,1,1,0.0,24.0,18.0,1,1.0
Hagas Racing,1,0,0.0,0,0,0,1,0.0,46.0,44.0,0,0.0
Hale-Holbrook Racing,4,0,0.0,0,0,1,4,0.0,21.5,26.25,0,0.0
Hall Ambulance,1,0,0.0,0,0,0,1,0.0,38.0,32.0,0,0.0
Hall Pontiac,34,0,0.0,2,15,22,34,0.0,16.5,15.71,235,6.91
Hamilton Racing,1,0,0.0,0,0,1,1,0.0,30.0,14.0,0,0.0
Hank Parker Sr,72,0,0.0,4,13,31,72,0.0,23.75,23.39,41,0.57
Harold Annett,4,0,0.0,0,0,2,4,0.0,27.75,23.5,0,0.0
Harold Holly,3,0,0.0,0,1,1,3,0.0,24.0,23.0,2,0.67
Harold Steele,1,0,0.0,0,0,0,1,0.0,38.0,37.0,0,0.0
Harris Buick,1,0,0.0,0,0,1,1,0.0,26.0,16.0,0,0.0
Harry Franssen,6,0,0.0,1,1,4,6,0.0,13.67,19.5,4,0.67
Harry Gant,4,1,0.25,1,2,5,5,0.2,5.6,9.4,133,26.6
Harry Lee Hill,13,0,0.0,0,1,8,14,0.0,29.46,21.36,0,0.0
Harry Ranier,9,0,0.0,0,0,3,9,0.0,26.22,26.44,0,0.0
"Harry Scott, Jr.",33,1,0.0303,4,12,23,33,0.0303,13.0,15.73,181,5.48
Hayes Jewelers,2,0,0.0,0,0,0,2,0.0,29.5,32.0,0,0.0
Hayes Jewelry,1,0,0.0,0,0,0,1,0.0,38.0,21.0,0,0.0
Heinz Ketchup,1,0,0.0,0,0,0,1,0.0,22.0,36.0,0,0.0
Henderson Drywall,20,0,0.0,0,2,9,20,0.0,19.5,19.6,0,0.0
Henry Shaw,2,0,0.0,0,0,0,2,0.0,34.5,26.0,0,0.0
"Henry Shaw, Jr.",2,0,0.0,0,0,1,2,0.0,27.5,29.5,0,0.0
Herb Adcox,1,0,0.0,0,0,1,1,0.0,31.0,18.0,0,0.0
Heritage,1,0,0.0,0,0,0,1,0.0,25.0,23.0,0,0.0
Hermie Sadler,6,0,0.0,0,0,0,6,0.0,24.67,33.5,0,0.0
Hesco Exhaust,1,0,0.0,0,0,0,1,0.0,32.0,32.0,0,0.0
Hill Enterprises,1,0,0.0,0,0,0,1,0.0,42.0,29.0,0,0.0
Hill Racing,1,0,0.0,0,0,1,1,0.0,31.0,20.0,0,0.0
Hodgdon,1,0,0.0,0,0,0,1,0.0,11.0,22.0,4,4.0
Hogan Racing,2,0,0.0,0,0,1,2,0.0,23.5,18.5,0,0.0
Hoopaugh Grading,3,0,0.0,0,1,1,3,0.0,12.67,23.0,0,0.0
Horace Isenhower,200,5,0.025,71,111,162,200,0.025,9.53,11.91,1715,8.57
Howard Thomas,199,27,0.13568,107,153,182,202,0.13366,6.07,7.97,5681,28.12
Hubert Hensley,528,11,0.02083,52,128,294,529,0.02079,20.31,19.39,3426,6.48
Hubler Chevrolet / WNDE 1260 AM,1,0,0.0,0,1,1,1,0.0,,8.0,0,0.0
Hudgins Welding,1,0,0.0,0,0,0,1,0.0,24.0,21.0,0,0.0
Hugh Connerty,1,0,0.0,0,0,0,1,0.0,2.0,39.0,0,0.0
Humphrey Racing,1,0,0.0,0,0,0,1,0.0,35.0,33.0,0,0.0
Hunt Tire,5,0,0.0,0,0,0,5,0.0,27.6,24.2,0,0.0
Hut Stricklin,10,0,0.0,0,1,4,10,0.0,20.8,24.6,1,0.1
Hylton Racing,2,0,0.0,0,0,1,2,0.0,17.0,19.5,0,0.0
Ingles Markets,1,0,0.0,0,0,0,1,0.0,14.0,25.0,0,0.0
Ingram Auto Parts,1,0,0.0,0,0,0,1,0.0,5.0,24.0,0,0.0
Inland Timber,1,0,0.0,0,0,0,1,0.0,40.0,40.0,0,0.0
Ivan Murphy,21,0,0.0,0,0,3,21,0.0,24.76,28.48,1,0.05
J & J Steel,4,0,0.0,0,1,2,4,0.0,22.25,20.75,0,0.0
J. Edwards,1,0,0.0,0,0,1,1,0.0,16.0,16.0,0,0.0
J.C. Burks,79,0,0.0,2,9,45,79,0.0,17.94,19.47,0,0.0
J.D. McDuffie,7,0,0.0,1,3,5,7,0.0,18.86,16.14,0,0.0
J.L. Pennington,1,0,0.0,0,0,0,1,0.0,43.0,26.0,0,0.0
J.R. Enterprises,1,0,0.0,0,0,0,1,0.0,35.0,34.0,0,0.0
"J.V. Huffman, Sr.",7,0,0.0,0,0,0,7,0.0,30.14,33.43,0,0.0
JP Motorsports,32,0,0.0,0,0,3,59,0.0,34.47,30.31,0,0.0
JR Motorsports,626,84,0.13419,522,1021,1441,1817,0.04623,12.03,12.63,13909,7.65
JTG-Daugherty Racing,37,2,0.05405,3,6,16,37,0.05405,22.92,26.22,179,4.84
Jack Beebe,15,2,0.13333,5,5,6,15,0.13333,9.93,17.73,298,19.87
Jack Ingram,295,30,0.10169,121,167,226,297,0.10101,14.11,12.24,3502,11.79
Jack Johnson,6,0,0.0,0,0,0,6,0.0,41.83,40.5,0,0.0
Jack Roush,728,138,0.18956,506,872,1315,1712,0.08061,12.33,13.36,23286,13.6
James Buford,1,0,0.0,0,0,1,1,0.0,10.0,17.0,0,0.0
James Carter,16,0,0.0,0,0,0,16,0.0,35.38,36.88,0,0.0
James Finch,496,13,0.02621,64,155,313,543,0.02394,18.78,19.22,2682,4.94
James Hutto,3,0,0.0,0,0,0,3,0.0,32.0,35.33,0,0.0
James Lestorti,8,0,0.0,0,0,3,8,0.0,28.88,28.38,0,0.0
James Porter,54,0,0.0,0,1,6,55,0.0,27.42,29.75,14,0.25
James Pritchard,8,0,0.0,0,0,0,8,0.0,38.25,35.25,0,0.0
James Reece,6,0,0.0,0,0,1,6,0.0,23.0,29.17,72,12.0
James Rowe,3,0,0.0,0,0,0,3,0.0,38.67,33.67,0,0.0
James Whitener,145,0,0.0,6,12,115,267,0.0,24.13,23.0,22,0.08
Jamie Aube,1,0,0.0,0,0,0,1,0.0,39.0,36.0,0,0.0
Jared Keeney,1,0,0.0,0,0,0,1,0.0,43.0,32.0,0,0.0
Jarrell Racing,1,0,0.0,0,0,0,1,0.0,38.0,36.0,0,0.0
Jason Schuler,8,0,0.0,0,0,0,8,0.0,30.63,38.75,0,0.0
Jason Sciavicco,68,0,0.0,0,1,5,108,0.0,32.14,31.03,1,0.01
Jason White,2,0,0.0,0,0,0,2,0.0,33.5,37.5,0,0.0
Jay Robinson,357,0,0.0,1,4,53,573,0.0,34.14,31.59,66,0.12
JeNet's Hair Boutique,2,0,0.0,0,0,0,2,0.0,30.0,33.0,0,0.0
Jeff Barry,15,0,0.0,0,0,2,15,0.0,29.6,27.53,0,0.0
Jeff Fuller,1,0,0.0,0,0,1,1,0.0,27.0,15.0,0,0.0
Jeff Gordon,23,2,0.08696,7,8,13,23,0.08696,17.65,19.7,174,7.57
Jeff Hensley,4,0,0.0,0,0,0,4,0.0,28.0,40.0,0,0.0
Jeff McClure,7,0,0.0,0,0,2,7,0.0,29.29,24.14,0,0.0
Jeff Spraker,25,0,0.0,0,0,2,25,0.0,32.08,31.84,0,0.0
Jeff Wyler,1,0,0.0,0,0,0,1,0.0,31.0,37.0,0,0.0
Jeffrey Shutt,18,0,0.0,0,0,0,18,0.0,40.67,37.78,0,0.0
Jeffrey Welliver,127,1,0.00787,32,53,76,127,0.00787,20.72,18.07,376,2.96
Jennette Boutique,1,0,0.0,0,0,1,1,0.0,20.0,17.0,0,0.0
Jennifer Jo Cobb,21,0,0.0,0,0,0,21,0.0,38.38,33.57,0,0.0
Jeno's Pizza,1,0,0.0,0,0,1,1,0.0,22.0,12.0,0,0.0
JerZees,4,0,0.0,0,1,3,4,0.0,20.5,17.0,0,0.0
JerZees by Russell,12,0,0.0,1,3,5,12,0.0,19.83,21.83,12,1.0
Jeremy Clements,450,2,0.00444,6,37,238,450,0.00444,21.43,20.49,91,0.2
Jerry Brown,137,1,0.0073,6,20,82,143,0.00699,20.11,19.91,67,0.47
Jerry Davis,34,0,0.0,0,0,10,34,0.0,26.21,28.18,5,0.15
Jerry Francis,12,0,0.0,0,0,2,12,0.0,23.17,30.33,0,0.0
Jerry Glanville,3,0,0.0,0,0,0,3,0.0,31.67,31.0,0,0.0
Jerry McClure,4,0,0.0,0,0,0,4,0.0,31.25,29.75,0,0.0
Jerry Reary,3,0,0.0,0,0,0,3,0.0,38.0,29.0,0,0.0
Jerry Young,32,0,0.0,0,0,10,32,0.0,33.47,27.03,4,0.13
Jerry's Used Cars,2,0,0.0,0,0,0,2,0.0,38.5,26.0,0,0.0
Jess & Nic Variety,1,0,0.0,0,0,0,1,0.0,20.0,30.0,0,0.0
Jesse Iwuji,33,0,0.0,0,1,11,33,0.0,26.18,25.33,1,0.03
Jill Burgdoff,2,0,0.0,0,0,0,2,0.0,14.5,38.5,11,5.5
Jim Clark,2,0,0.0,0,0,0,2,0.0,35.5,26.5,3,1.5
Jim Coyle,1,0,0.0,0,0,0,1,0.0,17.0,28.0,0,0.0
Jim Gardner,17,0,0.0,0,0,0,17,0.0,30.24,32.29,0,0.0
Jim Offenbach,1,0,0.0,0,0,0,1,0.0,33.0,41.0,0,0.0
Jim Stacy,1,0,0.0,0,1,1,1,0.0,7.0,9.0,0,0.0
Jimmy Craig,7,0,0.0,0,0,2,7,0.0,32.29,27.57,0,0.0
Jimmy Dick,58,0,0.0,0,0,5,58,0.0,27.83,27.78,5,0.09
Jimmy Douglas,4,0,0.0,0,0,0,4,0.0,24.5,25.75,0,0.0
Jimmy Means,494,0,0.0,1,3,32,509,0.0,34.82,31.45,11,0.02
Jimmy Spencer,73,1,0.0137,12,22,45,93,0.01075,23.41,21.2,657,7.06
Jody Looney,5,0,0.0,0,0,1,5,0.0,31.4,30.4,0,0.0
Joe Auer,3,0,0.0,0,0,0,3,0.0,28.67,29.67,0,0.0
Joe Bessey,152,1,0.00658,4,18,65,155,0.00645,22.26,23.48,314,2.03
Joe Cudmore,4,0,0.0,0,0,0,4,0.0,25.75,30.25,0,0.0
Joe Gibbs,869,211,0.24281,736,1205,1670,2156,0.09787,10.09,12.69,39457,18.3
Joe Harrison,36,0,0.0,0,0,16,36,0.0,22.89,21.56,0,0.0
Joe Keller,123,1,0.00813,12,39,74,124,0.00806,17.43,18.44,302,2.44
Joe Kelly,26,0,0.0,1,6,18,26,0.0,17.69,17.88,0,0.0
Joe Lavender,1,0,0.0,0,0,0,1,0.0,34.0,23.0,0,0.0
Joe Nemechek,481,19,0.0395,80,133,273,527,0.03605,19.33,20.78,3122,5.92
Joe Reilly,89,0,0.0,0,1,4,91,0.0,35.63,30.98,0,0.0
Joe Thurman,67,0,0.0,3,14,44,67,0.0,20.28,16.81,47,0.7
Joe Washington,56,0,0.0,0,1,12,56,0.0,27.91,28.29,0,0.0
Joel Herberg,2,0,0.0,0,0,0,2,0.0,32.5,39.0,0,0.0
John Aramendia,4,0,0.0,0,0,1,4,0.0,36.0,23.75,0,0.0
John Boatman,13,0,0.0,0,1,4,13,0.0,21.85,22.54,0,0.0
John Borneman,5,0,0.0,0,0,1,5,0.0,37.6,27.8,0,0.0
"John Borneman, Jr.",13,0,0.0,1,1,2,13,0.0,31.38,26.31,0,0.0
John Burton,32,0,0.0,2,6,19,32,0.0,19.34,17.81,14,0.44
John Clontz,1,0,0.0,0,0,1,1,0.0,,15.0,0,0.0
John Conely,1,0,0.0,0,0,0,1,0.0,25.0,29.0,0,0.0
John Jackson,153,8,0.05229,31,63,107,153,0.05229,13.39,15.5,2046,13.37
John Josey,1,0,0.0,0,0,0,1,0.0,43.0,40.0,0,0.0
John Linville,134,0,0.0,0,3,69,134,0.0,24.51,20.77,0,0.0
John McGill,104,0,0.0,0,1,13,104,0.0,31.9,28.95,18,0.17
John McNelly,93,0,0.0,0,1,15,93,0.0,30.31,30.98,25,0.27
John P. Cullinan,2,0,0.0,0,1,1,2,0.0,31.0,16.5,0,0.0
John Pharo,53,0,0.0,4,10,23,53,0.0,22.26,21.15,19,0.36
John Reiser,30,5,0.16667,13,17,23,33,0.15152,19.18,14.97,890,26.97
John Ritch,13,0,0.0,0,1,6,13,0.0,24.85,23.54,0,0.0
John Wall,5,0,0.0,0,0,0,5,0.0,28.0,25.0,0,0.0
John Walsh,22,0,0.0,0,0,5,22,0.0,33.91,27.09,0,0.0
John Young,4,0,0.0,0,0,0,4,0.0,35.0,31.5,0,0.0
Johnathan Cohen,3,0,0.0,0,0,0,3,0.0,27.0,30.33,0,0.0
Johnathon's Restaurant / Bosch,1,0,0.0,0,0,0,1,0.0,9.0,43.0,0,0.0
Johnny Davis,757,0,0.0,7,48,492,1650,0.0,27.96,25.66,131,0.08
Johnny Hayes,59,1,0.01695,12,34,49,59,0.01695,6.4,12.53,179,3.03
Johnny Henderson,1,0,0.0,0,0,0,1,0.0,35.0,33.0,0,0.0
Johnny Ray,1,0,0.0,0,0,0,1,0.0,35.0,21.0,0,0.0
Johnny Rumley,8,1,0.125,1,3,5,8,0.125,13.75,16.63,22,2.75
Johnny Talley,6,0,0.0,0,0,0,6,0.0,31.67,30.67,0,0.0
Jones Texaco,13,0,0.0,0,1,8,13,0.0,19.15,19.85,0,0.0
Jordan Anderson,109,1,0.00917,9,32,96,173,0.00578,21.34,19.8,113,0.65
Julian Burgess,28,0,0.0,0,0,6,28,0.0,36.07,30.32,0,0.0
Junior Franks,1,0,0.0,0,0,0,1,0.0,39.0,33.0,0,0.0
Junior Miller,10,0,0.0,0,1,7,10,0.0,29.83,16.9,0,0.0
Kangaroos,1,0,0.0,0,0,0,1,0.0,38.0,24.0,0,0.0
Kat Teasdale,1,0,0.0,0,0,0,1,0.0,40.0,31.0,0,0.0
Keith Barnwell,66,5,0.07576,29,39,49,66,0.07576,10.09,12.18,891,13.5
Keith Coleman,58,0,0.0,0,0,2,60,0.0,32.95,33.38,19,0.32
Keith Duesenberg,33,0,0.0,0,3,13,33,0.0,29.27,25.36,6,0.18
Keith Murt,1,0,0.0,0,0,0,1,0.0,28.0,38.0,0,0.0
Keith Simmons,1,0,0.0,0,0,1,1,0.0,30.0,19.0,0,0.0
Kelly Carroll,1,0,0.0,0,0,0,1,0.0,16.0,22.0,0,0.0
Kelly Huffman,3,0,0.0,0,0,0,3,0.0,25.33,35.0,0,0.0
Kelly Souza,2,0,0.0,0,0,0,2,0.0,37.0,31.5,0,0.0
Ken Alexander,4,0,0.0,0,0,0,4,0.0,32.5,33.0,0,0.0
Ken Curley,2,0,0.0,0,0,0,2,0.0,21.0,21.5,0,0.0
Ken Schrader,92,2,0.02174,17,32,54,92,0.02174,18.74,18.87,293,3.18
Ken Wilson,5,0,0.0,0,0,0,5,0.0,31.2,34.8,0,0.0
Ken-Tenn Raceway,3,0,0.0,0,0,2,3,0.0,23.0,18.0,0,0.0
Kenneth Appling,3,0,0.0,0,0,0,3,0.0,39.0,38.0,0,0.0
Kenneth Shaver,12,0,0.0,2,2,3,12,0.0,29.17,27.17,4,0.33
Kenny Habul,7,0,0.0,0,0,3,7,0.0,28.29,24.86,0,0.0
Kermit McGee,1,0,0.0,0,0,0,1,0.0,42.0,33.0,0,0.0
Kerry Bodenhamer,17,2,0.11765,7,8,13,17,0.11765,4.4,12.82,350,20.59
Kerry Scherer,1,0,0.0,0,0,0,1,0.0,23.0,29.0,0,0.0
Kevin Banning,1,0,0.0,0,0,0,1,0.0,42.0,40.0,0,0.0
Kevin Cywinski,53,0,0.0,1,10,27,53,0.0,21.43,21.11,24,0.45
Kevin Grubb,22,0,0.0,2,5,8,22,0.0,16.73,22.41,26,1.18
Kevin Harvick,249,10,0.04016,96,178,262,367,0.02725,14.31,14.69,2551,6.95
Kevin Horton,1,0,0.0,0,0,0,1,0.0,31.0,25.0,0,0.0
Kevin Lepage,72,0,0.0,2,13,35,73,0.0,21.97,21.82,139,1.9
Kevin O'Connell,1,0,0.0,0,0,0,1,0.0,34.0,37.0,0,0.0
Kevin Sasser,2,0,0.0,0,0,1,2,0.0,24.5,29.0,0,0.0
Kevin Schwantz,9,0,0.0,0,0,0,9,0.0,24.78,33.11,0,0.0
King of the Road Vans,1,0,0.0,0,0,0,1,0.0,41.0,41.0,0,0.0
Kirby Pollard,6,0,0.0,0,0,1,6,0.0,27.67,27.67,0,0.0
Kopy King,16,0,0.0,0,3,12,17,0.0,14.0,17.47,0,0.0
Kristin Hamelin,18,0,0.0,0,0,0,18,0.0,34.33,28.67,0,0.0
Kutcha Racing,1,0,0.0,0,0,0,1,0.0,44.0,42.0,0,0.0
"Kwik Way, Inc.",2,0,0.0,1,1,1,2,0.0,21.5,17.0,0,0.0
Kyle Busch,67,1,0.01493,18,35,54,67,0.01493,11.15,12.61,526,7.85
Kyle Petty,67,0,0.0,4,9,28,68,0.0,25.29,23.72,36,0.53
L-Tec,1,0,0.0,0,0,0,1,0.0,35.0,31.0,0,0.0
L.C. Poff,1,0,0.0,0,1,1,1,0.0,19.0,7.0,0,0.0
"L.W. Miller, Sr.",6,0,0.0,0,0,1,6,0.0,31.17,33.5,0,0.0
Lacks Auto Service,11,0,0.0,0,1,8,11,0.0,23.27,17.55,0,0.0
Lady & Son Auction,1,0,0.0,0,0,0,1,0.0,29.0,29.0,0,0.0
Lail's Car Parts,1,0,0.0,0,0,0,1,0.0,25.0,36.0,0,0.0
Lake Morey Inn,1,0,0.0,0,0,0,1,0.0,30.0,36.0,0,0.0
Lake Speed,6,0,0.0,2,3,3,6,0.0,9.83,15.17,31,5.17
Langdon Racing,1,0,0.0,0,0,0,2,0.0,32.0,26.0,0,0.0
Larry Brolsma,10,0,0.0,0,0,2,10,0.0,33.2,27.7,0,0.0
Larry Carroll,1,0,0.0,0,0,0,1,0.0,41.0,41.0,0,0.0
Larry Cates,1,0,0.0,0,0,0,1,0.0,34.0,36.0,0,0.0
Larry Fuda,2,0,0.0,0,0,0,2,0.0,38.0,38.5,0,0.0
Larry Hedrick,17,0,0.0,1,7,13,17,0.0,21.71,15.47,0,0.0
Larry Holland,1,0,0.0,0,0,1,1,0.0,12.0,19.0,0,0.0
Larry Hollenbeck,5,0,0.0,0,0,1,5,0.0,33.2,28.4,0,0.0
Larry Lockamy,23,0,0.0,2,3,7,23,0.0,21.35,24.43,119,5.17
Larry McClure,1,0,0.0,0,0,0,1,0.0,17.0,42.0,0,0.0
Larry Schwartz,1,0,0.0,0,0,0,1,0.0,36.0,32.0,0,0.0
Larry Walker,15,0,0.0,0,0,7,15,0.0,29.4,22.8,0,0.0
Laugeni Painting,1,0,0.0,0,0,0,1,0.0,42.0,27.0,0,0.0
Lawson-Fitzgerald Garage,46,0,0.0,0,3,32,46,0.0,17.91,17.96,0,0.0
Layton Construction,1,0,0.0,0,0,0,1,0.0,32.0,24.0,0,0.0
Leavine Family Racing,1,0,0.0,0,0,0,1,0.0,21.0,37.0,0,0.0
Lee Leslie,1,0,0.0,0,0,0,1,0.0,9.0,30.0,14,14.0
Lee Smith,3,0,0.0,0,0,0,3,0.0,32.67,39.0,0,0.0
Len Boehler,6,0,0.0,1,1,4,6,0.0,20.33,19.67,1,0.17
Leo Cleary,1,0,0.0,0,0,0,1,0.0,23.0,25.0,0,0.0
Leo Poirier,1,0,0.0,0,0,0,1,0.0,8.0,22.0,0,0.0
Leon Fox,16,0,0.0,0,3,7,16,0.0,23.06,23.5,9,0.56
Leonard Vahsholtz,3,0,0.0,0,0,2,3,0.0,28.33,23.33,0,0.0
Leroy Throop,6,1,0.16667,2,3,4,6,0.16667,10.33,12.83,54,9.0
Lester Burnette,1,0,0.0,0,0,0,1,0.0,32.0,32.0,0,0.0
Letarte Race Cars,1,0,0.0,0,0,0,1,0.0,23.0,35.0,0,0.0
Levi Garrett,2,0,0.0,0,2,2,2,0.0,12.0,7.5,7,3.5
Lewis Cooper,96,1,0.01042,7,26,63,96,0.01042,17.89,17.32,127,1.32
Lexington Special,1,0,0.0,0,0,1,1,0.0,36.0,18.0,0,0.0
Lighting & Fans,1,0,0.0,0,0,1,1,0.0,35.0,20.0,0,0.0
Lind Racing,1,0,0.0,0,0,0,1,0.0,39.0,38.0,0,0.0
Lindy White,53,3,0.0566,12,21,37,53,0.0566,11.36,14.49,390,7.36
Linville Construction,1,0,0.0,0,0,1,1,0.0,21.0,18.0,0,0.0
Linville Racing,1,0,0.0,0,0,1,1,0.0,24.0,20.0,0,0.0
Lisa Young,1,0,0.0,0,0,0,1,0.0,33.0,32.0,0,0.0
Little Dan's Quick Pick,1,0,0.0,0,0,0,1,0.0,37.0,36.0,0,0.0
Lloyd Gillie,1,0,0.0,0,0,0,1,0.0,35.0,33.0,0,0.0
Lombard Body & Paint,1,0,0.0,0,0,1,1,0.0,18.0,16.0,0,0.0
Longwood Restaurant,3,0,0.0,1,2,3,3,0.0,20.67,9.67,0,0.0
Lori Morgan,1,0,0.0,0,0,0,1,0.0,43.0,42.0,0,0.0
Louis Rettenmeier,1,0,0.0,0,0,0,1,0.0,34.0,37.0,0,0.0
Loven Racing,1,0,0.0,0,0,1,1,0.0,9.0,18.0,0,0.0
"Loven, Inc.",1,0,0.0,0,0,0,1,0.0,27.0,29.0,0,0.0
Lowe Smith,7,0,0.0,0,0,5,7,0.0,20.75,18.0,0,0.0
Lowe's,2,0,0.0,0,0,1,2,0.0,23.0,25.0,0,0.0
Lowe's / Colonial Tire,2,0,0.0,1,1,1,2,0.0,17.0,15.0,0,0.0
Lowell Bennett,7,0,0.0,0,0,0,7,0.0,29.0,30.57,0,0.0
Lucky J Coal,3,0,0.0,0,0,1,3,0.0,39.67,27.67,0,0.0
Lucretia Boyd,1,0,0.0,0,0,0,1,0.0,28.0,28.0,0,0.0
Lussier Pontiac-Buick,1,0,0.0,0,0,0,1,0.0,28.0,31.0,0,0.0
Lynn Peters,2,0,0.0,0,1,2,2,0.0,23.0,10.0,0,0.0
M.J. Sullivan,9,0,0.0,0,3,6,9,0.0,24.33,18.0,2,0.22
MAP Racing,1,0,0.0,0,0,0,1,0.0,11.0,30.0,0,0.0
MSRP Motorsports,68,0,0.0,0,0,0,121,0.0,29.31,40.53,0,0.0
MSW / Fredrickson,1,0,0.0,0,0,1,1,0.0,26.0,11.0,0,0.0
Mac Martin,136,2,0.01471,21,42,73,136,0.01471,18.22,18.53,541,3.98
Magic Land Video,4,0,0.0,1,1,3,4,0.0,13.0,15.75,4,1.0
Magness Construction,1,0,0.0,0,0,0,1,0.0,30.0,29.0,0,0.0
Marc Davis,2,0,0.0,0,0,0,2,0.0,28.5,28.0,0,0.0
Marc Madison,1,0,0.0,0,0,0,1,0.0,33.0,30.0,0,0.0
Marc Reno,7,0,0.0,0,2,4,7,0.0,19.86,20.86,0,0.0
Marilyn Smith,75,9,0.12,32,41,61,75,0.12,5.21,11.2,2642,35.23
Mario Gosselin,307,0,0.0,3,38,231,620,0.0,25.27,23.78,84,0.14
Marion Cox,15,0,0.0,0,2,4,15,0.0,23.4,26.87,1,0.07
Marion Sadler,1,0,0.0,0,0,1,1,0.0,20.0,14.0,0,0.0
Mark Albertson,1,0,0.0,0,0,0,1,0.0,43.0,34.0,0,0.0
Mark Beaver,33,0,0.0,0,0,0,33,0.0,34.76,33.15,0,0.0
Mark Gant,1,0,0.0,0,0,0,1,0.0,35.0,23.0,0,0.0
Mark Gibson,8,0,0.0,0,0,2,8,0.0,33.71,25.38,0,0.0
Mark Golembeski,1,0,0.0,0,0,0,1,0.0,38.0,43.0,0,0.0
Mark Simo,2,0,0.0,0,0,0,2,0.0,15.5,36.5,0,0.0
Mark Smith,252,0,0.0,1,19,253,854,0.0,26.35,26.86,70,0.08
Mark Thomas,120,0,0.0,6,33,84,120,0.0,21.99,17.23,79,0.66
Mark Watkins,2,0,0.0,0,0,0,2,0.0,39.0,31.0,0,0.0
Mark Whitaker,6,0,0.0,0,0,1,6,0.0,27.67,26.83,0,0.0
"Martin Truex, Sr.",19,0,0.0,0,0,6,19,0.0,25.21,24.16,0,0.0
Marty Bezema,12,0,0.0,0,5,8,12,0.0,23.08,17.0,0,0.0
Marty Ward,6,0,0.0,0,0,2,6,0.0,27.67,27.5,0,0.0
Martyn Glidden,10,0,0.0,0,0,0,10,0.0,38.3,32.3,0,0.0
Marvin Ragan,4,0,0.0,0,0,1,4,0.0,27.0,23.0,0,0.0
Marvin Thackston,162,0,0.0,4,31,86,162,0.0,22.66,19.84,13,0.08
Mary Louise Miller,189,0,0.0,1,2,57,189,0.0,27.43,25.14,4,0.02
Matson Pool Manufacturing,2,0,0.0,0,0,2,2,0.0,32.0,17.5,0,0.0
Matt Hurley,7,0,0.0,0,1,5,7,0.0,22.43,18.0,0,0.0
Matt Kobyluck,4,0,0.0,0,0,0,4,0.0,31.0,37.5,0,0.0
Matten Computers,2,0,0.0,0,0,0,2,0.0,31.5,28.0,0,0.0
Matthew Kaulig,284,26,0.09155,129,295,470,590,0.04407,11.49,13.35,2918,4.95
Matthews Auto Parts,1,0,0.0,0,0,0,1,0.0,41.0,34.0,0,0.0
Maurice Brown,1,0,0.0,0,1,1,1,0.0,40.0,9.0,0,0.0
Maury Gallagher,106,1,0.00943,12,38,76,116,0.00862,16.54,17.35,52,0.45
Max Berrier,51,0,0.0,1,6,29,51,0.0,22.41,19.29,0,0.0
Max Prestwood,33,0,0.0,6,9,24,33,0.0,15.21,15.64,138,4.18
Maxie's Vending,4,0,0.0,0,0,1,4,0.0,30.75,24.0,0,0.0
Maxx Race Cards,1,0,0.0,0,0,0,1,0.0,29.0,29.0,0,0.0
McCabe Bait,1,0,0.0,0,0,1,1,0.0,32.0,12.0,0,0.0
McDowell Racing,2,0,0.0,0,0,1,2,0.0,24.5,20.0,0,0.0
McGraw's Used Auto Parts,1,0,0.0,0,0,0,1,0.0,28.0,27.0,0,0.0
Meadow Gold,4,0,0.0,0,0,3,4,0.0,22.5,19.0,0,0.0
Meadow Gold Dairy,1,0,0.0,0,0,1,1,0.0,24.0,13.0,0,0.0
Meineke Muffler,1,0,0.0,0,0,1,1,0.0,34.0,18.0,0,0.0
Meredith Ruark,90,0,0.0,0,3,26,90,0.0,26.32,26.86,2,0.02
Merv Treichler,1,0,0.0,0,0,1,1,0.0,9.0,14.0,0,0.0
Metro,1,0,0.0,0,0,1,1,0.0,27.0,20.0,0,0.0
Michael Baldauf,4,0,0.0,1,2,2,4,0.0,18.75,18.75,7,1.75
Michael Broyhill,6,0,0.0,1,4,6,6,0.0,14.5,11.0,0,0.0
Michael Contarino,1,0,0.0,0,0,0,1,0.0,33.0,38.0,0,0.0
Michael Holigan,6,0,0.0,0,0,0,6,0.0,29.0,29.67,0,0.0
Michael Kranefuss,19,0,0.0,5,14,16,19,0.0,13.11,10.84,104,5.47
Michael Marden,1,0,0.0,0,0,0,1,0.0,26.0,22.0,0,0.0
Michael Peck,1,0,0.0,0,0,0,1,0.0,40.0,24.0,0,0.0
Michael Waltrip,383,5,0.01305,55,129,257,413,0.01211,18.39,18.5,1819,4.4
Mike Alexander,71,2,0.02817,18,31,52,71,0.02817,11.86,14.58,720,10.14
Mike Bales,1,0,0.0,0,0,0,1,0.0,42.0,38.0,0,0.0
Mike Curb,311,1,0.00322,10,48,134,336,0.00298,22.45,23.57,217,0.65
Mike Day,119,9,0.07563,57,83,103,119,0.07563,9.01,9.61,1360,11.43
Mike Greci,29,0,0.0,2,4,13,30,0.0,22.67,23.3,18,0.6
Mike Greenwell,1,0,0.0,0,0,1,1,0.0,25.0,19.0,0,0.0
Mike Harmon,334,0,0.0,0,2,34,395,0.0,34.19,31.21,13,0.03
Mike Laughlin,158,0,0.0,4,10,50,158,0.0,24.85,25.23,86,0.54
Mike Oliver,3,0,0.0,0,0,0,3,0.0,30.0,29.33,0,0.0
Mike Olsen,11,0,0.0,0,0,1,11,0.0,37.27,29.55,0,0.0
Mike Porter,8,0,0.0,0,0,2,8,0.0,20.75,23.25,0,0.0
Mike Smith,12,0,0.0,0,0,2,12,0.0,32.75,34.17,0,0.0
Mike Stefanik,1,0,0.0,0,0,1,1,0.0,31.0,16.0,0,0.0
Mike Swaim,76,0,0.0,4,12,38,76,0.0,22.16,20.08,23,0.3
Mike Watts,5,0,0.0,0,0,2,5,0.0,28.2,21.8,0,0.0
Miller High Life,1,0,0.0,0,1,3,3,0.0,14.33,10.33,0,0.0
Mina Gordon,1,0,0.0,0,1,1,1,0.0,26.0,10.0,0,0.0
Minton Wrecking,1,0,0.0,0,0,0,1,0.0,19.0,28.0,0,0.0
Mitton Electric,1,0,0.0,0,0,0,1,0.0,28.0,25.0,0,0.0
Mobil 1,3,0,0.0,0,1,2,3,0.0,17.0,17.0,3,1.0
Model City Auto Parts,4,0,0.0,0,1,3,4,0.0,29.5,15.75,0,0.0
Moody Builders,3,0,0.0,0,0,0,3,0.0,26.0,38.67,37,12.33
Moore Motors / Green Auto,1,0,0.0,0,0,0,1,0.0,39.0,24.0,0,0.0
Moore Motors / Green's Amoco,1,0,0.0,0,0,1,1,0.0,21.0,18.0,0,0.0
Moore Racing,1,0,0.0,0,0,1,1,0.0,36.0,11.0,0,0.0
Morgan Shepherd,349,4,0.01146,14,24,47,366,0.01093,30.55,31.57,428,1.17
Motor Supply Corp.,1,0,0.0,0,0,1,1,0.0,28.0,18.0,0,0.0
Motorola / Racing Radios,1,0,0.0,0,0,1,1,0.0,28.0,13.0,0,0.0
Motorsports Designs,6,0,0.0,0,0,1,6,0.0,28.17,27.17,0,0.0
Motorsports Training,1,0,0.0,0,0,1,1,0.0,26.0,17.0,0,0.0
Myers Racing,1,0,0.0,0,0,1,1,0.0,21.0,19.0,0,0.0
NE Racing Products,1,0,0.0,0,0,0,1,0.0,31.0,36.0,0,0.0
Nalley Carolina Trucks,30,0,0.0,1,11,26,30,0.0,17.37,13.33,0,0.0
Neal's Enterprises,1,0,0.0,0,0,1,1,0.0,19.0,13.0,0,0.0
Ned Jarrett,1,0,0.0,0,0,0,1,0.0,27.0,27.0,0,0.0
Ned LaWarre,15,0,0.0,0,0,6,15,0.0,24.87,26.93,0,0.0
Neil Bonnett,5,0,0.0,0,0,3,5,0.0,19.8,23.0,0,0.0
Neil Chaffin,4,0,0.0,0,0,0,4,0.0,16.25,28.75,0,0.0
Nelson Building Supply,11,0,0.0,0,1,5,11,0.0,19.91,20.45,0,0.0
Nelson Trucking,1,0,0.0,0,1,1,1,0.0,7.0,10.0,18,18.0
Nestle Quik,1,0,0.0,0,0,0,1,0.0,15.0,23.0,0,0.0
Nevada Auto Sales,4,0,0.0,0,0,1,4,0.0,26.25,26.25,0,0.0
Nevada Used Car Sales,1,0,0.0,0,0,1,1,0.0,28.0,18.0,0,0.0
New-Con Leasing,1,0,0.0,0,0,1,1,0.0,17.0,13.0,0,0.0
New-Lon Leasing,1,0,0.0,0,0,1,1,0.0,18.0,16.0,0,0.0
NewJac Metal Fabricating,1,0,0.0,0,0,0,1,0.0,23.0,30.0,0,0.0
NextGen Motorsports,1,0,0.0,0,0,0,1,0.0,33.0,34.0,0,0.0
Nimnicht,1,0,0.0,0,0,0,1,0.0,29.0,38.0,0,0.0
Nissen Racing,9,0,0.0,1,3,6,9,0.0,9.89,14.33,0,0.0
No. 9 Mining Company,2,0,0.0,0,0,0,2,0.0,30.0,24.5,0,0.0
Norm Benning,3,0,0.0,0,0,0,3,0.0,41.33,38.0,0,0.0
North America Racing Insurance,2,0,0.0,0,0,0,2,0.0,25.0,26.0,0,0.0
O.B. Elliott,4,0,0.0,0,0,2,4,0.0,31.67,23.5,0,0.0
Oakwood Mobile Homes,1,0,0.0,0,0,0,1,0.0,35.0,21.0,0,0.0
Oceans East / Dyson,1,0,0.0,0,0,1,1,0.0,23.0,14.0,0,0.0
Old Milwaukee,1,0,0.0,0,0,0,1,0.0,6.0,21.0,0,0.0
Oldtown Auto Parts,1,0,0.0,0,0,1,1,0.0,23.0,14.0,0,0.0
One Stop Food Shop,1,0,0.0,0,0,0,1,0.0,32.0,28.0,0,0.0
Orchard Park Redi-Mix,1,0,0.0,0,0,0,1,0.0,24.0,34.0,0,0.0
Orvil Reedy,16,0,0.0,0,0,10,16,0.0,22.56,20.13,0,0.0
Owens Racing,2,0,0.0,0,0,2,2,0.0,31.5,16.0,0,0.0
Page Sales,2,0,0.0,0,0,0,2,0.0,36.0,25.0,0,0.0
Parkway,1,0,0.0,0,0,0,1,0.0,29.0,27.0,0,0.0
Parkway Gas,1,0,0.0,0,0,1,1,0.0,26.0,15.0,0,0.0
Pat Davison,10,0,0.0,0,2,4,10,0.0,24.5,22.7,0,0.0
Pat MacDonald,243,0,0.0,0,2,52,260,0.0,30.12,27.26,2,0.01
Pat Shaw,1,0,0.0,0,0,0,1,0.0,37.0,38.0,0,0.0
Pathway Homes,1,0,0.0,0,0,1,1,0.0,19.0,12.0,0,0.0
Patterson Racing,1,0,0.0,0,0,1,1,0.0,15.0,19.0,0,0.0
Patty Moise,36,0,0.0,0,2,16,36,0.0,22.33,23.03,18,0.5
Paul Mauceri,1,0,0.0,0,0,0,1,0.0,37.0,34.0,0,0.0
Peeler Jersey Farms,1,0,0.0,0,0,0,1,0.0,18.0,24.0,0,0.0
Perdue,1,0,0.0,0,1,1,1,0.0,11.0,9.0,0,0.0
Pete Bradshaw,1,0,0.0,0,0,0,1,0.0,40.0,39.0,0,0.0
Pete Silva,4,0,0.0,1,3,4,4,0.0,6.0,9.5,0,0.0
Pete Szekeres,33,0,0.0,0,0,5,34,0.0,31.59,31.97,1,0.03
Pete's Jet Skis,1,0,0.0,0,0,0,1,0.0,25.0,21.0,0,0.0
Peter Frank,1,0,0.0,0,0,0,1,0.0,34.0,36.0,0,0.0
Peter Gibbons,2,0,0.0,0,0,0,2,0.0,24.0,23.0,0,0.0
Petty Enterprises,75,0,0.0,0,9,40,75,0.0,22.31,21.32,41,0.55
Phil Barkdoll / Tracy Leslie,1,0,0.0,0,0,0,1,0.0,14.0,43.0,0,0.0
Phil Bonifield,2,0,0.0,0,0,0,2,0.0,41.0,32.5,0,0.0
Phil Parsons,151,1,0.00662,19,46,87,153,0.00654,22.37,19.33,160,1.05
Pierce Air Tool,1,0,0.0,0,0,0,1,0.0,18.0,33.0,0,0.0
Pierce Air Tool Co.,1,0,0.0,0,0,0,1,0.0,20.0,34.0,0,0.0
Plainstown Auto,1,0,0.0,0,0,0,1,0.0,33.0,30.0,0,0.0
Playcraft,1,0,0.0,0,0,0,1,0.0,40.0,40.0,0,0.0
Pleasant Hill Gardens,2,0,0.0,0,0,0,2,0.0,22.0,30.0,0,0.0
Plessinger Racing,1,0,0.0,1,1,1,1,0.0,11.0,2.0,1,1.0
Poeler Farm / Deasey Auto,1,0,0.0,0,0,0,1,0.0,25.0,26.0,1,1.0
Poff Racing,2,0,0.0,0,0,1,2,0.0,16.0,26.0,8,4.0
Polaris / G.B. Carrier,1,0,0.0,0,0,0,1,0.0,18.0,31.0,0,0.0
Pontiac Dealers of South Carolina,1,0,0.0,0,0,0,1,0.0,32.0,31.0,0,0.0
Porter Lanigan,3,0,0.0,0,0,0,3,0.0,35.67,31.67,0,0.0
Porter Racing,2,0,0.0,0,0,1,2,0.0,28.0,22.5,0,0.0
Positrak,1,0,0.0,0,0,0,1,0.0,40.0,35.0,0,0.0
Precision Eng. Service,1,0,0.0,0,0,0,1,0.0,29.0,23.0,0,0.0
Precision Sheetmetal,1,0,0.0,0,0,0,1,0.0,26.0,27.0,0,0.0
Precision Walls,1,0,0.0,0,0,1,1,0.0,25.0,19.0,0,0.0
Prescott Racing,5,0,0.0,0,1,1,5,0.0,16.0,28.2,0,0.0
Priestly Demolition,1,0,0.0,1,1,1,1,0.0,7.0,5.0,0,0.0
Pro Motorsports,1,0,0.0,0,0,0,1,0.0,36.0,25.0,0,0.0
Professional Equipment,1,0,0.0,0,0,0,1,0.0,25.0,24.0,0,0.0
Pucci & Associates,1,0,0.0,0,0,0,1,0.0,26.0,40.0,0,0.0
Pugh Oil,1,0,0.0,0,0,0,1,0.0,36.0,38.0,0,0.0
Purnell & Jarvis,1,0,0.0,0,1,1,1,0.0,26.0,10.0,0,0.0
Purnell-Jarvis Dyson,1,0,0.0,0,0,0,1,0.0,32.0,36.0,0,0.0
"Purnell-Jarvis, Ltd.",1,0,0.0,0,0,0,1,0.0,23.0,29.0,0,0.0
Quality Plumbing,1,0,0.0,0,0,0,1,0.0,35.0,36.0,0,0.0
Quint Boisvert,30,1,0.03333,2,4,15,31,0.03226,22.19,22.65,106,3.42
RC Cola,12,0,0.0,2,5,8,12,0.0,13.5,14.67,0,0.0
RSD Leasing,2,0,0.0,0,0,0,2,0.0,41.5,33.0,0,0.0
Racing Collectables Club,2,0,0.0,0,0,1,2,0.0,27.5,30.0,0,0.0
Rahmoc Enterprises,3,0,0.0,1,1,1,3,0.0,24.0,21.67,1,0.33
Raider Engineering,1,0,0.0,0,0,1,1,0.0,28.0,19.0,0,0.0
Raleing Racing,2,0,0.0,0,0,1,2,0.0,14.5,21.0,0,0.0
Ralph Morris,1,0,0.0,0,0,0,1,0.0,29.0,30.0,0,0.0
Randa / Reah,1,0,0.0,0,1,1,1,0.0,20.0,7.0,0,0.0
Randy Hill,34,0,0.0,0,0,2,34,0.0,30.38,30.47,1,0.03
Randy Hope,7,0,0.0,0,1,3,7,0.0,13.14,22.29,19,2.71
Randy Humphrey,23,0,0.0,0,0,0,23,0.0,20.78,39.35,0,0.0
Randy LaJoie,16,0,0.0,1,4,5,16,0.0,20.5,24.13,1,0.06
Randy MacDonald,30,0,0.0,0,1,5,32,0.0,32.75,30.09,0,0.0
Randy Tissot,1,0,0.0,0,0,0,1,0.0,16.0,25.0,0,0.0
Randy Young,20,0,0.0,1,1,7,20,0.0,26.2,23.3,0,0.0
Randy's Auto Parts,1,0,0.0,0,0,1,1,0.0,40.0,19.0,0,0.0
Ray DeWitt,103,1,0.00971,6,17,65,106,0.00943,23.54,19.34,171,1.61
Ray Evernham,105,5,0.04762,13,28,61,109,0.04587,16.17,19.53,623,5.72
Ray Hackett,1,0,0.0,0,0,0,1,0.0,43.0,35.0,0,0.0
Ray Montgomery,2,0,0.0,0,0,0,2,0.0,27.5,31.5,0,0.0
Ray Skillman,4,0,0.0,0,0,2,4,0.0,25.25,21.0,0,0.0
Ray's Yamaha,2,0,0.0,0,1,2,2,0.0,25.5,14.5,66,33.0
Raymond Beadle,18,0,0.0,3,5,8,18,0.0,14.78,22.33,130,7.22
Rayner Racing,2,0,0.0,0,0,0,2,0.0,21.0,26.0,0,0.0
Reco Trucking,1,0,0.0,0,0,1,1,0.0,17.0,19.0,0,0.0
Reds Kagle,2,0,0.0,0,0,0,2,0.0,36.5,32.0,0,0.0
Reg Laporte,1,0,0.0,0,0,0,1,0.0,20.0,40.0,0,0.0
Reggie Ruggiero,1,0,0.0,0,0,1,1,0.0,18.0,20.0,0,0.0
Reginald Linberger,6,1,0.16667,2,4,6,6,0.16667,11.5,8.83,53,8.83
Rene Cardinal,1,0,0.0,0,0,1,1,0.0,19.0,17.0,0,0.0
Ricci Brothers Construction,1,0,0.0,0,0,0,1,0.0,40.0,38.0,0,0.0
Rich Bickle,9,0,0.0,2,2,3,9,0.0,30.89,26.56,0,0.0
Rich Burgess,9,0,0.0,0,0,3,9,0.0,20.44,24.56,4,0.44
Richard Carter,2,0,0.0,0,0,1,3,0.0,29.67,30.33,0,0.0
Richard Childress,789,95,0.12041,547,1022,1536,1892,0.05021,11.01,12.32,19203,10.15
Richard Colburn,5,0,0.0,0,0,2,5,0.0,34.0,23.8,0,0.0
Richard Jackson,35,0,0.0,1,9,18,35,0.0,19.09,21.26,19,0.54
Richard Jarvis,2,0,0.0,0,0,0,2,0.0,32.0,37.0,0,0.0
Richard Johnson,4,0,0.0,0,0,2,4,0.0,31.5,19.75,0,0.0
Richard Moore,35,0,0.0,1,5,16,35,0.0,21.43,24.09,191,5.46
Richard Petty Motorsports,144,2,0.01389,9,31,108,147,0.01361,18.01,16.68,85,0.58
Richard Sheltra,2,0,0.0,0,0,0,2,0.0,37.0,26.5,0,0.0
Richard Woodland,2,0,0.0,0,0,0,2,0.0,35.5,41.5,0,0.0
Richardson Racing,1,0,0.0,0,0,0,1,0.0,27.0,27.0,0,0.0
Richie Rice,2,0,0.0,1,2,2,2,0.0,10.0,7.0,0,0.0
Richwood Toothpicks,1,0,0.0,0,1,1,1,0.0,1.0,6.0,90,90.0
Rick Gdovic,18,0,0.0,0,1,6,18,0.0,28.5,21.67,0,0.0
Rick Goodwin,64,0,0.0,2,6,23,64,0.0,26.53,25.13,19,0.3
Rick Hendrick,262,25,0.09542,115,164,235,357,0.07003,12.59,15.66,5831,16.33
Rick Russell,17,0,0.0,0,0,0,17,0.0,32.12,35.82,0,0.0
Rick Ware,289,0,0.0,1,7,45,477,0.0,33.34,30.83,23,0.05
Rick Wilson,4,0,0.0,1,1,1,4,0.0,24.5,25.5,0,0.0
Ricky Craven,83,4,0.04819,21,36,50,83,0.04819,12.93,16.77,1373,16.54
Ricky Dennis,1,0,0.0,0,1,1,1,0.0,23.0,9.0,0,0.0
Ricky Hendrick,34,3,0.08824,13,21,28,34,0.08824,9.35,11.38,623,18.32
Riverside Park,1,0,0.0,0,0,1,1,0.0,28.0,18.0,0,0.0
Robbie Lewis,4,0,0.0,0,1,2,4,0.0,27.75,16.0,0,0.0
Robbie Reiser,189,12,0.06349,57,85,114,189,0.06349,16.48,16.31,2092,11.07
Robby Benton,201,1,0.00498,5,24,124,220,0.00455,19.04,20.36,46,0.21
Robby Gordon,45,1,0.02222,8,14,30,45,0.02222,13.64,17.6,197,4.38
Robert Creech,2,0,0.0,0,0,0,2,0.0,27.5,33.5,0,0.0
Robert Drake,1,0,0.0,0,0,0,1,0.0,34.0,40.0,0,0.0
Robert Fain,1,0,0.0,0,0,0,1,0.0,26.0,33.0,0,0.0
Robert Gee,13,4,0.30769,8,8,10,13,0.30769,5.64,8.77,337,25.92
Robert Hayes,65,0,0.0,2,8,27,65,0.0,26.32,23.15,66,1.02
Robert Ingram,53,0,0.0,7,17,40,53,0.0,17.85,16.49,85,1.6
Robert Kittleson,2,0,0.0,0,0,0,2,0.0,27.0,25.5,0,0.0
Robert Krogh,62,0,0.0,1,4,18,103,0.0,29.04,28.11,13,0.13
Robert McFarland,4,0,0.0,0,0,0,4,0.0,31.75,32.25,0,0.0
Robert Powell,1,0,0.0,0,0,0,1,0.0,29.0,24.0,0,0.0
"Robert Richardson, Sr.",147,0,0.0,0,2,22,167,0.0,34.24,28.19,3,0.02
Robert Sowa,1,0,0.0,0,0,0,1,0.0,44.0,34.0,0,0.0
Robert Torriere,10,0,0.0,0,1,2,10,0.0,20.5,27.5,0,0.0
Robert's Used Cars,2,0,0.0,0,0,2,2,0.0,26.5,12.5,0,0.0
Roberts Construction,1,0,0.0,0,0,0,1,0.0,26.0,25.0,0,0.0
Roberts Used Cars,1,0,0.0,0,0,1,1,0.0,26.0,15.0,0,0.0
Robey Racing,1,0,0.0,0,0,0,1,0.0,32.0,24.0,0,0.0
Robinson-Blakeney Racing,7,0,0.0,0,0,0,7,0.0,36.86,33.57,0,0.0
Rod Sieg,352,1,0.00284,18,75,319,756,0.00132,23.28,23.75,336,0.44
Rodney Foushee,8,0,0.0,0,0,3,8,0.0,31.25,21.75,0,0.0
Rodney Franklin,5,0,0.0,1,2,2,5,0.0,29.2,25.6,2,0.4
Rodney Rexrode,30,0,0.0,0,3,20,30,0.0,19.27,19.07,8,0.27
Rodney Rexrode/Joiann Galiano,3,0,0.0,0,0,0,3,0.0,25.0,36.67,0,0.0
Rodney Smith,1,0,0.0,0,0,0,1,0.0,16.0,43.0,0,0.0
Roger Penske,505,81,0.1604,318,463,566,664,0.12199,8.1,9.83,14455,21.77
Ron Lamell,13,0,0.0,0,0,4,13,0.0,27.62,24.62,0,0.0
Ron Neal,30,1,0.03333,3,9,19,31,0.03226,19.97,18.68,290,9.35
Ron Parker,387,5,0.01292,52,117,239,389,0.01285,18.84,17.43,1197,3.08
Ron Smith,1,0,0.0,1,1,1,1,0.0,4.0,5.0,1,1.0
"Ron Thiel, Jr.",4,0,0.0,0,0,1,4,0.0,32.75,24.75,0,0.0
Ron Zock,1,0,0.0,0,0,0,1,0.0,35.0,37.0,0,0.0
Ron Zook,16,1,0.0625,2,5,9,16,0.0625,14.0,17.06,56,3.5
"Ronnie Bassett, Jr.",11,0,0.0,0,2,3,11,0.0,19.73,26.36,3,0.27
Ronnie Milam,1,0,0.0,0,0,1,1,0.0,21.0,15.0,0,0.0
Ronnie Silver,162,3,0.01852,29,69,132,162,0.01852,19.16,14.1,234,1.44
Roope Racing,1,0,0.0,0,0,0,1,0.0,27.0,28.0,0,0.0
Rossi,7,0,0.0,0,2,3,7,0.0,18.14,19.14,0,0.0
Roy Hill,14,0,0.0,0,3,7,14,0.0,21.36,23.36,0,0.0
Royal Cleaners,1,0,0.0,0,0,1,1,0.0,33.0,20.0,0,0.0
Rudy Rodriguez,2,0,0.0,0,0,2,2,0.0,21.0,16.5,0,0.0
Rusty Wallace,396,4,0.0101,57,168,360,547,0.00731,16.78,17.51,1763,3.22
Ryder Floors,1,0,0.0,0,0,1,1,0.0,24.0,13.0,0,0.0
Ryder's Floor Store,1,0,0.0,0,1,1,1,0.0,16.0,6.0,0,0.0
S & S Racing,1,0,0.0,0,0,0,1,0.0,34.0,36.0,0,0.0
SSI,1,0,0.0,0,0,0,1,0.0,27.0,26.0,0,0.0
SSI Racing,1,0,0.0,0,0,0,1,0.0,8.0,24.0,0,0.0
Sadler Auto / Bullets,1,0,0.0,0,0,0,1,0.0,7.0,22.0,0,0.0
Sadler Brothers,45,0,0.0,2,3,9,45,0.0,26.02,27.07,53,1.18
Sage Racing,1,0,0.0,0,0,1,1,0.0,22.0,16.0,0,0.0
Salem Coach / Canon Copiers,1,0,0.0,0,0,1,1,0.0,30.0,19.0,0,0.0
Sam Ard,140,3,0.02143,18,36,90,151,0.01987,16.49,17.68,556,3.68
Sam Hunt,129,0,0.0,10,25,86,166,0.0,23.8,21.32,26,0.16
Sam Rensi,82,0,0.0,1,8,39,82,0.0,23.17,22.09,15,0.18
Sammy Ragan,1,0,0.0,0,0,0,1,0.0,35.0,37.0,0,0.0
Sands,3,0,0.0,0,0,2,3,0.0,30.0,19.0,0,0.0
Sandy MacKinnon,4,0,0.0,1,2,3,4,0.0,23.25,15.75,0,0.0
Saylor Racing,1,0,0.0,0,0,0,1,0.0,24.0,29.0,0,0.0
Schannauer Plumbing,1,0,0.0,0,0,0,1,0.0,22.0,24.0,0,0.0
Scott Borchetta,119,1,0.0084,14,36,73,121,0.00826,17.02,18.4,118,0.98
Scott Deware,17,0,0.0,0,0,2,17,0.0,30.88,30.29,1,0.06
Scott Flatt,1,0,0.0,0,0,0,1,0.0,38.0,34.0,0,0.0
Scott Glynn,23,0,0.0,0,0,6,24,0.0,23.54,27.83,5,0.21
Scott Kilby,2,0,0.0,0,0,0,2,0.0,20.0,30.5,0,0.0
Scott LaFavre,4,0,0.0,0,0,0,4,0.0,30.25,31.0,0,0.0
Scott Lagasse,6,0,0.0,0,0,2,6,0.0,24.0,25.0,0,0.0
Scott Welliver,154,3,0.01948,24,53,91,164,0.01829,21.13,18.8,447,2.73
Scott's Towing Service,2,0,0.0,0,0,0,2,0.0,25.5,23.0,0,0.0
Seal-Tech,2,0,0.0,0,0,1,2,0.0,22.0,26.0,0,0.0
Sears / Ashworth,1,0,0.0,0,0,1,1,0.0,26.0,16.0,0,0.0
Sears Racing,1,0,0.0,0,0,0,1,0.0,22.0,22.0,0,0.0
Seivers,1,0,0.0,0,0,0,1,0.0,30.0,32.0,0,0.0
Service Specialties,4,0,0.0,0,2,4,4,0.0,11.75,13.0,0,0.0
Setzer,1,0,0.0,0,0,0,1,0.0,32.0,34.0,0,0.0
Setzer Racing,1,0,0.0,0,0,0,1,0.0,40.0,42.0,0,0.0
Sheila Elliott,2,0,0.0,0,0,1,2,0.0,6.0,32.0,0,0.0
Shelby Concrete,2,0,0.0,0,0,1,2,0.0,19.0,21.5,0,0.0
Shelor,2,0,0.0,0,0,0,2,0.0,23.0,29.5,0,0.0
Shigeaki Hattori,72,0,0.0,1,7,23,72,0.0,27.14,24.06,4,0.06
Shirley Howard,1,0,0.0,0,0,1,1,0.0,15.0,13.0,0,0.0
Sims Brothers,4,0,0.0,0,1,4,4,0.0,27.0,11.75,0,0.0
Slender You Figure Salons,5,0,0.0,0,0,4,5,0.0,30.2,20.6,0,0.0
Smith & Davis Tire / Country Racing Parts,1,0,0.0,0,0,1,1,0.0,15.0,14.0,12,12.0
Smith Logging,1,0,0.0,0,0,0,1,0.0,32.0,23.0,0,0.0
Smith Racing,1,0,0.0,0,0,0,1,0.0,34.0,28.0,0,0.0
Smith-Davis,1,0,0.0,0,0,1,1,0.0,15.0,11.0,0,0.0
Smith-Davis Tire,1,0,0.0,0,0,1,1,0.0,24.0,20.0,0,0.0
Smith-Davis Tires,1,0,0.0,0,1,1,1,0.0,10.0,10.0,0,0.0
Southeastern Transmissions,1,0,0.0,0,0,0,1,0.0,5.0,23.0,0,0.0
Southern Biscuit Flour,1,0,0.0,0,0,0,1,0.0,4.0,30.0,0,0.0
Space City Lab,1,0,0.0,0,0,1,1,0.0,19.0,12.0,0,0.0
Spectrum Furniture,2,0,0.0,0,0,0,2,0.0,29.5,30.5,0,0.0
Spencer Racing,1,0,0.0,1,1,1,1,0.0,16.0,4.0,2,2.0
Spirit of Roanoke,1,0,0.0,0,0,1,1,0.0,31.0,19.0,0,0.0
Sprague Racing,1,0,0.0,0,0,0,1,0.0,17.0,37.0,0,0.0
Sprinkle Racing,1,0,0.0,0,0,1,1,0.0,23.0,13.0,0,0.0
Stallard Racing,1,0,0.0,0,1,1,1,0.0,21.0,9.0,0,0.0
Stan Barrett,5,0,0.0,0,0,1,5,0.0,21.0,33.4,0,0.0
"Stan Silva, Jr.",1,0,0.0,0,0,0,1,0.0,43.0,39.0,0,0.0
Stanley Herzog,87,3,0.03448,16,29,57,87,0.03448,17.74,16.36,340,3.91
Stanley Smith,2,0,0.0,0,0,1,2,0.0,36.0,28.5,0,0.0
Stanton Barrett,85,0,0.0,0,0,13,95,0.0,31.81,33.07,2,0.02
Star Mart,1,0,0.0,0,0,0,1,0.0,19.0,35.0,0,0.0
Star Mart / Mac Tools,1,0,0.0,0,0,0,1,0.0,39.0,31.0,0,0.0
Star Motorsports,1,0,0.0,0,0,0,1,0.0,26.0,27.0,0,0.0
Starrett Corporation,2,0,0.0,0,0,0,2,0.0,33.0,26.0,0,0.0
Start Your Engines,3,0,0.0,0,0,1,3,0.0,20.67,21.33,0,0.0
Stephen Streeter,9,0,0.0,0,0,0,9,0.0,34.44,34.33,0,0.0
Sterling Marlin,13,0,0.0,1,5,6,13,0.0,17.31,21.54,163,12.54
Steve Arndt,117,10,0.08547,42,64,88,117,0.08547,13.19,12.65,2051,17.53
Steve Boley,1,0,0.0,0,0,0,1,0.0,33.0,28.0,0,0.0
Steve Coulter,56,0,0.0,0,8,22,56,0.0,22.55,24.84,0,0.0
Steve DeSouza,31,0,0.0,2,8,14,31,0.0,28.06,22.74,1,0.03
Steve Houraney,1,0,0.0,0,0,0,1,0.0,11.0,34.0,0,0.0
Steve Husketh,2,0,0.0,0,0,2,2,0.0,33.0,11.5,0,0.0
Steve Jarvis,12,0,0.0,0,1,8,12,0.0,27.11,17.75,0,0.0
Steve Meehan,18,0,0.0,1,3,3,18,0.0,25.11,28.72,4,0.22
Steve Park,1,0,0.0,0,0,0,1,0.0,37.0,27.0,0,0.0
Steve Pierce,1,0,0.0,0,0,0,1,0.0,23.0,22.0,0,0.0
Steve Plattenberger,12,0,0.0,1,2,6,12,0.0,21.17,22.0,0,0.0
Steve Turner,141,8,0.05674,66,180,348,444,0.01802,13.34,14.22,1121,2.52
Steve's Radiator Service,1,0,0.0,0,0,0,1,0.0,21.0,31.0,0,0.0
Stewart Haas Racing,251,24,0.09562,109,193,247,310,0.07742,8.65,11.72,4170,13.45
Stock Car Performance,1,0,0.0,0,0,0,1,0.0,22.0,40.0,0,0.0
Stroh's,1,0,0.0,0,0,0,1,0.0,23.0,24.0,0,0.0
Stuart Developers,1,0,0.0,0,0,0,1,0.0,6.0,26.0,0,0.0
Stuart Huffman,1,0,0.0,0,0,0,1,0.0,32.0,24.0,0,0.0
Stub Fadden,12,0,0.0,0,1,3,12,0.0,37.58,24.5,0,0.0
Sullivan Motor,1,0,0.0,0,0,0,1,0.0,34.0,21.0,0,0.0
Superior Piping,1,0,0.0,0,0,0,1,0.0,29.0,26.0,0,0.0
Susan Wise,2,0,0.0,0,0,1,2,0.0,33.0,22.0,7,3.5
Sweeney Garage,2,0,0.0,0,0,0,2,0.0,11.5,31.5,0,0.0
Sweeney Racing,1,0,0.0,0,0,0,1,0.0,16.0,29.0,0,0.0
T.C. Welding / Martin's Oxygen,1,0,0.0,0,0,0,1,0.0,28.0,27.0,0,0.0
TGI Fridays,5,0,0.0,0,0,3,5,0.0,34.4,19.4,0,0.0
TGR Enterprises,1,0,0.0,0,0,0,1,0.0,37.0,32.0,0,0.0
Tad Geschickter,445,2,0.00449,27,98,342,633,0.00316,22.17,20.64,754,1.19
Tarheel Paving,1,0,0.0,0,0,0,1,0.0,38.0,34.0,0,0.0
Taylor Togs,4,0,0.0,0,0,1,4,0.0,32.5,29.0,0,0.0
Taylor Togs / Maxie's Vending,3,0,0.0,0,1,1,3,0.0,25.67,24.33,0,0.0
Ted Conder,72,2,0.02778,16,28,40,76,0.02632,17.78,18.36,398,5.24
Ted Marsh,71,0,0.0,3,14,31,71,0.0,24.79,24.01,68,0.96
Ted Musgrave,2,0,0.0,0,0,2,2,0.0,30.0,14.5,0,0.0
Temp-Glo,1,0,0.0,0,0,0,1,0.0,40.0,36.0,0,0.0
Tempo-Glo,1,0,0.0,0,0,0,1,0.0,39.0,28.0,0,0.0
Terry Allen,3,0,0.0,0,0,0,3,0.0,34.0,40.33,0,0.0
Terry Bradshaw,84,0,0.0,6,23,46,85,0.0,20.82,19.44,259,3.05
Terry Labonte,167,11,0.06587,46,68,100,168,0.06548,21.17,17.77,875,5.21
Terry Shook,3,0,0.0,0,0,2,3,0.0,31.0,23.0,0,0.0
Texas Pete Sauces,1,0,0.0,0,0,1,1,0.0,23.0,18.0,0,0.0
Thalia Auto Parts,1,0,0.0,0,0,1,1,0.0,14.0,19.0,0,0.0
The Pines Golf Resort,1,0,0.0,0,0,1,1,0.0,24.0,18.0,0,0.0
Thom Kapusta,2,0,0.0,0,0,0,2,0.0,35.5,28.5,0,0.0
Thomas Brothers Country Ham,3,0,0.0,0,1,1,3,0.0,27.0,22.67,1,0.33
Thomas Brothers Country Hams,2,0,0.0,0,0,2,2,0.0,14.5,17.5,0,0.0
"Thomas Efland, Jr.",10,0,0.0,0,0,0,10,0.0,34.7,34.3,0,0.0
Thomas Laton,2,0,0.0,0,0,0,2,0.0,19.5,33.0,0,0.0
Thomas Mohrhauser,1,0,0.0,0,0,0,1,0.0,43.0,33.0,0,0.0
Thomas Studer,2,0,0.0,0,0,0,2,0.0,42.0,34.0,0,0.0
Three Star Motorsports,20,0,0.0,1,2,7,21,0.0,29.38,23.76,0,0.0
Thurman Enterprises,3,0,0.0,0,0,1,3,0.0,28.0,29.33,0,0.0
Tic Tac,1,0,0.0,0,0,0,1,0.0,13.0,33.0,0,0.0
Tim Durbin,2,0,0.0,0,0,0,2,0.0,37.0,37.0,0,0.0
Tim Nooner,1,0,0.0,0,0,1,1,0.0,24.0,20.0,0,0.0
Tiny Randall,12,0,0.0,0,3,9,12,0.0,21.0,16.5,0,0.0
Tobar Contruction,1,0,0.0,0,0,0,1,0.0,45.0,45.0,0,0.0
"Toby Tobias, Jr.",2,0,0.0,0,0,0,2,0.0,38.5,36.0,0,0.0
Todd Braun,265,4,0.01509,84,185,313,516,0.00775,16.89,18.08,1368,2.65
Todd Hirschfeld,1,0,0.0,0,0,0,1,0.0,20.0,34.0,0,0.0
Todd Wier,1,0,0.0,0,0,0,1,0.0,43.0,44.0,0,0.0
Todd Wilkerson,7,0,0.0,0,0,1,7,0.0,30.86,28.71,0,0.0
Tom DeLoach,1,0,0.0,0,0,0,1,0.0,31.0,37.0,0,0.0
Tom Eriksen,2,0,0.0,0,0,0,3,0.0,35.33,33.33,0,0.0
Tom Harrington,8,0,0.0,0,1,5,8,0.0,17.63,20.38,0,0.0
Tom Hessert,3,0,0.0,0,0,0,3,0.0,32.67,29.33,0,0.0
Tom Milner,10,0,0.0,0,0,3,12,0.0,22.42,23.58,0,0.0
Tom Pease,2,0,0.0,0,0,0,2,0.0,33.5,36.5,0,0.0
Tom Pistone,1,0,0.0,0,0,0,1,0.0,27.0,27.0,0,0.0
Tom Robinson,1,0,0.0,0,0,0,1,0.0,43.0,36.0,0,0.0
Tom Usry,1,0,0.0,0,0,0,1,0.0,31.0,22.0,0,0.0
Tom's Mini-Mart,5,0,0.0,0,0,4,5,0.0,22.8,17.6,0,0.0
Tommy Allison,6,0,0.0,0,0,0,6,0.0,25.17,32.17,6,1.0
"Tommy Baldwin, Jr.",50,0,0.0,1,7,23,50,0.0,21.92,22.06,10,0.2
Tommy Ellis,14,0,0.0,1,2,5,16,0.0,20.44,25.31,0,0.0
Tommy Hilbert,6,0,0.0,0,2,4,6,0.0,22.33,20.83,0,0.0
Tommy Houston,178,5,0.02809,23,50,95,179,0.02793,20.91,19.63,841,4.7
Tommy Joe Martins,151,0,0.0,2,6,99,264,0.0,25.91,23.72,32,0.12
Tommy Ramirez,1,0,0.0,0,0,0,1,0.0,32.0,43.0,0,0.0
Tommy Sigmon,12,0,0.0,0,1,4,12,0.0,24.42,22.33,0,0.0
Tony Clements,8,0,0.0,0,0,1,8,0.0,29.75,28.75,0,0.0
Tony Hall,116,1,0.00862,1,7,31,117,0.00855,27.7,27.32,256,2.19
Tony Townley,41,0,0.0,0,1,18,41,0.0,21.66,22.59,8,0.2
Tony Vecchio,7,0,0.0,0,0,2,7,0.0,22.29,29.14,0,0.0
Tracy Leslie,8,0,0.0,0,1,3,8,0.0,17.25,27.5,0,0.0
Trayner Trucking,3,0,0.0,0,0,0,3,0.0,30.33,28.67,0,0.0
Tri-County Communication,1,0,0.0,1,1,1,1,0.0,14.0,5.0,0,0.0
Trio's Market,1,0,0.0,0,0,0,1,0.0,34.0,23.0,0,0.0
Troy Beebe,8,0,0.0,0,0,1,8,0.0,32.38,27.88,0,0.0
Troy Williams,5,0,0.0,0,0,1,6,0.0,21.0,33.67,0,0.0
Tullman Walker Racing,3,0,0.0,0,0,0,3,0.0,22.67,26.0,0,0.0
Tyrrell Madden,1,0,0.0,0,0,0,1,0.0,43.0,37.0,0,0.0
Vaccaro's Video,1,0,0.0,0,1,1,1,0.0,30.0,8.0,0,0.0
Valley Lumber Co.,1,0,0.0,0,0,0,1,0.0,23.0,36.0,0,0.0
Valvoline,1,0,0.0,0,0,0,1,0.0,37.0,41.0,0,0.0
Valvoline / Fastrack,1,0,0.0,0,0,1,1,0.0,26.0,18.0,0,0.0
Vanadore Racing,1,0,0.0,0,0,1,1,0.0,37.0,20.0,0,0.0
Vanadore Rentals,3,0,0.0,0,0,3,3,0.0,34.67,16.0,0,0.0
Vern Slagh,1,0,0.0,0,0,0,1,0.0,34.0,30.0,0,0.0
Victor Obaika,68,0,0.0,0,0,3,78,0.0,33.21,30.47,0,0.0
Victory Motorsports,1,0,0.0,0,0,0,1,0.0,24.0,31.0,0,0.0
Vinton Foodette,1,0,0.0,0,0,0,1,0.0,30.0,31.0,0,0.0
Virginia-Carolina Paving,8,0,0.0,0,0,5,8,0.0,21.38,20.0,0,0.0
W & L Motor Lines,2,0,0.0,0,0,0,2,0.0,19.5,27.0,0,0.0
W.O. Applegate,11,0,0.0,0,0,7,11,0.0,23.63,19.09,0,0.0
"W.O. Grubb, Inc.",2,0,0.0,0,0,1,2,0.0,21.5,19.0,0,0.0
Walker Upholstery,1,0,0.0,0,0,0,1,0.0,26.0,25.0,0,0.0
Wall's,1,0,0.0,0,0,0,1,0.0,39.0,40.0,0,0.0
Wallace Sweeney,3,0,0.0,0,0,2,3,0.0,29.0,19.0,0,0.0
Walther's Auto Wrecking,3,0,0.0,0,0,1,3,0.0,29.67,24.0,0,0.0
Warren Racing,1,0,0.0,0,0,0,1,0.0,18.0,24.0,0,0.0
Watts Racing,2,0,0.0,0,0,0,2,0.0,32.0,34.5,0,0.0
Wayne Beahr,5,0,0.0,0,0,0,5,0.0,41.2,35.4,0,0.0
Wayne Day,260,1,0.00385,3,4,35,276,0.00362,30.57,30.89,71,0.26
Wayne Grissom,160,8,0.05,32,60,109,160,0.05,20.2,15.58,968,6.05
Wayne Jesel,35,1,0.02857,4,10,33,70,0.01429,19.31,22.29,47,0.67
Weast Racing,4,0,0.0,0,1,1,4,0.0,27.25,24.5,0,0.0
Weese Racing,1,0,0.0,0,0,0,1,0.0,36.0,36.0,0,0.0
Welding Specialties,1,0,0.0,0,0,0,1,0.0,34.0,42.0,0,0.0
Wellman Racing,1,0,0.0,0,0,0,1,0.0,37.0,34.0,0,0.0
Wendy's,10,0,0.0,0,2,5,10,0.0,11.4,20.8,1,0.1
Wendy's Hamburgers,1,0,0.0,0,1,1,1,0.0,7.0,7.0,0,0.0
West Hartford Tool & Die,1,0,0.0,0,0,0,1,0.0,39.0,29.0,0,0.0
West Virginia Tourism,9,0,0.0,0,1,8,9,0.0,20.33,16.0,0,0.0
Wheelers Grocery,3,0,0.0,0,0,0,3,0.0,29.5,23.33,0,0.0
Wheels Discount Auto,1,0,0.0,0,0,0,1,0.0,23.0,25.0,0,0.0
Who's For Kids,1,0,0.0,0,0,0,1,0.0,34.0,40.0,0,0.0
William Alsup,5,0,0.0,0,0,0,5,0.0,33.6,35.4,0,0.0
William Fain,1,0,0.0,0,0,0,1,0.0,41.0,40.0,0,0.0
William Grubb,72,0,0.0,2,4,23,72,0.0,22.22,25.75,31,0.43
William Herzog,36,0,0.0,0,7,21,36,0.0,17.58,19.61,24,0.67
William Spencer,10,0,0.0,0,0,3,10,0.0,22.1,25.3,0,0.0
Williams Racing,4,0,0.0,0,0,1,4,0.0,28.75,27.5,0,0.0
Williford Prod. Builders,2,0,0.0,0,0,2,2,0.0,28.5,14.0,0,0.0
Wilmington Trust,1,0,0.0,0,0,0,1,0.0,34.0,33.0,0,0.0
Wilson Racing,2,0,0.0,0,0,0,2,0.0,19.0,28.5,0,0.0
Winner's Circle Auto Parts,1,0,0.0,0,0,0,1,0.0,38.0,24.0,0,0.0
Wiseco / Gillogly,1,0,0.0,0,0,0,1,0.0,14.0,24.0,0,0.0
Wolfe & Swickard,1,0,0.0,0,0,1,1,0.0,8.0,18.0,0,0.0
XCI Racing,3,0,0.0,0,1,2,3,0.0,17.0,20.33,1,0.33
Yates Racing,129,1,0.00775,10,25,67,129,0.00775,19.13,20.99,131,1.02
Zerex,3,0,0.0,0,0,1,3,0.0,25.0,22.0,0,0.0
