Season,Race,Site,Track,Track_length,Track_type,Pos,St,#,Driver,Sponsor / Owner,Truck,Laps,Money,Status,Led,Pts
1995,1,Phoenix,Phoenix International Raceway,1.0,paved track,1.0,16.0,3.0,Mike Skinner,GM Goodwrench Service (Richard Childress),Chevrolet,80.0,15750.0,running,30.0,180.0
1995,1,Phoenix,Phoenix International Raceway,1.0,paved track,2.0,3.0,5.0,Terry Labonte,DuPont Refinishes (Rick Hendrick),Chevrolet,80.0,12700.0,running,24.0,170.0
1995,1,Phoenix,Phoenix International Raceway,1.0,paved track,3.0,2.0,52.0,Ken Schrader,AC Delco (Ken Schrader),Chevrolet,80.0,6850.0,running,0.0,165.0
1995,1,Phoenix,Phoenix International Raceway,1.0,paved track,4.0,5.0,30.0,Joe Bessey,Taylor Togs (Grier Lackey),Dodge,80.0,3700.0,running,0.0,160.0
1995,1,Phoenix,Phoenix International Raceway,1.0,paved track,5.0,9.0,7.0,Geoffrey Bodine,Exide Batteries (Geoffrey Bodine),Ford,80.0,3700.0,running,0.0,155.0
1995,1,Phoenix,Phoenix International Raceway,1.0,paved track,6.0,15.0,31.0,Jack Sprague,Performance Race Cars USA (Bruce Griffin),Chevrolet,80.0,2900.0,running,0.0,150.0
1995,1,Phoenix,Phoenix International Raceway,1.0,paved track,7.0,17.0,98.0,Butch Miller,Raybestos Brakes (Jim Herrick),Ford,80.0,2850.0,running,0.0,146.0
1995,1,Phoenix,Phoenix International Raceway,1.0,paved track,8.0,7.0,84.0,Joe Ruttman,Coca-Cola Classic (Mark Simo),Ford,80.0,2800.0,running,0.0,142.0
1995,1,Phoenix,Phoenix International Raceway,1.0,paved track,9.0,1.0,16.0,"Ron Hornaday, Jr.","RCCA Products (Dale Earnhardt, Inc.)",Chevrolet,80.0,2750.0,running,26.0,138.0
1995,1,Phoenix,Phoenix International Raceway,1.0,paved track,10.0,4.0,18.0,"Johnny Benson, Jr.",Hella Lights / Performance Friction (Kurt Roehrig),Chevrolet,80.0,2900.0,running,0.0,134.0
1995,1,Phoenix,Phoenix International Raceway,1.0,paved track,11.0,10.0,24.0,Scott Lagasse,DuPont Refinishes (Rick Hendrick),Chevrolet,80.0,2650.0,running,0.0,130.0
1995,1,Phoenix,Phoenix International Raceway,1.0,paved track,12.0,13.0,75.0,Bill Sedgwick,Spears Manufacturing (Wayne Spears),Chevrolet,80.0,2600.0,running,0.0,127.0
1995,1,Phoenix,Phoenix International Raceway,1.0,paved track,13.0,32.0,89.0,John Nemechek,Redding Race Cars (John Redding),Chevrolet,80.0,2550.0,running,0.0,124.0
1995,1,Phoenix,Phoenix International Raceway,1.0,paved track,14.0,11.0,8.0,Mike Bliss,Ultra Custom Wheels (Jim Smith),Ford,80.0,2500.0,running,0.0,121.0
1995,1,Phoenix,Phoenix International Raceway,1.0,paved track,15.0,20.0,37.0,Bob Strait,Target Expediting (Jim Spicuzza),Ford,80.0,2450.0,running,0.0,118.0
1995,1,Phoenix,Phoenix International Raceway,1.0,paved track,16.0,14.0,1.0,P.J. Jones,Sears DieHard (Scoop Vessels),Chevrolet,80.0,2400.0,running,0.0,115.0
1995,1,Phoenix,Phoenix International Raceway,1.0,paved track,17.0,12.0,38.0,Sammy Swindell,Channellock Tools (Brad Akins / Bob Sutton),Ford,80.0,2300.0,running,0.0,112.0
1995,1,Phoenix,Phoenix International Raceway,1.0,paved track,18.0,21.0,3.0,Tommy Archer,Archer Motorsports (Tommy Archer),Ford,80.0,2200.0,running,0.0,109.0
1995,1,Phoenix,Phoenix International Raceway,1.0,paved track,19.0,22.0,51.0,Kerry Teague,Pro Cal (Jim Rosenblum),Chevrolet,80.0,2100.0,running,0.0,106.0
1995,1,Phoenix,Phoenix International Raceway,1.0,paved track,20.0,18.0,74.0,Gary Collins,Mesa Marin Raceway (Marion Collins),Chevrolet,79.0,2075.0,running,0.0,103.0
1995,1,Phoenix,Phoenix International Raceway,1.0,paved track,21.0,6.0,25.0,Roger Mears,Budweiser (Rick Hendrick),Chevrolet,79.0,1825.0,running,0.0,100.0
1995,1,Phoenix,Phoenix International Raceway,1.0,paved track,22.0,23.0,29.0,Bob Keselowski,Galeana's / Mopar Performance / Winnebago (Ron Keselowski),Dodge,79.0,1800.0,running,0.0,97.0
1995,1,Phoenix,Phoenix International Raceway,1.0,paved track,23.0,27.0,88.0,Jerry Churchill,Churchill Motorsports (Jerry Churchill),Ford,79.0,1625.0,running,0.0,94.0
1995,1,Phoenix,Phoenix International Raceway,1.0,paved track,24.0,8.0,6.0,Rick Carelli,Total Petroleum (Marshall Chesrown),Chevrolet,78.0,1600.0,engine,0.0,91.0
1995,1,Phoenix,Phoenix International Raceway,1.0,paved track,25.0,19.0,21.0,Tobey Butler,Ortho Lawn & Garden Care (Jim Venable),Ford,78.0,1425.0,running,0.0,88.0
1995,1,Phoenix,Phoenix International Raceway,1.0,paved track,26.0,30.0,11.0,Mike Hurlbert,Lawson / Jim's Tires (Mike Hurlbert),Ford,76.0,1400.0,running,0.0,85.0
1995,1,Phoenix,Phoenix International Raceway,1.0,paved track,27.0,25.0,81.0,Jerry Glanville,Glanville Motorsports (Jerry Glanville),Ford,76.0,1225.0,running,0.0,82.0
1995,1,Phoenix,Phoenix International Raceway,1.0,paved track,28.0,26.0,54.0,Steve McEachern,McEachern Racing (Steve McEachern),Chevrolet,74.0,1200.0,running,0.0,79.0
1995,1,Phoenix,Phoenix International Raceway,1.0,paved track,29.0,28.0,20.0,Walker Evans,Barbary Coast (Walker Evans),Dodge,51.0,1200.0,valve,0.0,76.0
1995,1,Phoenix,Phoenix International Raceway,1.0,paved track,30.0,24.0,10.0,Troy Beebe,Taco Bell (Alex Decuir),Chevrolet,31.0,1200.0,suspension,0.0,73.0
1995,1,Phoenix,Phoenix International Raceway,1.0,paved track,31.0,31.0,6.0,Butch Gilliland,Ultra Custom Wheels (Jim Smith),Ford,30.0,1200.0,engine,0.0,70.0
1995,1,Phoenix,Phoenix International Raceway,1.0,paved track,32.0,29.0,23.0,T.J. Clark,ASE / American Racing Wheels (T.J. Clark),Ford,22.0,1200.0,crash,0.0,67.0
1995,1,Phoenix,Phoenix International Raceway,1.0,paved track,33.0,33.0,8.0,John Borneman,MJ Soffe (John Borneman),Chevrolet,22.0,1200.0,crash,0.0,64.0
1995,2,Tucson,Tucson Raceway Park,0.375,paved track,1.0,6.0,16.0,"Ron Hornaday, Jr.","Action Die-Cast (Dale Earnhardt, Inc.)",Chevrolet,203.0,28750.0,running,102.0,180.0
1995,2,Tucson,Tucson Raceway Park,0.375,paved track,2.0,7.0,1.0,P.J. Jones,Sears DieHard (Scoop Vessels),Chevrolet,203.0,15100.0,running,0.0,170.0
1995,2,Tucson,Tucson Raceway Park,0.375,paved track,3.0,13.0,6.0,Rick Carelli,Total Petroleum (Marshall Chesrown),Chevrolet,203.0,9500.0,running,0.0,165.0
1995,2,Tucson,Tucson Raceway Park,0.375,paved track,4.0,2.0,84.0,Joe Ruttman,Coca-Cola Classic (Mark Simo),Ford,203.0,4000.0,running,53.0,160.0
1995,2,Tucson,Tucson Raceway Park,0.375,paved track,5.0,3.0,31.0,Jack Sprague,St. John's Catholic Church/Motorsports Design (Bruce Griffin),Chevrolet,203.0,4650.0,running,0.0,155.0
1995,2,Tucson,Tucson Raceway Park,0.375,paved track,6.0,5.0,24.0,Scott Lagasse,DuPont Automotive Finishes (Rick Hendrick),Chevrolet,203.0,3700.0,running,0.0,150.0
1995,2,Tucson,Tucson Raceway Park,0.375,paved track,7.0,10.0,38.0,Sammy Swindell,Channellock Tools (Brad Akins / Bob Sutton),Ford,203.0,3750.0,running,0.0,146.0
1995,2,Tucson,Tucson Raceway Park,0.375,paved track,8.0,8.0,75.0,Bill Sedgwick,Spears Manufacturing (Wayne Spears),Chevrolet,203.0,4600.0,running,23.0,142.0
1995,2,Tucson,Tucson Raceway Park,0.375,paved track,9.0,17.0,98.0,Butch Miller,Raybestos Brakes / Red Carpet Lease (Jim Herrick),Ford,203.0,3650.0,running,1.0,138.0
1995,2,Tucson,Tucson Raceway Park,0.375,paved track,10.0,12.0,7.0,Dave Rezendes,Exide Batteries (Geoffrey Bodine),Ford,202.0,3150.0,running,0.0,134.0
1995,2,Tucson,Tucson Raceway Park,0.375,paved track,11.0,21.0,30.0,Mark Gibson,Mopar Performance (Grier Lackey),Dodge,202.0,2950.0,running,0.0,130.0
1995,2,Tucson,Tucson Raceway Park,0.375,paved track,12.0,26.0,88.0,Jerry Churchill,Churchill Transportation (Jerry Churchill),Ford,201.0,3400.0,running,0.0,127.0
1995,2,Tucson,Tucson Raceway Park,0.375,paved track,13.0,22.0,51.0,Kerry Teague,Pro Cal (Jim Rosenblum),Chevrolet,201.0,3350.0,running,0.0,124.0
1995,2,Tucson,Tucson Raceway Park,0.375,paved track,14.0,25.0,81.0,Jerry Glanville,Race Fans Unlimited (Jerry Glanville),Ford,200.0,3300.0,running,0.0,121.0
1995,2,Tucson,Tucson Raceway Park,0.375,paved track,15.0,24.0,54.0,Steve McEachern,McEachern Racing (Steve McEachern),Chevrolet,200.0,3425.0,running,0.0,118.0
1995,2,Tucson,Tucson Raceway Park,0.375,paved track,16.0,30.0,11.0,Mike Hurlbert,RPM Racing (Mike Hurlbert),Ford,194.0,3200.0,running,0.0,115.0
1995,2,Tucson,Tucson Raceway Park,0.375,paved track,17.0,19.0,21.0,Tobey Butler,Ortho Lawn & Garden Care (Jim Venable),Ford,192.0,3100.0,running,0.0,112.0
1995,2,Tucson,Tucson Raceway Park,0.375,paved track,18.0,18.0,20.0,Walker Evans,Walker Evans Racing (Walker Evans),Dodge,175.0,2500.0,engine,0.0,109.0
1995,2,Tucson,Tucson Raceway Park,0.375,paved track,19.0,9.0,8.0,Mike Bliss,Ultra Custom Wheels (Jim Smith),Ford,174.0,2900.0,rear end,0.0,106.0
1995,2,Tucson,Tucson Raceway Park,0.375,paved track,20.0,27.0,82.0,Lou Gigliotti,Young Chevrolet (Lou Gigliotti),Chevrolet,162.0,2300.0,crash,0.0,103.0
1995,2,Tucson,Tucson Raceway Park,0.375,paved track,21.0,14.0,74.0,Gary Collins,Mesa Marin Raceway (Marion Collins),Chevrolet,158.0,2575.0,engine,0.0,100.0
1995,2,Tucson,Tucson Raceway Park,0.375,paved track,22.0,4.0,83.0,Steve Portenga,The Coffee Critic (Linda Mountanos),Chevrolet,139.0,1950.0,engine,0.0,97.0
1995,2,Tucson,Tucson Raceway Park,0.375,paved track,23.0,23.0,23.0,T.J. Clark,ASE / MTX (T.J. Clark),Ford,135.0,1900.0,engine,0.0,94.0
1995,2,Tucson,Tucson Raceway Park,0.375,paved track,24.0,16.0,37.0,Bob Strait,Target Expediting (Jim Spicuzza),Ford,106.0,2350.0,crash,0.0,91.0
1995,2,Tucson,Tucson Raceway Park,0.375,paved track,25.0,20.0,89.0,Troy Beebe,Trucking America / Taco Bell (John Redding),Chevrolet,73.0,1750.0,crash,0.0,88.0
1995,2,Tucson,Tucson Raceway Park,0.375,paved track,26.0,15.0,6.0,Butch Gilliland,Ultra Custom Wheels (Jim Smith),Ford,48.0,2150.0,overheating,0.0,85.0
1995,2,Tucson,Tucson Raceway Park,0.375,paved track,27.0,1.0,3.0,Mike Skinner,GM Goodwrench Service (Richard Childress),Chevrolet,40.0,2050.0,engine,24.0,82.0
1995,2,Tucson,Tucson Raceway Park,0.375,paved track,28.0,29.0,29.0,Bob Keselowski,Winnebago / Mopar (Ron Keselowski),Dodge,30.0,1925.0,engine,0.0,79.0
1995,2,Tucson,Tucson Raceway Park,0.375,paved track,29.0,11.0,58.0,Wayne Jacks,DuPont Refinishes (Wayne Jacks),Chevrolet,29.0,1425.0,overheating,0.0,76.0
1995,2,Tucson,Tucson Raceway Park,0.375,paved track,30.0,28.0,10.0,Stan Fox,Made For You (Alex Decuir),Chevrolet,19.0,1425.0,engine,0.0,73.0
1995,3,Saugus,Saugus Speedway,0.333,paved track,1.0,3.0,52.0,Ken Schrader,AC Delco (Ken Schrader),Chevrolet,200.0,29050.0,running,54.0,180.0
1995,3,Saugus,Saugus Speedway,0.333,paved track,2.0,2.0,7.0,Geoffrey Bodine,Exide Batteries (Geoffrey Bodine),Ford,200.0,14850.0,running,0.0,170.0
1995,3,Saugus,Saugus Speedway,0.333,paved track,3.0,11.0,75.0,Bill Sedgwick,Spears Manufacturing (Wayne Spears),Chevrolet,200.0,9250.0,running,0.0,165.0
1995,3,Saugus,Saugus Speedway,0.333,paved track,4.0,5.0,98.0,Butch Miller,Raybestos Brakes / Red Carpet Lease (Jim Herrick),Ford,200.0,4550.0,running,31.0,160.0
1995,3,Saugus,Saugus Speedway,0.333,paved track,5.0,1.0,3.0,Mike Skinner,GM Goodwrench Service (Richard Childress),Chevrolet,200.0,5150.0,running,115.0,155.0
1995,3,Saugus,Saugus Speedway,0.333,paved track,6.0,10.0,16.0,"Ron Hornaday, Jr.","Action Racing Collectibles (Dale Earnhardt, Inc.)",Chevrolet,200.0,3850.0,running,0.0,150.0
1995,3,Saugus,Saugus Speedway,0.333,paved track,7.0,12.0,6.0,Butch Gilliland,Ultra Custom Wheels (Jim Smith),Ford,200.0,3850.0,running,0.0,146.0
1995,3,Saugus,Saugus Speedway,0.333,paved track,8.0,8.0,21.0,Tobey Butler,Ortho Lawn & Garden Care (Jim Venable),Ford,200.0,3600.0,running,0.0,142.0
1995,3,Saugus,Saugus Speedway,0.333,paved track,9.0,9.0,6.0,Rick Carelli,Total Petroleum (Marshall Chesrown),Chevrolet,200.0,3670.0,running,0.0,138.0
1995,3,Saugus,Saugus Speedway,0.333,paved track,10.0,16.0,37.0,Bob Strait,Target Expediting (Jim Spicuzza),Ford,199.0,3500.0,running,0.0,134.0
1995,3,Saugus,Saugus Speedway,0.333,paved track,11.0,6.0,29.0,Bob Keselowski,Winnebago / Mopar (Ron Keselowski),Dodge,199.0,3450.0,running,0.0,130.0
1995,3,Saugus,Saugus Speedway,0.333,paved track,12.0,13.0,89.0,Troy Beebe,Taco Bell / Truckin' America (John Redding),Chevrolet,199.0,3400.0,running,0.0,127.0
1995,3,Saugus,Saugus Speedway,0.333,paved track,13.0,7.0,84.0,Joe Ruttman,Coca-Cola Classic (Mark Simo),Ford,198.0,3350.0,running,0.0,124.0
1995,3,Saugus,Saugus Speedway,0.333,paved track,14.0,15.0,31.0,Jack Sprague,St. John's Catholic Church / Hooters (Bruce Griffin),Chevrolet,198.0,3300.0,running,0.0,121.0
1995,3,Saugus,Saugus Speedway,0.333,paved track,15.0,24.0,88.0,Jerry Churchill,Churchill Transportation (Jerry Churchill),Ford,194.0,3475.0,running,0.0,118.0
1995,3,Saugus,Saugus Speedway,0.333,paved track,16.0,4.0,1.0,P.J. Jones,Sears DieHard (Scoop Vessels),Chevrolet,191.0,3200.0,running,0.0,115.0
1995,3,Saugus,Saugus Speedway,0.333,paved track,17.0,17.0,24.0,Scott Lagasse,DuPont Automotive Finishes (Rick Hendrick),Chevrolet,189.0,3150.0,running,0.0,112.0
1995,3,Saugus,Saugus Speedway,0.333,paved track,18.0,20.0,57.0,Bob Walker,Coca-Cola / McDonald's (Raul Flores),Chevrolet,184.0,2625.0,running,0.0,109.0
1995,3,Saugus,Saugus Speedway,0.333,paved track,19.0,21.0,81.0,Jerry Glanville,Race Fans Unlimited (Jerry Glanville),Ford,180.0,3100.0,running,0.0,106.0
1995,3,Saugus,Saugus Speedway,0.333,paved track,20.0,22.0,51.0,Kerry Teague,A-1 TV Service (Jim Rosenblum),Chevrolet,174.0,3150.0,running,0.0,103.0
1995,3,Saugus,Saugus Speedway,0.333,paved track,21.0,18.0,20.0,Walker Evans,Walker Evans Racing (Walker Evans),Dodge,172.0,3050.0,running,0.0,100.0
1995,3,Saugus,Saugus Speedway,0.333,paved track,22.0,19.0,30.0,Mark Gibson,Mopar Performance (Grier Lackey),Dodge,137.0,2525.0,crash,0.0,97.0
1995,3,Saugus,Saugus Speedway,0.333,paved track,23.0,14.0,14.0,John Kinder,Stroppe Motorsports (Bill Stroppe),Ford,117.0,2525.0,fatigue,0.0,94.0
1995,3,Saugus,Saugus Speedway,0.333,paved track,24.0,23.0,38.0,Sammy Swindell,Channellock Tools (Brad Akins / Bob Sutton),Ford,117.0,3025.0,running,0.0,91.0
1995,4,Mesa Marin,Mesa Marin Raceway,0.5,paved track,1.0,6.0,16.0,"Ron Hornaday, Jr.","Action Racing Collectibles (Dale Earnhardt, Inc.)",Chevrolet,125.0,28650.0,running,106.0,180.0
1995,4,Mesa Marin,Mesa Marin Raceway,0.5,paved track,2.0,3.0,75.0,Bill Sedgwick,Spears Manufacturing (Wayne Spears),Chevrolet,125.0,13150.0,running,8.0,170.0
1995,4,Mesa Marin,Mesa Marin Raceway,0.5,paved track,3.0,17.0,8.0,Mike Bliss,Ultra Custom Wheels (Jim Smith),Ford,125.0,8950.0,running,0.0,165.0
1995,4,Mesa Marin,Mesa Marin Raceway,0.5,paved track,4.0,1.0,3.0,Mike Skinner,GM Goodwrench Service (Richard Childress),Chevrolet,125.0,3850.0,running,8.0,160.0
1995,4,Mesa Marin,Mesa Marin Raceway,0.5,paved track,5.0,23.0,98.0,Butch Miller,Raybestos (Jim Herrick),Ford,125.0,3900.0,running,0.0,155.0
1995,4,Mesa Marin,Mesa Marin Raceway,0.5,paved track,6.0,5.0,31.0,Jack Sprague,Dura Lube (Bruce Griffin),Chevrolet,125.0,3700.0,running,0.0,150.0
1995,4,Mesa Marin,Mesa Marin Raceway,0.5,paved track,7.0,9.0,29.0,Bob Keselowski,Winnebago (Ron Keselowski),Dodge,125.0,3675.0,running,0.0,146.0
1995,4,Mesa Marin,Mesa Marin Raceway,0.5,paved track,8.0,10.0,84.0,Joe Ruttman,Coca-Cola Classic (Mark Simo),Ford,125.0,3550.0,running,0.0,142.0
1995,4,Mesa Marin,Mesa Marin Raceway,0.5,paved track,9.0,25.0,24.0,Scott Lagasse,DuPont Automotive Finishes (Rick Hendrick),Chevrolet,125.0,3625.0,running,0.0,138.0
1995,4,Mesa Marin,Mesa Marin Raceway,0.5,paved track,10.0,7.0,38.0,Sammy Swindell,Channellock Tools (Brad Akins / Bob Sutton),Ford,124.0,3750.0,running,0.0,134.0
1995,4,Mesa Marin,Mesa Marin Raceway,0.5,paved track,11.0,21.0,37.0,Bob Strait,Target Expediting (Jim Spicuzza),Ford,124.0,3450.0,running,0.0,130.0
1995,4,Mesa Marin,Mesa Marin Raceway,0.5,paved track,12.0,11.0,6.0,Rick Carelli,Total Petroleum (Marshall Chesrown),Chevrolet,124.0,3400.0,running,0.0,127.0
1995,4,Mesa Marin,Mesa Marin Raceway,0.5,paved track,13.0,13.0,21.0,Tobey Butler,Ortho Lawn & Garden Care (Jim Venable),Ford,124.0,3350.0,running,0.0,124.0
1995,4,Mesa Marin,Mesa Marin Raceway,0.5,paved track,14.0,2.0,1.0,P.J. Jones,Sears DieHard (Scoop Vessels),Chevrolet,124.0,3300.0,running,3.0,121.0
1995,4,Mesa Marin,Mesa Marin Raceway,0.5,paved track,15.0,26.0,14.0,John Kinder,Stroppe Motorsports (Bill Stroppe),Ford,124.0,2925.0,running,0.0,118.0
1995,4,Mesa Marin,Mesa Marin Raceway,0.5,paved track,16.0,8.0,25.0,Roger Mears,Budweiser (Rick Hendrick),Chevrolet,123.0,2700.0,running,0.0,115.0
1995,4,Mesa Marin,Mesa Marin Raceway,0.5,paved track,17.0,30.0,51.0,Kerry Teague,Rosenblum Motorsports (Jim Rosenblum),Chevrolet,123.0,3100.0,running,0.0,112.0
1995,4,Mesa Marin,Mesa Marin Raceway,0.5,paved track,18.0,20.0,10.0,Stan Fox,Made For You (Alex Decuir),Chevrolet,123.0,2500.0,running,0.0,109.0
1995,4,Mesa Marin,Mesa Marin Raceway,0.5,paved track,19.0,4.0,7.0,Dave Rezendes,Exide Batteries (Geoffrey Bodine),Ford,123.0,2400.0,running,0.0,106.0
1995,4,Mesa Marin,Mesa Marin Raceway,0.5,paved track,20.0,16.0,74.0,Gary Collins,Mesa Marin Raceway (Marion Collins),Chevrolet,122.0,2875.0,running,0.0,103.0
1995,4,Mesa Marin,Mesa Marin Raceway,0.5,paved track,21.0,12.0,83.0,Steve Portenga,Coffee Critic / Mission Uniform & Linen (Linda Mountanos),Chevrolet,122.0,2000.0,running,0.0,100.0
1995,4,Mesa Marin,Mesa Marin Raceway,0.5,paved track,22.0,19.0,58.0,Wayne Jacks,Wayne Jacks Racing (Wayne Jacks),Chevrolet,121.0,1900.0,running,0.0,97.0
1995,4,Mesa Marin,Mesa Marin Raceway,0.5,paved track,23.0,29.0,88.0,Jerry Churchill,Churchill Transport (Jerry Churchill),Ford,121.0,2300.0,running,0.0,94.0
1995,4,Mesa Marin,Mesa Marin Raceway,0.5,paved track,24.0,27.0,57.0,Bob Walker,McDonald's / Coca-Cola (Raul Flores),Chevrolet,121.0,1700.0,running,0.0,91.0
1995,4,Mesa Marin,Mesa Marin Raceway,0.5,paved track,25.0,15.0,89.0,Troy Beebe,Trucking America (John Redding),Chevrolet,119.0,2200.0,running,0.0,88.0
1995,4,Mesa Marin,Mesa Marin Raceway,0.5,paved track,26.0,22.0,87.0,John Nemechek,Burger King (Joe Nemechek),Chevrolet,119.0,1475.0,running,0.0,85.0
1995,4,Mesa Marin,Mesa Marin Raceway,0.5,paved track,27.0,28.0,20.0,Walker Evans,Walker Evans Racing (Walker Evans),Dodge,114.0,1900.0,running,0.0,82.0
1995,4,Mesa Marin,Mesa Marin Raceway,0.5,paved track,28.0,14.0,99.0,Pancho Carter,Enerjetix (Richard Balestrieri),Chevrolet,111.0,1325.0,running,0.0,79.0
1995,4,Mesa Marin,Mesa Marin Raceway,0.5,paved track,29.0,18.0,6.0,Butch Gilliland,Ultra Custom Wheels (Jim Smith),Ford,111.0,1825.0,running,0.0,76.0
1995,4,Mesa Marin,Mesa Marin Raceway,0.5,paved track,30.0,24.0,2.0,Dave Ashley,Ultra Custom Wheels (Jim Smith),Ford,77.0,1325.0,engine,0.0,73.0
1995,5,Portland,Portland Speedway,0.5,paved track,1.0,1.0,3.0,Mike Skinner,GM Goodwrench Service (Richard Childress),Chevrolet,200.0,25200.0,running,200.0,180.0
1995,5,Portland,Portland Speedway,0.5,paved track,2.0,2.0,84.0,Joe Ruttman,Coca-Cola Classic (Mark Simo),Ford,200.0,16550.0,running,0.0,170.0
1995,5,Portland,Portland Speedway,0.5,paved track,3.0,10.0,98.0,Butch Miller,Raybestos Brakes / Red Carpet Lease (Jim Herrick),Ford,200.0,8500.0,running,0.0,165.0
1995,5,Portland,Portland Speedway,0.5,paved track,4.0,5.0,21.0,Tobey Butler,Ortho Lawn & Garden Care (Jim Venable),Ford,200.0,8650.0,running,0.0,160.0
1995,5,Portland,Portland Speedway,0.5,paved track,5.0,16.0,8.0,Mike Bliss,Ultra Custom Wheels (Jim Smith),Ford,200.0,7100.0,running,0.0,155.0
1995,5,Portland,Portland Speedway,0.5,paved track,6.0,14.0,7.0,Geoffrey Bodine,Exide Batteries (Geoffrey Bodine),Ford,200.0,3700.0,running,0.0,150.0
1995,5,Portland,Portland Speedway,0.5,paved track,7.0,6.0,75.0,Bill Sedgwick,Spears Manufacturing (Wayne Spears),Chevrolet,200.0,3950.0,running,0.0,146.0
1995,5,Portland,Portland Speedway,0.5,paved track,8.0,19.0,6.0,Rick Carelli,Total Petroleum (Marshall Chesrown),Chevrolet,200.0,3800.0,running,0.0,142.0
1995,5,Portland,Portland Speedway,0.5,paved track,9.0,3.0,16.0,"Ron Hornaday, Jr.","Papa John's Pizza (Dale Earnhardt, Inc.)",Chevrolet,200.0,3650.0,running,0.0,138.0
1995,5,Portland,Portland Speedway,0.5,paved track,10.0,4.0,31.0,Jack Sprague,Performance Race Cars (Bruce Griffin),Chevrolet,200.0,3850.0,running,0.0,134.0
1995,5,Portland,Portland Speedway,0.5,paved track,11.0,9.0,29.0,Bob Keselowski,Winnebago / Mopar Performance (Ron Keselowski),Dodge,199.0,3700.0,running,0.0,130.0
1995,5,Portland,Portland Speedway,0.5,paved track,12.0,15.0,37.0,Bob Strait,Target Expediting (Jim Spicuzza),Ford,199.0,3400.0,running,0.0,127.0
1995,5,Portland,Portland Speedway,0.5,paved track,13.0,13.0,38.0,Sammy Swindell,Channellock Tools (Brad Akins / Bob Sutton),Ford,199.0,3350.0,running,0.0,124.0
1995,5,Portland,Portland Speedway,0.5,paved track,14.0,22.0,87.0,John Nemechek,Burger King (Joe Nemechek),Chevrolet,199.0,3000.0,running,0.0,121.0
1995,5,Portland,Portland Speedway,0.5,paved track,15.0,11.0,10.0,Dennis Wooldridge,Made For You / Decuir (Alex Decuir),Chevrolet,198.0,2925.0,running,0.0,118.0
1995,5,Portland,Portland Speedway,0.5,paved track,16.0,20.0,99.0,Pancho Carter,Enerjetix Motorsports (Richard Balestrieri),Chevrolet,197.0,3050.0,running,0.0,115.0
1995,5,Portland,Portland Speedway,0.5,paved track,17.0,7.0,1.0,P.J. Jones,Sears DieHard (Scoop Vessels),Chevrolet,196.0,3100.0,running,0.0,112.0
1995,5,Portland,Portland Speedway,0.5,paved track,18.0,26.0,81.0,Jerry Glanville,Glanville Motorsports (Jerry Glanville),Ford,193.0,3000.0,running,0.0,109.0
1995,5,Portland,Portland Speedway,0.5,paved track,19.0,12.0,83.0,Steve Portenga,The Coffee Critic (Linda Mountanos),Chevrolet,181.0,2400.0,running,0.0,106.0
1995,5,Portland,Portland Speedway,0.5,paved track,20.0,8.0,58.0,Wayne Jacks,The Edge KEDG 105.5 (Wayne Jacks),Chevrolet,176.0,2375.0,crash,0.0,103.0
1995,5,Portland,Portland Speedway,0.5,paved track,21.0,17.0,24.0,Scott Lagasse,DuPont Automotive Finishes (Rick Hendrick),Chevrolet,175.0,2575.0,running,0.0,100.0
1995,5,Portland,Portland Speedway,0.5,paved track,22.0,18.0,14.0,John Kinder,Stroppe Motorsports (Bill Stroppe),Ford,166.0,1950.0,exhaust,0.0,97.0
1995,5,Portland,Portland Speedway,0.5,paved track,23.0,21.0,20.0,Walker Evans,Walker Evans Racing (Walker Evans),Dodge,164.0,2400.0,running,0.0,94.0
1995,5,Portland,Portland Speedway,0.5,paved track,24.0,24.0,88.0,Jerry Churchill,Churchill Transport (Jerry Churchill),Ford,106.0,2350.0,crash,0.0,91.0
1995,5,Portland,Portland Speedway,0.5,paved track,25.0,23.0,51.0,Kerry Teague,Ventvisor (Jim Rosenblum),Chevrolet,72.0,2250.0,crash,0.0,88.0
1995,5,Portland,Portland Speedway,0.5,paved track,26.0,25.0,11.0,Mike Hurlbert,Bud Light (Mike Hurlbert),Ford,56.0,2300.0,oil leak,0.0,85.0
1995,6,Evergreen,Evergreen Speedway,0.646,paved track,1.0,2.0,16.0,"Ron Hornaday, Jr.","Papa John's Pizza (Dale Earnhardt, Inc.)",Chevrolet,150.0,28100.0,running,143.0,180.0
1995,6,Evergreen,Evergreen Speedway,0.646,paved track,2.0,4.0,84.0,Joe Ruttman,Coca-Cola Classic (Mark Simo),Ford,150.0,14950.0,running,7.0,170.0
1995,6,Evergreen,Evergreen Speedway,0.646,paved track,3.0,11.0,98.0,Butch Miller,Raybestos Brakes / Red Carpet Lease (Jim Herrick),Ford,150.0,10950.0,running,0.0,165.0
1995,6,Evergreen,Evergreen Speedway,0.646,paved track,4.0,6.0,3.0,Mike Skinner,GM Goodwrench Service (Richard Childress),Chevrolet,150.0,7250.0,running,0.0,160.0
1995,6,Evergreen,Evergreen Speedway,0.646,paved track,5.0,14.0,8.0,Mike Bliss,Ultra Custom Wheels (Jim Smith),Ford,150.0,5100.0,running,0.0,155.0
1995,6,Evergreen,Evergreen Speedway,0.646,paved track,6.0,8.0,1.0,P.J. Jones,Sears DieHard (Scoop Vessels),Chevrolet,150.0,4850.0,running,0.0,150.0
1995,6,Evergreen,Evergreen Speedway,0.646,paved track,7.0,9.0,7.0,Dave Rezendes,Exide Batteries (Geoffrey Bodine),Ford,149.0,3650.0,running,0.0,146.0
1995,6,Evergreen,Evergreen Speedway,0.646,paved track,8.0,3.0,6.0,Rick Carelli,Total Petroleum (Marshall Chesrown),Chevrolet,149.0,3700.0,running,0.0,142.0
1995,6,Evergreen,Evergreen Speedway,0.646,paved track,9.0,10.0,52.0,Ron Esau,AC Delco (Ken Schrader),Chevrolet,149.0,3050.0,running,0.0,138.0
1995,6,Evergreen,Evergreen Speedway,0.646,paved track,10.0,19.0,74.0,Gary Collins,Mesa Marin Raceway (Marion Collins),Chevrolet,149.0,3250.0,running,0.0,134.0
1995,6,Evergreen,Evergreen Speedway,0.646,paved track,11.0,20.0,37.0,Bob Strait,Target Expediting (Jim Spicuzza),Ford,148.0,3450.0,running,0.0,130.0
1995,6,Evergreen,Evergreen Speedway,0.646,paved track,12.0,1.0,83.0,Steve Portenga,Coffee Critic (Linda Mountanos),Chevrolet,148.0,3150.0,running,0.0,127.0
1995,6,Evergreen,Evergreen Speedway,0.646,paved track,13.0,18.0,14.0,John Kinder,Stroppe Motorsports (Bill Stroppe),Ford,148.0,2850.0,running,0.0,124.0
1995,6,Evergreen,Evergreen Speedway,0.646,paved track,14.0,13.0,24.0,Scott Lagasse,DuPont Automotive Finishes (Rick Hendrick),Chevrolet,148.0,3300.0,running,0.0,121.0
1995,6,Evergreen,Evergreen Speedway,0.646,paved track,15.0,5.0,75.0,Bill Sedgwick,Spears Manufacturing (Wayne Spears),Chevrolet,148.0,3425.0,running,0.0,118.0
1995,6,Evergreen,Evergreen Speedway,0.646,paved track,16.0,15.0,89.0,Troy Beebe,NASCAR SuperTruck Magazine / Truckin America (John Redding),Chevrolet,148.0,3200.0,running,0.0,115.0
1995,6,Evergreen,Evergreen Speedway,0.646,paved track,17.0,24.0,38.0,Sammy Swindell,Channellock Tools (Brad Akins / Bob Sutton),Ford,147.0,3100.0,running,0.0,112.0
1995,6,Evergreen,Evergreen Speedway,0.646,paved track,18.0,12.0,21.0,Tobey Butler,Ortho Lawn & Garden Care (Jim Venable),Ford,147.0,3000.0,running,0.0,109.0
1995,6,Evergreen,Evergreen Speedway,0.646,paved track,19.0,22.0,51.0,Kerry Teague,Rosenblum Motorsports (Jim Rosenblum),Chevrolet,147.0,2900.0,running,0.0,106.0
1995,6,Evergreen,Evergreen Speedway,0.646,paved track,20.0,21.0,29.0,Bob Keselowski,Winnebago (Ron Keselowski),Dodge,147.0,3000.0,running,0.0,103.0
1995,6,Evergreen,Evergreen Speedway,0.646,paved track,21.0,26.0,99.0,Gary Herrin,Hathaway Meats (Richard Balestrieri),Chevrolet,146.0,2075.0,running,0.0,100.0
1995,6,Evergreen,Evergreen Speedway,0.646,paved track,22.0,25.0,81.0,Jerry Glanville,Glanville Motorsports (Jerry Glanville),Ford,145.0,2150.0,running,0.0,97.0
1995,6,Evergreen,Evergreen Speedway,0.646,paved track,23.0,7.0,31.0,Jack Sprague,Performance Race Cars (Bruce Griffin),Chevrolet,145.0,2400.0,running,0.0,94.0
1995,6,Evergreen,Evergreen Speedway,0.646,paved track,24.0,23.0,10.0,Dennis Wooldridge,Made For You / Circular (Alex Decuir),Chevrolet,143.0,1850.0,running,0.0,91.0
1995,6,Evergreen,Evergreen Speedway,0.646,paved track,25.0,27.0,11.0,Mike Hurlbert,Bud Light (Mike Hurlbert),Ford,143.0,1950.0,running,0.0,88.0
1995,6,Evergreen,Evergreen Speedway,0.646,paved track,26.0,28.0,88.0,Jerry Churchill,Churchill Motorsports (Jerry Churchill),Ford,76.0,2150.0,engine,0.0,85.0
1995,6,Evergreen,Evergreen Speedway,0.646,paved track,27.0,16.0,87.0,John Nemechek,Burger King (Joe Nemechek),Chevrolet,59.0,1550.0,engine,0.0,82.0
1995,6,Evergreen,Evergreen Speedway,0.646,paved track,28.0,17.0,20.0,Walker Evans,Barbary Coast (Walker Evans),Dodge,17.0,1925.0,engine,0.0,79.0
1995,6,Evergreen,Evergreen Speedway,0.646,paved track,29.0,29.0,23.0,T.J. Clark,ASE Certified / American Racing Wheels (T.J. Clark),Ford,0.0,1425.0,engine,0.0,76.0
1995,7,I-70,I-70 Speedway,0.5,paved track,1.0,3.0,3.0,Mike Skinner,GM Goodwrench Service (Richard Childress),Chevrolet,200.0,21200.0,running,133.0,180.0
1995,7,I-70,I-70 Speedway,0.5,paved track,2.0,22.0,7.0,Dave Rezendes,Exide Batteries (Geoffrey Bodine),Ford,200.0,13950.0,running,0.0,170.0
1995,7,I-70,I-70 Speedway,0.5,paved track,3.0,2.0,98.0,Butch Miller,Raybestos Brakes / Red Carpet Lease (Jim Herrick),Ford,200.0,8500.0,running,0.0,165.0
1995,7,I-70,I-70 Speedway,0.5,paved track,4.0,4.0,84.0,Joe Ruttman,Irvan-Simo Racing (Mark Simo),Ford,200.0,6650.0,running,35.0,160.0
1995,7,I-70,I-70 Speedway,0.5,paved track,5.0,20.0,83.0,Steve Portenga,Coffee Critic (Linda Mountanos),Chevrolet,200.0,6070.0,running,0.0,155.0
1995,7,I-70,I-70 Speedway,0.5,paved track,6.0,6.0,6.0,Rick Carelli,Total Petroleum (Marshall Chesrown),Chevrolet,200.0,4950.0,running,10.0,150.0
1995,7,I-70,I-70 Speedway,0.5,paved track,7.0,7.0,31.0,Jack Sprague,Motorsports Design (Bruce Griffin),Chevrolet,200.0,3675.0,running,0.0,146.0
1995,7,I-70,I-70 Speedway,0.5,paved track,8.0,5.0,75.0,Bill Sedgwick,Spears Manufacturing (Wayne Spears),Chevrolet,200.0,3550.0,running,0.0,142.0
1995,7,I-70,I-70 Speedway,0.5,paved track,9.0,11.0,37.0,Bob Strait,Target Expediting (Jim Spicuzza),Ford,199.0,3450.0,running,0.0,138.0
1995,7,I-70,I-70 Speedway,0.5,paved track,10.0,14.0,29.0,Bob Keselowski,Winnebago (Ron Keselowski),Dodge,198.0,3875.0,running,0.0,134.0
1995,7,I-70,I-70 Speedway,0.5,paved track,11.0,10.0,21.0,Tobey Butler,Ortho Lawn & Garden Care (Jim Venable),Ford,197.0,3400.0,running,0.0,130.0
1995,7,I-70,I-70 Speedway,0.5,paved track,12.0,9.0,24.0,Scott Lagasse,DuPont Refinishes (Rick Hendrick),Chevrolet,197.0,3350.0,running,0.0,127.0
1995,7,I-70,I-70 Speedway,0.5,paved track,13.0,13.0,8.0,Mike Bliss,Ultra Custom Wheels (Jim Smith),Ford,196.0,3300.0,running,0.0,124.0
1995,7,I-70,I-70 Speedway,0.5,paved track,14.0,1.0,16.0,"Ron Hornaday, Jr.","Papa John's Pizza (Dale Earnhardt, Inc.)",Chevrolet,194.0,3250.0,running,22.0,121.0
1995,7,I-70,I-70 Speedway,0.5,paved track,15.0,24.0,88.0,Randy Churchill,Churchill Transportation (Jerry Churchill),Ford,194.0,2875.0,running,0.0,118.0
1995,7,I-70,I-70 Speedway,0.5,paved track,16.0,18.0,11.0,Mike Hurlbert,Bud Light (Mike Hurlbert),Ford,191.0,2625.0,running,0.0,115.0
1995,7,I-70,I-70 Speedway,0.5,paved track,17.0,15.0,51.0,Kerry Teague,Tanner Racing (Jim Rosenblum),Chevrolet,189.0,3100.0,running,0.0,112.0
1995,7,I-70,I-70 Speedway,0.5,paved track,18.0,23.0,54.0,Steve McEachern,McEachern Racing (Steve McEachern),Chevrolet,185.0,2525.0,running,0.0,109.0
1995,7,I-70,I-70 Speedway,0.5,paved track,19.0,19.0,14.0,John Kinder,Stroppe Motorsports (Bill Stroppe),Ford,139.0,2500.0,crash,0.0,106.0
1995,7,I-70,I-70 Speedway,0.5,paved track,20.0,8.0,1.0,P.J. Jones,Sears DieHard (Scoop Vessels),Chevrolet,139.0,2875.0,engine,0.0,103.0
1995,7,I-70,I-70 Speedway,0.5,paved track,21.0,25.0,64.0,Michael Dokken,Dokken Racing (Wayne Dokken),Chevrolet,120.0,2100.0,engine,0.0,100.0
1995,7,I-70,I-70 Speedway,0.5,paved track,22.0,17.0,20.0,Walker Evans,Walker Evans Racing (Walker Evans),Dodge,111.0,2400.0,engine,0.0,97.0
1995,7,I-70,I-70 Speedway,0.5,paved track,23.0,21.0,87.0,John Nemechek,Burger King (Joe Nemechek),Chevrolet,106.0,1650.0,oil leak,0.0,94.0
1995,7,I-70,I-70 Speedway,0.5,paved track,24.0,12.0,38.0,Sammy Swindell,Channellock Tools (Brad Akins / Bob Sutton),Ford,45.0,2000.0,crash,0.0,91.0
1995,7,I-70,I-70 Speedway,0.5,paved track,25.0,16.0,81.0,Jerry Glanville,Frickers (Jerry Glanville),Ford,45.0,1950.0,crash,0.0,88.0
1995,7,I-70,I-70 Speedway,0.5,paved track,26.0,26.0,26.0,Ron Esau,Barbary Coast (Walker Evans),Dodge,11.0,1400.0,handling,0.0,85.0
1995,8,Louisville,Louisville Motor Speedway,0.438,paved track,1.0,4.0,3.0,Mike Skinner,GM Goodwrench Service (Richard Childress),Chevrolet,200.0,22200.0,running,92.0,180.0
1995,8,Louisville,Louisville Motor Speedway,0.438,paved track,2.0,3.0,84.0,Joe Ruttman,Irvan-Simo Racing (Mark Simo),Ford,200.0,17300.0,running,47.0,170.0
1995,8,Louisville,Louisville Motor Speedway,0.438,paved track,3.0,10.0,98.0,Butch Miller,Raybestos Brakes / Red Carpet Lease (Jim Herrick),Ford,200.0,8500.0,running,0.0,165.0
1995,8,Louisville,Louisville Motor Speedway,0.438,paved track,4.0,2.0,21.0,Tobey Butler,Ortho Lawn & Garden Care (Jim Venable),Ford,200.0,7550.0,running,56.0,160.0
1995,8,Louisville,Louisville Motor Speedway,0.438,paved track,5.0,17.0,6.0,Rick Carelli,Total Petroleum (Marshall Chesrown),Chevrolet,200.0,4750.0,running,2.0,155.0
1995,8,Louisville,Louisville Motor Speedway,0.438,paved track,6.0,11.0,83.0,Steve Portenga,Coffee Critic (Linda Mountanos),Chevrolet,200.0,4150.0,running,0.0,150.0
1995,8,Louisville,Louisville Motor Speedway,0.438,paved track,7.0,6.0,8.0,Mike Bliss,Ultra Custom Wheels (Jim Smith),Ford,200.0,4100.0,running,0.0,146.0
1995,8,Louisville,Louisville Motor Speedway,0.438,paved track,8.0,15.0,37.0,Bob Strait,Target Expediting (Jim Spicuzza),Ford,200.0,3550.0,running,0.0,142.0
1995,8,Louisville,Louisville Motor Speedway,0.438,paved track,9.0,1.0,31.0,Jack Sprague,Performance Race Cars (Bruce Griffin),Chevrolet,199.0,3625.0,running,3.0,138.0
1995,8,Louisville,Louisville Motor Speedway,0.438,paved track,10.0,14.0,88.0,Randy Churchill,Churchill Motorsports (Jerry Churchill),Ford,199.0,3350.0,running,0.0,134.0
1995,8,Louisville,Louisville Motor Speedway,0.438,paved track,11.0,13.0,75.0,Bill Sedgwick,Spears Manufacturing (Wayne Spears),Chevrolet,197.0,3450.0,running,0.0,130.0
1995,8,Louisville,Louisville Motor Speedway,0.438,paved track,12.0,9.0,1.0,P.J. Jones,Sears DieHard (Scoop Vessels),Chevrolet,197.0,3400.0,running,0.0,127.0
1995,8,Louisville,Louisville Motor Speedway,0.438,paved track,13.0,24.0,38.0,Sammy Swindell,Channellock Tools (Brad Akins / Bob Sutton),Ford,196.0,3350.0,running,0.0,124.0
1995,8,Louisville,Louisville Motor Speedway,0.438,paved track,14.0,20.0,81.0,Jerry Glanville,Race Fans Unlimited (Jerry Glanville),Ford,194.0,3300.0,running,0.0,121.0
1995,8,Louisville,Louisville Motor Speedway,0.438,paved track,15.0,12.0,7.0,Dave Rezendes,Exide Batteries (Geoffrey Bodine),Ford,192.0,3250.0,running,0.0,118.0
1995,8,Louisville,Louisville Motor Speedway,0.438,paved track,16.0,7.0,16.0,"Ron Hornaday, Jr.","Papa John's Pizza (Dale Earnhardt, Inc.)",Chevrolet,191.0,3475.0,running,0.0,115.0
1995,8,Louisville,Louisville Motor Speedway,0.438,paved track,17.0,18.0,14.0,John Kinder,Stroppe Motorsports (Bill Stroppe),Ford,189.0,3100.0,running,0.0,112.0
1995,8,Louisville,Louisville Motor Speedway,0.438,paved track,18.0,21.0,34.0,Bob Brevak,Scaffidi Mack / Mid-State Hydraulic (Bob Brevak),Ford,187.0,2500.0,running,0.0,109.0
1995,8,Louisville,Louisville Motor Speedway,0.438,paved track,19.0,8.0,29.0,Bob Keselowski,Winnebago / Mopar (Ron Keselowski),Dodge,121.0,2900.0,oil leak,0.0,106.0
1995,8,Louisville,Louisville Motor Speedway,0.438,paved track,20.0,22.0,11.0,Mike Hurlbert,Bud Light (Mike Hurlbert),Ford,115.0,2800.0,engine,0.0,103.0
1995,8,Louisville,Louisville Motor Speedway,0.438,paved track,21.0,5.0,24.0,Scott Lagasse,DuPont Automotive Finishes (Rick Hendrick),Chevrolet,111.0,2700.0,radiator,0.0,100.0
1995,8,Louisville,Louisville Motor Speedway,0.438,paved track,22.0,19.0,87.0,John Nemechek,Burger King (Joe Nemechek),Chevrolet,88.0,2600.0,overheating,0.0,97.0
1995,8,Louisville,Louisville Motor Speedway,0.438,paved track,23.0,16.0,65.0,Frank Kimmel,ONSAT / TV Plus (Kenny Allen),Chevrolet,14.0,2000.0,engine,0.0,94.0
1995,8,Louisville,Louisville Motor Speedway,0.438,paved track,24.0,23.0,0.0,Frank Davis,Intl. Brotherhood of Teamsters (Thee Dixon),Ford,4.0,1900.0,axle,0.0,91.0
1995,9,Bristol,Bristol International Raceway,0.533,paved track,1.0,3.0,84.0,Joe Ruttman,Irvan-Simo Racing (Mark Simo),Ford,150.0,28550.0,running,8.0,180.0
1995,9,Bristol,Bristol International Raceway,0.533,paved track,2.0,9.0,7.0,Geoffrey Bodine,Exide Batteries (Geoffrey Bodine),Ford,150.0,12000.0,running,0.0,170.0
1995,9,Bristol,Bristol International Raceway,0.533,paved track,3.0,7.0,98.0,Butch Miller,Raybestos Brakes / Red Carpet Lease (Jim Herrick),Ford,150.0,8000.0,running,31.0,165.0
1995,9,Bristol,Bristol International Raceway,0.533,paved track,4.0,2.0,38.0,Sammy Swindell,Channellock Tools (Brad Akins / Bob Sutton),Ford,150.0,6040.0,running,66.0,160.0
1995,9,Bristol,Bristol International Raceway,0.533,paved track,5.0,16.0,75.0,Bill Sedgwick,Spears Manufacturing (Wayne Spears),Chevrolet,150.0,4800.0,running,0.0,155.0
1995,9,Bristol,Bristol International Raceway,0.533,paved track,6.0,11.0,31.0,Jack Sprague,Performance Race Cars (Bruce Griffin),Chevrolet,150.0,4150.0,running,0.0,150.0
1995,9,Bristol,Bristol International Raceway,0.533,paved track,7.0,18.0,37.0,Bob Strait,Target Expediting (Jim Spicuzza),Ford,150.0,3525.0,running,0.0,146.0
1995,9,Bristol,Bristol International Raceway,0.533,paved track,8.0,17.0,24.0,Scott Lagasse,DuPont Automotive Finishes (Rick Hendrick),Chevrolet,150.0,3300.0,running,0.0,142.0
1995,9,Bristol,Bristol International Raceway,0.533,paved track,9.0,8.0,16.0,"Ron Hornaday, Jr.","Papa John's Pizza (Dale Earnhardt, Inc.)",Chevrolet,150.0,3350.0,running,0.0,138.0
1995,9,Bristol,Bristol International Raceway,0.533,paved track,10.0,19.0,29.0,Bob Keselowski,Winnebago / Mopar Performance (Ron Keselowski),Dodge,149.0,3550.0,running,0.0,134.0
1995,9,Bristol,Bristol International Raceway,0.533,paved track,11.0,6.0,21.0,Tobey Butler,Ortho Lawn & Garden Care (Jim Venable),Ford,149.0,3150.0,running,0.0,130.0
1995,9,Bristol,Bristol International Raceway,0.533,paved track,12.0,13.0,20.0,Walker Evans,Walker Evans Racing (Walker Evans),Dodge,147.0,3100.0,running,0.0,127.0
1995,9,Bristol,Bristol International Raceway,0.533,paved track,13.0,20.0,51.0,Kerry Teague,Pro Cal (Jim Rosenblum),Chevrolet,146.0,3050.0,running,0.0,124.0
1995,9,Bristol,Bristol International Raceway,0.533,paved track,14.0,12.0,2.0,Mike Bliss,Ultra Custom Wheels (Jim Smith),Ford,146.0,3000.0,running,0.0,121.0
1995,9,Bristol,Bristol International Raceway,0.533,paved track,15.0,21.0,55.0,Randy Churchill,Landair Transport (Jerry Churchill),Ford,145.0,2875.0,running,0.0,118.0
1995,9,Bristol,Bristol International Raceway,0.533,paved track,16.0,10.0,1.0,P.J. Jones,Sears DieHard (Scoop Vessels),Chevrolet,145.0,2900.0,running,0.0,115.0
1995,9,Bristol,Bristol International Raceway,0.533,paved track,17.0,26.0,65.0,Kirk Shelmerdine,ONSAT / TV Plus (Kenny Allen),Chevrolet,145.0,2600.0,running,0.0,112.0
1995,9,Bristol,Bristol International Raceway,0.533,paved track,18.0,23.0,34.0,Bob Brevak,Scaffidi Mack (Bob Brevak),Ford,142.0,2525.0,running,0.0,109.0
1995,9,Bristol,Bristol International Raceway,0.533,paved track,19.0,24.0,88.0,Jerry Churchill,Churchill Motorsports (Jerry Churchill),Ford,139.0,2750.0,running,0.0,106.0
1995,9,Bristol,Bristol International Raceway,0.533,paved track,20.0,1.0,3.0,Mike Skinner,GM Goodwrench Service (Richard Childress),Chevrolet,139.0,2650.0,running,0.0,103.0
1995,9,Bristol,Bristol International Raceway,0.533,paved track,21.0,25.0,23.0,T.J. Clark,ASE / American Racing Wheels (T.J. Clark),Ford,135.0,2225.0,running,0.0,100.0
1995,9,Bristol,Bristol International Raceway,0.533,paved track,22.0,14.0,81.0,Jerry Glanville,Race Fans Unlimited (Jerry Glanville),Ford,120.0,2150.0,running,0.0,97.0
1995,9,Bristol,Bristol International Raceway,0.533,paved track,23.0,5.0,6.0,Rick Carelli,Total Petroleum (Marshall Chesrown),Chevrolet,107.0,1900.0,running,0.0,94.0
1995,9,Bristol,Bristol International Raceway,0.533,paved track,24.0,15.0,83.0,Steve Portenga,Mission / The Coffee Critic (Linda Mountanos),Chevrolet,95.0,1750.0,running,0.0,91.0
1995,9,Bristol,Bristol International Raceway,0.533,paved track,25.0,4.0,30.0,Jimmy Hensley,Taylor Togs (Grier Lackey),Dodge,46.0,1475.0,rocker arm,45.0,88.0
1995,9,Bristol,Bristol International Raceway,0.533,paved track,26.0,22.0,54.0,Steve McEachern,McEachern Racing (Steve McEachern),Chevrolet,41.0,1450.0,crash,0.0,85.0
1995,9,Bristol,Bristol International Raceway,0.533,paved track,27.0,29.0,62.0,Mike Chase,Total Petroleum (Marshall Chesrown),Chevrolet,4.0,1425.0,engine,0.0,82.0
1995,9,Bristol,Bristol International Raceway,0.533,paved track,28.0,28.0,15.0,Tim Nooner,Nooner Racing (Tim Nooner),Ford,3.0,1400.0,engine,0.0,79.0
1995,9,Bristol,Bristol International Raceway,0.533,paved track,29.0,27.0,87.0,John Nemechek,Burger King (Joe Nemechek),Chevrolet,3.0,1625.0,engine,0.0,76.0
1995,10,Milwaukee,Milwaukee Mile,1.0,paved track,1.0,1.0,3.0,Mike Skinner,GM Goodwrench Service (Richard Childress),Chevrolet,125.0,21200.0,running,56.0,180.0
1995,10,Milwaukee,Milwaukee Mile,1.0,paved track,2.0,2.0,30.0,Dennis Setzer,Taylor Togs (Grier Lackey),Dodge,125.0,10800.0,running,27.0,170.0
1995,10,Milwaukee,Milwaukee Mile,1.0,paved track,3.0,3.0,16.0,"Ron Hornaday, Jr.","Papa John's Pizza (Dale Earnhardt, Inc.)",Chevrolet,125.0,10800.0,running,35.0,165.0
1995,10,Milwaukee,Milwaukee Mile,1.0,paved track,4.0,5.0,6.0,Rick Carelli,Total Petroleum (Marshall Chesrown),Chevrolet,125.0,7050.0,running,0.0,160.0
1995,10,Milwaukee,Milwaukee Mile,1.0,paved track,5.0,15.0,75.0,Bill Sedgwick,Spears Manufacturing (Wayne Spears),Chevrolet,125.0,5400.0,running,0.0,155.0
1995,10,Milwaukee,Milwaukee Mile,1.0,paved track,6.0,4.0,84.0,Joe Ruttman,Irvan-Simo Racing (Mark Simo),Ford,125.0,4000.0,running,0.0,150.0
1995,10,Milwaukee,Milwaukee Mile,1.0,paved track,7.0,12.0,18.0,"Johnny Benson, Jr.",Performance Friction (Kurt Roehrig),Chevrolet,125.0,3675.0,running,0.0,146.0
1995,10,Milwaukee,Milwaukee Mile,1.0,paved track,8.0,16.0,7.0,Dave Rezendes,Exide Batteries (Geoffrey Bodine),Ford,125.0,3050.0,running,0.0,142.0
1995,10,Milwaukee,Milwaukee Mile,1.0,paved track,9.0,6.0,31.0,Jack Sprague,Motorsports Design (Bruce Griffin),Chevrolet,125.0,3600.0,running,0.0,138.0
1995,10,Milwaukee,Milwaukee Mile,1.0,paved track,10.0,9.0,43.0,Rodney Combs,Comfrey Corner / U.S. Bobsled Team (Petty Enterprises),Chevrolet,125.0,3200.0,running,0.0,134.0
1995,10,Milwaukee,Milwaukee Mile,1.0,paved track,11.0,11.0,37.0,Bob Strait,Target Expediting (Jim Spicuzza),Ford,125.0,3400.0,running,0.0,130.0
1995,10,Milwaukee,Milwaukee Mile,1.0,paved track,12.0,18.0,38.0,Sammy Swindell,Channellock Tools (Brad Akins / Bob Sutton),Ford,125.0,3350.0,running,0.0,127.0
1995,10,Milwaukee,Milwaukee Mile,1.0,paved track,13.0,8.0,2.0,Mike Bliss,Ultra Custom Wheels (Jim Smith),Ford,125.0,3300.0,running,0.0,124.0
1995,10,Milwaukee,Milwaukee Mile,1.0,paved track,14.0,13.0,24.0,Scott Lagasse,DuPont Refinishes (Rick Hendrick),Chevrolet,125.0,3250.0,running,0.0,121.0
1995,10,Milwaukee,Milwaukee Mile,1.0,paved track,15.0,27.0,65.0,Kenny Allen,ONSAT / TV Plus (Kenny Allen),Chevrolet,125.0,2875.0,running,0.0,118.0
1995,10,Milwaukee,Milwaukee Mile,1.0,paved track,16.0,21.0,20.0,Walker Evans,Barbary Coast (Walker Evans),Dodge,125.0,3125.0,running,0.0,115.0
1995,10,Milwaukee,Milwaukee Mile,1.0,paved track,17.0,20.0,87.0,John Nemechek,Burger King (Joe Nemechek),Chevrolet,124.0,3100.0,running,0.0,112.0
1995,10,Milwaukee,Milwaukee Mile,1.0,paved track,18.0,7.0,98.0,Butch Miller,Raybestos (Jim Herrick),Ford,123.0,3025.0,running,0.0,109.0
1995,10,Milwaukee,Milwaukee Mile,1.0,paved track,19.0,25.0,23.0,T.J. Clark,ASE / MTX (T.J. Clark),Ford,123.0,2500.0,running,0.0,106.0
1995,10,Milwaukee,Milwaukee Mile,1.0,paved track,20.0,14.0,83.0,Steve Portenga,Coffee Critic / Mission Uniform & Linen (Linda Mountanos),Chevrolet,123.0,3050.0,running,0.0,103.0
1995,10,Milwaukee,Milwaukee Mile,1.0,paved track,21.0,24.0,81.0,Jerry Glanville,Frickers (Jerry Glanville),Ford,122.0,2800.0,running,0.0,100.0
1995,10,Milwaukee,Milwaukee Mile,1.0,paved track,22.0,26.0,26.0,Tony Roper,Mittler Brothers Machine & Tool (Mike Mittler),Ford,120.0,2200.0,running,0.0,97.0
1995,10,Milwaukee,Milwaukee Mile,1.0,paved track,23.0,10.0,1.0,P.J. Jones,Sears DieHard (Scoop Vessels),Chevrolet,109.0,2600.0,overheating,7.0,94.0
1995,10,Milwaukee,Milwaukee Mile,1.0,paved track,24.0,22.0,34.0,Bob Brevak,Scaffidi Mack (Bob Brevak),Ford,99.0,2000.0,running,0.0,91.0
1995,10,Milwaukee,Milwaukee Mile,1.0,paved track,25.0,19.0,29.0,Bob Keselowski,Winnebago (Ron Keselowski),Dodge,78.0,2400.0,rear end,0.0,88.0
1995,10,Milwaukee,Milwaukee Mile,1.0,paved track,26.0,23.0,14.0,John Kinder,Stroppe Motorsports (Bill Stroppe),Ford,77.0,1800.0,suspension,0.0,85.0
1995,10,Milwaukee,Milwaukee Mile,1.0,paved track,27.0,28.0,51.0,Kerry Teague,Teamsters Local 71 (Jim Rosenblum),Chevrolet,63.0,2200.0,brakes,0.0,82.0
1995,10,Milwaukee,Milwaukee Mile,1.0,paved track,28.0,17.0,21.0,Tobey Butler,Ortho Lawn & Garden Care (Jim Venable),Ford,63.0,2100.0,handling,0.0,79.0
1995,10,Milwaukee,Milwaukee Mile,1.0,paved track,29.0,29.0,28.0,Ron Esau,Barbary Coast (Walker Evans),Dodge,11.0,1500.0,suspension,0.0,76.0
1995,11,Colorado,Colorado National Speedway,0.375,paved track,1.0,4.0,98.0,Butch Miller,Raybestos Brakes / Red Carpet Lease (Jim Herrick),Ford,200.0,25050.0,running,30.0,180.0
1995,11,Colorado,Colorado National Speedway,0.375,paved track,2.0,8.0,3.0,Mike Skinner,GM Goodwrench Service (Richard Childress),Chevrolet,200.0,14400.0,running,0.0,170.0
1995,11,Colorado,Colorado National Speedway,0.375,paved track,3.0,1.0,16.0,"Ron Hornaday, Jr.","Papa John's Pizza (Dale Earnhardt, Inc.)",Chevrolet,200.0,13100.0,running,170.0,165.0
1995,11,Colorado,Colorado National Speedway,0.375,paved track,4.0,5.0,75.0,Bill Sedgwick,Spears Manufacturing (Wayne Spears),Chevrolet,200.0,6500.0,running,0.0,160.0
1995,11,Colorado,Colorado National Speedway,0.375,paved track,5.0,15.0,7.0,Dave Rezendes,Exide Batteries (Geoffrey Bodine),Ford,200.0,5750.0,running,0.0,155.0
1995,11,Colorado,Colorado National Speedway,0.375,paved track,6.0,9.0,84.0,Joe Ruttman,MAC Tools (Mark Simo),Ford,200.0,4000.0,running,0.0,150.0
1995,11,Colorado,Colorado National Speedway,0.375,paved track,7.0,11.0,6.0,Rick Carelli,Total Petroleum (Marshall Chesrown),Chevrolet,200.0,3975.0,running,0.0,146.0
1995,11,Colorado,Colorado National Speedway,0.375,paved track,8.0,2.0,31.0,Jack Sprague,Roofing Contractors (Bruce Griffin),Chevrolet,200.0,3900.0,running,0.0,142.0
1995,11,Colorado,Colorado National Speedway,0.375,paved track,9.0,12.0,83.0,Steve Portenga,Coffee Critic (Linda Mountanos),Chevrolet,200.0,3625.0,running,0.0,138.0
1995,11,Colorado,Colorado National Speedway,0.375,paved track,10.0,13.0,20.0,Walker Evans,Barbary Coast (Walker Evans),Dodge,199.0,3750.0,running,0.0,134.0
1995,11,Colorado,Colorado National Speedway,0.375,paved track,11.0,7.0,1.0,P.J. Jones,Sears DieHard (Scoop Vessels),Chevrolet,198.0,3400.0,running,0.0,130.0
1995,11,Colorado,Colorado National Speedway,0.375,paved track,12.0,14.0,30.0,Dennis Setzer,Taylor Togs (Grier Lackey),Dodge,197.0,3025.0,running,0.0,127.0
1995,11,Colorado,Colorado National Speedway,0.375,paved track,13.0,6.0,21.0,Tobey Butler,Ortho Lawn & Garden Care (Jim Venable),Ford,197.0,3300.0,running,0.0,124.0
1995,11,Colorado,Colorado National Speedway,0.375,paved track,14.0,10.0,24.0,Scott Lagasse,DuPont Automotive Finishes (Rick Hendrick),Chevrolet,195.0,3250.0,running,0.0,121.0
1995,11,Colorado,Colorado National Speedway,0.375,paved track,15.0,20.0,87.0,John Nemechek,Burger King (Joe Nemechek),Chevrolet,195.0,3375.0,running,0.0,118.0
1995,11,Colorado,Colorado National Speedway,0.375,paved track,16.0,27.0,11.0,Mike Hurlbert,Bud Light (Mike Hurlbert),Ford,194.0,2650.0,running,0.0,115.0
1995,11,Colorado,Colorado National Speedway,0.375,paved track,17.0,28.0,79.0,Jimmy Dick,J.D. Auto (Jimmy Dick),Chevrolet,194.0,2600.0,running,0.0,112.0
1995,11,Colorado,Colorado National Speedway,0.375,paved track,18.0,25.0,81.0,Jerry Glanville,Fricker's / Race Fans Unlimited (Jerry Glanville),Ford,194.0,3075.0,running,0.0,109.0
1995,11,Colorado,Colorado National Speedway,0.375,paved track,19.0,19.0,10.0,Dennis Wooldridge,Made For You Products / Get Well Stan (Alex Decuir),Chevrolet,194.0,2550.0,running,0.0,106.0
1995,11,Colorado,Colorado National Speedway,0.375,paved track,20.0,26.0,65.0,Kenny Allen,ONSAT / TV Plus (Kenny Allen),Chevrolet,192.0,2600.0,running,0.0,103.0
1995,11,Colorado,Colorado National Speedway,0.375,paved track,21.0,22.0,23.0,T.J. Clark,ASE Certified / MTX (T.J. Clark),Ford,190.0,2500.0,running,0.0,100.0
1995,11,Colorado,Colorado National Speedway,0.375,paved track,22.0,16.0,37.0,Bob Strait,Target Expediting (Jim Spicuzza),Ford,187.0,2650.0,running,0.0,97.0
1995,11,Colorado,Colorado National Speedway,0.375,paved track,23.0,24.0,51.0,Kerry Teague,Rosenblum Racing (Jim Rosenblum),Chevrolet,186.0,2950.0,running,0.0,94.0
1995,11,Colorado,Colorado National Speedway,0.375,paved track,24.0,23.0,4.0,Bob Brevak,Scaffidi Mack (Bob Brevak),Ford,172.0,2425.0,running,0.0,91.0
1995,11,Colorado,Colorado National Speedway,0.375,paved track,25.0,21.0,34.0,Ray Daniels,Larry Carnes Racing (Larry Carnes),Chevrolet,162.0,2400.0,running,0.0,88.0
1995,11,Colorado,Colorado National Speedway,0.375,paved track,26.0,18.0,38.0,Sammy Swindell,Channellock Tools (Brad Akins / Bob Sutton),Ford,157.0,2875.0,axle,0.0,85.0
1995,11,Colorado,Colorado National Speedway,0.375,paved track,27.0,3.0,2.0,Mike Bliss,Ultra Custom Wheels (Jim Smith),Ford,80.0,2850.0,suspension,0.0,82.0
1995,11,Colorado,Colorado National Speedway,0.375,paved track,28.0,17.0,14.0,John Kinder,Stroppe Motorsports (Bill Stroppe),Ford,62.0,2825.0,ignition,0.0,79.0
1995,12,Topeka,Heartland Park Topeka,1.8,road course,1.0,1.0,16.0,"Ron Hornaday, Jr.","Papa John's Pizza (Dale Earnhardt, Inc.)",Chevrolet,60.0,28100.0,running,58.0,180.0
1995,12,Topeka,Heartland Park Topeka,1.8,road course,2.0,7.0,84.0,Joe Ruttman,MAC Tools (Mark Simo),Ford,60.0,18250.0,running,2.0,170.0
1995,12,Topeka,Heartland Park Topeka,1.8,road course,3.0,22.0,5.0,Terry Labonte,DuPont Refinishes (Rick Hendrick),Chevrolet,60.0,7800.0,running,0.0,165.0
1995,12,Topeka,Heartland Park Topeka,1.8,road course,4.0,3.0,61.0,Todd Bodine,Roush Performance Products (Jack Roush),Ford,60.0,3900.0,running,0.0,160.0
1995,12,Topeka,Heartland Park Topeka,1.8,road course,5.0,2.0,3.0,Mike Skinner,GM Goodwrench Service (Richard Childress),Chevrolet,60.0,4150.0,running,0.0,155.0
1995,12,Topeka,Heartland Park Topeka,1.8,road course,6.0,8.0,52.0,Darrell Waltrip,AC Delco (Ken Schrader),Chevrolet,60.0,4700.0,running,0.0,150.0
1995,12,Topeka,Heartland Park Topeka,1.8,road course,7.0,14.0,31.0,Jack Sprague,Performance Race Cars (Bruce Griffin),Chevrolet,60.0,4850.0,running,0.0,146.0
1995,12,Topeka,Heartland Park Topeka,1.8,road course,8.0,10.0,98.0,Butch Miller,Raybestos (Jim Herrick),Ford,60.0,3450.0,running,0.0,142.0
1995,12,Topeka,Heartland Park Topeka,1.8,road course,9.0,9.0,2.0,Mike Bliss,Ultra Custom Wheels (Jim Smith),Ford,60.0,3500.0,running,0.0,138.0
1995,12,Topeka,Heartland Park Topeka,1.8,road course,10.0,28.0,3.0,Tommy Archer,Minnesota Office of Tourism (Tommy Archer),Ford,60.0,3100.0,running,0.0,134.0
1995,12,Topeka,Heartland Park Topeka,1.8,road course,11.0,5.0,6.0,Rick Carelli,Total Petroleum (Marshall Chesrown),Chevrolet,60.0,3300.0,running,0.0,130.0
1995,12,Topeka,Heartland Park Topeka,1.8,road course,12.0,4.0,24.0,Scott Lagasse,DuPont Refinishes (Rick Hendrick),Chevrolet,60.0,3250.0,running,0.0,127.0
1995,12,Topeka,Heartland Park Topeka,1.8,road course,13.0,13.0,6.0,Butch Gilliland,Ultra Custom Wheels (Jim Smith),Ford,60.0,2700.0,running,0.0,124.0
1995,12,Topeka,Heartland Park Topeka,1.8,road course,14.0,20.0,94.0,Mark Simo,MAC Tools (Mark Simo),Ford,60.0,2650.0,running,0.0,121.0
1995,12,Topeka,Heartland Park Topeka,1.8,road course,15.0,6.0,75.0,Bill Sedgwick,Spears Manufacturing (Wayne Spears),Chevrolet,60.0,3275.0,running,0.0,118.0
1995,12,Topeka,Heartland Park Topeka,1.8,road course,16.0,11.0,21.0,Tobey Butler,Ortho Lawn & Garden Care (Jim Venable),Ford,60.0,3050.0,running,0.0,115.0
1995,12,Topeka,Heartland Park Topeka,1.8,road course,17.0,19.0,20.0,Walker Evans,Barbary Coast (Walker Evans),Dodge,59.0,3000.0,running,0.0,112.0
1995,12,Topeka,Heartland Park Topeka,1.8,road course,18.0,21.0,64.0,Michael Dokken,Dokken Racing (Wayne Dokken),Chevrolet,59.0,2450.0,running,0.0,109.0
1995,12,Topeka,Heartland Park Topeka,1.8,road course,19.0,27.0,34.0,Ray Daniels,Pep Boys (Larry Carnes),Chevrolet,58.0,2400.0,running,0.0,106.0
1995,12,Topeka,Heartland Park Topeka,1.8,road course,20.0,25.0,4.0,Bob Brevak,Scaffidi Mack (Bob Brevak),Ford,57.0,2425.0,running,0.0,103.0
1995,12,Topeka,Heartland Park Topeka,1.8,road course,21.0,18.0,38.0,Sammy Swindell,Channellock Tools (Brad Akins / Bob Sutton),Ford,54.0,2800.0,engine,0.0,100.0
1995,12,Topeka,Heartland Park Topeka,1.8,road course,22.0,12.0,1.0,P.J. Jones,Sears DieHard (Scoop Vessels),Chevrolet,49.0,2775.0,overheating,0.0,97.0
1995,12,Topeka,Heartland Park Topeka,1.8,road course,23.0,16.0,25.0,Rick Hendrick,Budweiser (Rick Hendrick),Chevrolet,45.0,2250.0,transmission,0.0,94.0
1995,12,Topeka,Heartland Park Topeka,1.8,road course,24.0,31.0,37.0,Bob Strait,Target Expediting (Jim Spicuzza),Ford,44.0,2725.0,running,0.0,91.0
1995,12,Topeka,Heartland Park Topeka,1.8,road course,25.0,32.0,83.0,Steve Portenga,Coffee Critic (Linda Mountanos),Chevrolet,44.0,2500.0,running,0.0,88.0
1995,12,Topeka,Heartland Park Topeka,1.8,road course,26.0,15.0,7.0,Dave Rezendes,Exide Batteries (Geoffrey Bodine),Ford,42.0,2475.0,transmission,0.0,85.0
1995,12,Topeka,Heartland Park Topeka,1.8,road course,27.0,29.0,9.0,Bob Jones,Rain-X (Bob Jones),Chevrolet,36.0,1950.0,rear end,0.0,82.0
1995,12,Topeka,Heartland Park Topeka,1.8,road course,28.0,17.0,18.0,Davy Jones,Roehrig Engineering / Performance Friction (Kurt Roehrig),Chevrolet,32.0,1925.0,engine,0.0,79.0
1995,12,Topeka,Heartland Park Topeka,1.8,road course,29.0,23.0,29.0,Bob Keselowski,Winnebago (Ron Keselowski),Dodge,32.0,2400.0,oil leak,0.0,76.0
1995,12,Topeka,Heartland Park Topeka,1.8,road course,30.0,26.0,51.0,Kerry Teague,Fluidyne Racing Products (Jim Rosenblum),Chevrolet,8.0,2400.0,crash,0.0,73.0
1995,12,Topeka,Heartland Park Topeka,1.8,road course,31.0,24.0,65.0,Kenny Allen,ONSAT / TV Plus (Kenny Allen),Chevrolet,4.0,1900.0,engine,0.0,70.0
1995,12,Topeka,Heartland Park Topeka,1.8,road course,32.0,30.0,81.0,Jerry Glanville,Glanville Motorsports (Jerry Glanville),Ford,4.0,2400.0,engine,0.0,67.0
1995,12,Topeka,Heartland Park Topeka,1.8,road course,33.0,33.0,23.0,T.J. Clark,ASE / American Racing Wheels (T.J. Clark),Ford,1.0,2400.0,transmission,0.0,64.0
1995,13,IRP,Indianapolis Raceway Park,0.686,paved track,1.0,1.0,3.0,Mike Skinner,GM Goodwrench Service (Richard Childress),Chevrolet,150.0,25200.0,running,150.0,180.0
1995,13,IRP,Indianapolis Raceway Park,0.686,paved track,2.0,2.0,18.0,"Johnny Benson, Jr.",Roehrig Engineering / Performance Friction (Kurt Roehrig),Chevrolet,150.0,21050.0,running,0.0,170.0
1995,13,IRP,Indianapolis Raceway Park,0.686,paved track,3.0,22.0,6.0,Rick Carelli,Total Petroleum (Marshall Chesrown),Chevrolet,150.0,10150.0,running,0.0,165.0
1995,13,IRP,Indianapolis Raceway Park,0.686,paved track,4.0,9.0,43.0,Rodney Combs,Snapper Power Equipment (Petty Enterprises),Chevrolet,150.0,4250.0,running,0.0,160.0
1995,13,IRP,Indianapolis Raceway Park,0.686,paved track,5.0,16.0,24.0,Scott Lagasse,DuPont Refinishes (Rick Hendrick),Chevrolet,150.0,5200.0,running,0.0,155.0
1995,13,IRP,Indianapolis Raceway Park,0.686,paved track,6.0,11.0,84.0,Joe Ruttman,MAC Tools (Mark Simo),Ford,150.0,3700.0,running,0.0,150.0
1995,13,IRP,Indianapolis Raceway Park,0.686,paved track,7.0,14.0,2.0,Mike Bliss,Ultra Custom Wheels (Jim Smith),Ford,150.0,3600.0,running,0.0,146.0
1995,13,IRP,Indianapolis Raceway Park,0.686,paved track,8.0,24.0,87.0,John Nemechek,Delco Remy America (Joe Nemechek),Chevrolet,150.0,3550.0,running,0.0,142.0
1995,13,IRP,Indianapolis Raceway Park,0.686,paved track,9.0,28.0,37.0,Bob Strait,Target Expediting (Jim Spicuzza),Ford,150.0,3625.0,running,0.0,138.0
1995,13,IRP,Indianapolis Raceway Park,0.686,paved track,10.0,5.0,30.0,Dennis Setzer,Taylor Togs (Grier Lackey),Dodge,150.0,3275.0,running,0.0,134.0
1995,13,IRP,Indianapolis Raceway Park,0.686,paved track,11.0,7.0,77.0,Gary St. Amant,Doran / MOMO Wheels / Wynn's (Kevin Doran),Chevrolet,150.0,2925.0,running,0.0,130.0
1995,13,IRP,Indianapolis Raceway Park,0.686,paved track,12.0,21.0,98.0,Butch Miller,Raybestos (Jim Herrick),Ford,149.0,3350.0,crash,0.0,127.0
1995,13,IRP,Indianapolis Raceway Park,0.686,paved track,13.0,31.0,65.0,Kenny Allen,ONSAT / TV Plus (Kenny Allen),Chevrolet,149.0,2800.0,running,0.0,124.0
1995,13,IRP,Indianapolis Raceway Park,0.686,paved track,14.0,15.0,15.0,Tim Nooner,Nooner Racing (Tim Nooner),Ford,149.0,2700.0,running,0.0,121.0
1995,13,IRP,Indianapolis Raceway Park,0.686,paved track,15.0,33.0,29.0,Bob Keselowski,Winnebago (Ron Keselowski),Dodge,149.0,3375.0,running,0.0,118.0
1995,13,IRP,Indianapolis Raceway Park,0.686,paved track,16.0,19.0,20.0,Walker Evans,Barbary Coast (Walker Evans),Dodge,147.0,3150.0,running,0.0,115.0
1995,13,IRP,Indianapolis Raceway Park,0.686,paved track,17.0,10.0,83.0,Steve Portenga,Coffee Critic / Mission Uniform & Linen (Linda Mountanos),Chevrolet,147.0,3100.0,running,0.0,112.0
1995,13,IRP,Indianapolis Raceway Park,0.686,paved track,18.0,29.0,81.0,Jerry Glanville,New England Patriots (Jerry Glanville),Ford,145.0,3050.0,running,0.0,109.0
1995,13,IRP,Indianapolis Raceway Park,0.686,paved track,19.0,3.0,16.0,"Ron Hornaday, Jr.","Papa John's Pizza (Dale Earnhardt, Inc.)",Chevrolet,144.0,3000.0,running,0.0,106.0
1995,13,IRP,Indianapolis Raceway Park,0.686,paved track,20.0,30.0,4.0,Bob Brevak,Scaffidi Mack (Bob Brevak),Ford,143.0,2475.0,running,0.0,103.0
1995,13,IRP,Indianapolis Raceway Park,0.686,paved track,21.0,32.0,34.0,Ray Daniels,Pep Boys (Larry Carnes),Chevrolet,143.0,2300.0,running,0.0,100.0
1995,13,IRP,Indianapolis Raceway Park,0.686,paved track,22.0,23.0,23.0,T.J. Clark,ASE / MTX (T.J. Clark),Ford,143.0,2700.0,running,0.0,97.0
1995,13,IRP,Indianapolis Raceway Park,0.686,paved track,23.0,34.0,26.0,Andy Brass,Mittler Brothers Machine & Tool (Mike Mittler),Ford,130.0,2100.0,running,0.0,94.0
1995,13,IRP,Indianapolis Raceway Park,0.686,paved track,24.0,13.0,25.0,Roger Mears,Budweiser (Rick Hendrick),Chevrolet,127.0,2050.0,engine,0.0,91.0
1995,13,IRP,Indianapolis Raceway Park,0.686,paved track,25.0,6.0,7.0,Geoffrey Bodine,Exide Batteries (Geoffrey Bodine),Ford,113.0,1950.0,crash,0.0,88.0
1995,13,IRP,Indianapolis Raceway Park,0.686,paved track,26.0,17.0,64.0,Michael Dokken,Dokken Racing (Wayne Dokken),Chevrolet,112.0,1850.0,crash,0.0,85.0
1995,13,IRP,Indianapolis Raceway Park,0.686,paved track,27.0,12.0,75.0,Bill Sedgwick,Spears Manufacturing (Wayne Spears),Chevrolet,97.0,2250.0,running,0.0,82.0
1995,13,IRP,Indianapolis Raceway Park,0.686,paved track,28.0,20.0,31.0,Jack Sprague,Dick's Auto Parts (Bruce Griffin),Chevrolet,91.0,2150.0,running,0.0,79.0
1995,13,IRP,Indianapolis Raceway Park,0.686,paved track,29.0,25.0,21.0,Tobey Butler,Ortho Lawn & Garden Care (Jim Venable),Ford,83.0,2100.0,engine,0.0,76.0
1995,13,IRP,Indianapolis Raceway Park,0.686,paved track,30.0,18.0,40.0,Carlos Serrano,Serrano Racing (Jeff Sinden),Chevrolet,62.0,1550.0,transmission,0.0,73.0
1995,13,IRP,Indianapolis Raceway Park,0.686,paved track,31.0,4.0,1.0,P.J. Jones,Sears DieHard (Scoop Vessels),Chevrolet,61.0,2150.0,engine,0.0,70.0
1995,13,IRP,Indianapolis Raceway Park,0.686,paved track,32.0,27.0,10.0,Steve Darne,Made For You (Alex Decuir),Chevrolet,34.0,1550.0,engine,0.0,67.0
1995,13,IRP,Indianapolis Raceway Park,0.686,paved track,33.0,8.0,38.0,Sammy Swindell,Channellock Tools (Brad Akins / Bob Sutton),Ford,20.0,2150.0,engine,0.0,64.0
1995,13,IRP,Indianapolis Raceway Park,0.686,paved track,34.0,26.0,14.0,John Kinder,Kinder Motorsports (Bill Stroppe),Ford,13.0,2150.0,engine,0.0,61.0
1995,14,Flemington,Flemington Speedway,0.625,paved track,1.0,3.0,16.0,"Ron Hornaday, Jr.","Papa John's Pizza (Dale Earnhardt, Inc.)",Chevrolet,151.0,29350.0,running,126.0,180.0
1995,14,Flemington,Flemington Speedway,0.625,paved track,2.0,5.0,6.0,Rick Carelli,Total Petroleum (Marshall Chesrown),Chevrolet,151.0,14700.0,running,25.0,170.0
1995,14,Flemington,Flemington Speedway,0.625,paved track,3.0,7.0,3.0,Mike Skinner,GM Goodwrench Service (Richard Childress),Chevrolet,151.0,7000.0,running,0.0,165.0
1995,14,Flemington,Flemington Speedway,0.625,paved track,4.0,6.0,25.0,Jack Sprague,Budweiser (Rick Hendrick),Chevrolet,151.0,4550.0,running,0.0,160.0
1995,14,Flemington,Flemington Speedway,0.625,paved track,5.0,2.0,75.0,Bill Sedgwick,Spears Manufacturing (Wayne Spears),Chevrolet,151.0,5050.0,running,0.0,155.0
1995,14,Flemington,Flemington Speedway,0.625,paved track,6.0,11.0,2.0,Mike Bliss,Ultra Custom Wheels (Jim Smith),Ford,151.0,4600.0,running,0.0,150.0
1995,14,Flemington,Flemington Speedway,0.625,paved track,7.0,1.0,84.0,Joe Ruttman,MAC Tools (Mark Simo),Ford,151.0,3675.0,running,0.0,146.0
1995,14,Flemington,Flemington Speedway,0.625,paved track,8.0,9.0,21.0,Tobey Butler,Ortho Lawn & Garden Care (Jim Venable),Ford,150.0,3850.0,running,0.0,142.0
1995,14,Flemington,Flemington Speedway,0.625,paved track,9.0,14.0,7.0,Dave Rezendes,Exide Batteries (Geoffrey Bodine),Ford,150.0,3525.0,running,0.0,138.0
1995,14,Flemington,Flemington Speedway,0.625,paved track,10.0,12.0,38.0,Sammy Swindell,Channellock Tools (Brad Akins / Bob Sutton),Ford,149.0,3650.0,running,0.0,134.0
1995,14,Flemington,Flemington Speedway,0.625,paved track,11.0,18.0,37.0,Bob Strait,Target Expediting (Jim Spicuzza),Ford,149.0,3300.0,running,0.0,130.0
1995,14,Flemington,Flemington Speedway,0.625,paved track,12.0,20.0,34.0,Bob Brevak,Scaffidi Mack (Bob Brevak),Ford,149.0,3200.0,running,0.0,127.0
1995,14,Flemington,Flemington Speedway,0.625,paved track,13.0,23.0,14.0,John Kinder,Kinder Motorsports (Bill Stroppe),Ford,149.0,3100.0,running,0.0,124.0
1995,14,Flemington,Flemington Speedway,0.625,paved track,14.0,16.0,98.0,Butch Miller,Raybestos (Jim Herrick),Ford,148.0,3000.0,running,0.0,121.0
1995,14,Flemington,Flemington Speedway,0.625,paved track,15.0,17.0,64.0,Michael Dokken,Dokken Racing (Wayne Dokken),Chevrolet,147.0,2575.0,running,0.0,118.0
1995,14,Flemington,Flemington Speedway,0.625,paved track,16.0,10.0,83.0,Steve Portenga,Coffee Critic / Mission Uniform & Linen (Linda Mountanos),Chevrolet,146.0,2800.0,running,0.0,115.0
1995,14,Flemington,Flemington Speedway,0.625,paved track,17.0,19.0,81.0,Jerry Glanville,Frickers (Jerry Glanville),Ford,146.0,2700.0,running,0.0,112.0
1995,14,Flemington,Flemington Speedway,0.625,paved track,18.0,22.0,79.0,Jimmy Dick,Universal Vans (Jimmy Dick),Chevrolet,145.0,2200.0,running,0.0,109.0
1995,14,Flemington,Flemington Speedway,0.625,paved track,19.0,24.0,0.0,Frank Davis,Teamsters International (Thee Dixon),Ford,143.0,2000.0,running,0.0,106.0
1995,14,Flemington,Flemington Speedway,0.625,paved track,20.0,15.0,87.0,John Nemechek,Delco Remy America (Joe Nemechek),Chevrolet,138.0,2475.0,running,0.0,103.0
1995,14,Flemington,Flemington Speedway,0.625,paved track,21.0,8.0,30.0,Dennis Setzer,ATS Wood Products / Active Trucking (Grier Lackey),Dodge,112.0,7200.0,crash,0.0,100.0
1995,14,Flemington,Flemington Speedway,0.625,paved track,22.0,25.0,51.0,Kerry Teague,Prohibition Does Not Work (Jim Rosenblum),Chevrolet,58.0,2100.0,crash,0.0,97.0
1995,14,Flemington,Flemington Speedway,0.625,paved track,23.0,13.0,65.0,Kenny Allen,ONSAT / TV Plus (Kenny Allen),Chevrolet,56.0,1600.0,crash,0.0,94.0
1995,14,Flemington,Flemington Speedway,0.625,paved track,24.0,21.0,1.0,Mike Chase,Sears DieHard (Scoop Vessels),Chevrolet,44.0,1500.0,suspension,0.0,91.0
1995,14,Flemington,Flemington Speedway,0.625,paved track,25.0,4.0,24.0,Scott Lagasse,DuPont Refinishes (Rick Hendrick),Chevrolet,5.0,1900.0,crash,0.0,88.0
1995,15,Richmond,Richmond International Raceway,0.75,paved track,1.0,1.0,5.0,Terry Labonte,DuPont Refinishes (Rick Hendrick),Chevrolet,150.0,27750.0,running,45.0,180.0
1995,15,Richmond,Richmond International Raceway,0.75,paved track,2.0,3.0,7.0,Geoffrey Bodine,Exide Batteries (Geoffrey Bodine),Ford,150.0,16150.0,running,97.0,170.0
1995,15,Richmond,Richmond International Raceway,0.75,paved track,3.0,7.0,3.0,Mike Skinner,GM Goodwrench Service (Richard Childress),Chevrolet,150.0,7200.0,running,0.0,165.0
1995,15,Richmond,Richmond International Raceway,0.75,paved track,4.0,2.0,84.0,Joe Ruttman,1-800-COLLECT (Mark Simo),Ford,150.0,5250.0,running,0.0,160.0
1995,15,Richmond,Richmond International Raceway,0.75,paved track,5.0,15.0,52.0,Ken Schrader,AC Delco (Ken Schrader),Chevrolet,150.0,3780.0,running,0.0,155.0
1995,15,Richmond,Richmond International Raceway,0.75,paved track,6.0,13.0,61.0,Todd Bodine,Roush Performance Products (Jack Roush),Ford,150.0,3100.0,running,0.0,150.0
1995,15,Richmond,Richmond International Raceway,0.75,paved track,7.0,14.0,32.0,Derrike Cope,Straight Arrow / Mane 'n Tail (Bobby Allison),Ford,150.0,3085.0,running,0.0,146.0
1995,15,Richmond,Richmond International Raceway,0.75,paved track,8.0,10.0,17.0,Darrell Waltrip,Western Auto (Darrell Waltrip),Chevrolet,150.0,3050.0,running,0.0,142.0
1995,15,Richmond,Richmond International Raceway,0.75,paved track,9.0,19.0,2.0,Mike Bliss,Ultra Custom Wheels (Jim Smith),Ford,150.0,3600.0,running,0.0,138.0
1995,15,Richmond,Richmond International Raceway,0.75,paved track,10.0,22.0,25.0,Jack Sprague,Budweiser (Rick Hendrick),Chevrolet,150.0,3650.0,running,0.0,134.0
1995,15,Richmond,Richmond International Raceway,0.75,paved track,11.0,5.0,18.0,"Johnny Benson, Jr.",Precision Gear (Kurt Roehrig),Chevrolet,150.0,2900.0,running,0.0,130.0
1995,15,Richmond,Richmond International Raceway,0.75,paved track,12.0,20.0,6.0,Rick Carelli,Total Petroleum (Marshall Chesrown),Chevrolet,150.0,3350.0,running,0.0,127.0
1995,15,Richmond,Richmond International Raceway,0.75,paved track,13.0,12.0,0.0,Hermie Sadler,DeWalt Tools (Bell Sadler),Chevrolet,150.0,2800.0,running,0.0,124.0
1995,15,Richmond,Richmond International Raceway,0.75,paved track,14.0,11.0,83.0,Steve Portenga,Coffee Critic (Linda Mountanos),Chevrolet,150.0,3250.0,running,0.0,121.0
1995,15,Richmond,Richmond International Raceway,0.75,paved track,15.0,4.0,16.0,"Ron Hornaday, Jr.","Papa John's Pizza (Dale Earnhardt, Inc.)",Chevrolet,150.0,3375.0,running,8.0,118.0
1995,15,Richmond,Richmond International Raceway,0.75,paved track,16.0,8.0,43.0,Rodney Combs,Snapper Power Equipment (Petty Enterprises),Chevrolet,149.0,2625.0,running,0.0,115.0
1995,15,Richmond,Richmond International Raceway,0.75,paved track,17.0,18.0,38.0,Sammy Swindell,Channellock Tools (Brad Akins / Bob Sutton),Ford,149.0,3100.0,running,0.0,112.0
1995,15,Richmond,Richmond International Raceway,0.75,paved track,18.0,6.0,5.0,"Rodney Combs, Jr.",Comfrey Corners Store (Susan Combs),Chevrolet,149.0,2525.0,running,0.0,109.0
1995,15,Richmond,Richmond International Raceway,0.75,paved track,19.0,21.0,87.0,John Nemechek,Delco Remy America (Joe Nemechek),Chevrolet,149.0,3000.0,running,0.0,106.0
1995,15,Richmond,Richmond International Raceway,0.75,paved track,20.0,28.0,21.0,Tobey Butler,Ortho Lawn & Garden Care (Jim Venable),Ford,149.0,3000.0,running,0.0,103.0
1995,15,Richmond,Richmond International Raceway,0.75,paved track,21.0,33.0,37.0,Bob Strait,Target Expediting (Jim Spicuzza),Ford,149.0,2800.0,running,0.0,100.0
1995,15,Richmond,Richmond International Raceway,0.75,paved track,22.0,32.0,81.0,Jerry Glanville,Fox Sports (Jerry Glanville),Ford,149.0,2700.0,running,0.0,97.0
1995,15,Richmond,Richmond International Raceway,0.75,paved track,23.0,38.0,34.0,Bob Brevak,Scaffidi Mack (Bob Brevak),Ford,149.0,2100.0,running,0.0,94.0
1995,15,Richmond,Richmond International Raceway,0.75,paved track,24.0,27.0,89.0,Bugs Hairfield,Wise Potato Chips (John Redding),Chevrolet,149.0,2500.0,running,0.0,91.0
1995,15,Richmond,Richmond International Raceway,0.75,paved track,25.0,29.0,22.0,Todd Massey,BC Racing (Walter Lane),Chevrolet,148.0,1900.0,running,0.0,88.0
1995,15,Richmond,Richmond International Raceway,0.75,paved track,26.0,30.0,65.0,Kenny Allen,ONSAT / TV Plus (Kenny Allen),Chevrolet,148.0,1800.0,running,0.0,85.0
1995,15,Richmond,Richmond International Raceway,0.75,paved track,27.0,31.0,3.0,Tommy Archer,All American Race Car Museum (Tommy Archer),Ford,147.0,1700.0,running,0.0,82.0
1995,15,Richmond,Richmond International Raceway,0.75,paved track,28.0,25.0,1.0,Mike Chase,Sears DieHard (Scoop Vessels),Chevrolet,145.0,1600.0,running,0.0,79.0
1995,15,Richmond,Richmond International Raceway,0.75,paved track,29.0,34.0,29.0,Bob Keselowski,Winnebago (Ron Keselowski),Dodge,142.0,2000.0,rear end,0.0,76.0
1995,15,Richmond,Richmond International Raceway,0.75,paved track,30.0,37.0,23.0,T.J. Clark,ASE / American Racing Wheels (T.J. Clark),Ford,126.0,1900.0,running,0.0,73.0
1995,15,Richmond,Richmond International Raceway,0.75,paved track,31.0,16.0,77.0,Gary St. Amant,MOMO Wheels (Kevin Doran),Chevrolet,125.0,1400.0,brakes,0.0,70.0
1995,15,Richmond,Richmond International Raceway,0.75,paved track,32.0,26.0,11.0,Chad Little,Itco Tires (Mike Hurlbert),Ford,125.0,1400.0,transmission,0.0,67.0
1995,15,Richmond,Richmond International Raceway,0.75,paved track,33.0,9.0,75.0,Bill Sedgwick,Spears Manufacturing (Wayne Spears),Chevrolet,111.0,1900.0,radiator,0.0,64.0
1995,15,Richmond,Richmond International Raceway,0.75,paved track,34.0,17.0,30.0,Dennis Setzer,Taylor Togs (Grier Lackey),Dodge,111.0,1400.0,engine,0.0,61.0
1995,15,Richmond,Richmond International Raceway,0.75,paved track,35.0,23.0,98.0,Butch Miller,Raybestos (Jim Herrick),Ford,84.0,1900.0,crash,0.0,58.0
1995,15,Richmond,Richmond International Raceway,0.75,paved track,36.0,24.0,24.0,Scott Lagasse,DuPont Refinishes (Rick Hendrick),Chevrolet,83.0,1900.0,crash,0.0,55.0
1995,15,Richmond,Richmond International Raceway,0.75,paved track,37.0,35.0,20.0,Walker Evans,Barbary Coast (Walker Evans),Dodge,83.0,1900.0,crash,0.0,52.0
1995,15,Richmond,Richmond International Raceway,0.75,paved track,38.0,36.0,14.0,John Kinder,Kinder Motorsports (Bill Stroppe),Ford,35.0,1900.0,engine,0.0,49.0
1995,16,Martinsville,Martinsville Speedway,0.526,paved track,1.0,2.0,84.0,Joe Ruttman,1-800-COLLECT (Mark Simo),Ford,150.0,29850.0,running,2.0,180.0
1995,16,Martinsville,Martinsville Speedway,0.526,paved track,2.0,1.0,3.0,Mike Skinner,GM Goodwrench Service (Richard Childress),Chevrolet,150.0,14350.0,running,134.0,170.0
1995,16,Martinsville,Martinsville Speedway,0.526,paved track,3.0,22.0,18.0,"Johnny Benson, Jr.",PFC / Precision Gear (Kurt Roehrig),Chevrolet,150.0,9250.0,running,0.0,165.0
1995,16,Martinsville,Martinsville Speedway,0.526,paved track,4.0,36.0,90.0,Kenny Wallace,Red Dog (Earl Barban),Ford,150.0,4350.0,running,0.0,160.0
1995,16,Martinsville,Martinsville Speedway,0.526,paved track,5.0,35.0,0.0,Hermie Sadler,DeWalt Tools (Bell Sadler),Chevrolet,150.0,4000.0,running,0.0,155.0
1995,16,Martinsville,Martinsville Speedway,0.526,paved track,6.0,26.0,61.0,Todd Bodine,Roush Performance Products (Jack Roush),Ford,150.0,3100.0,running,0.0,150.0
1995,16,Martinsville,Martinsville Speedway,0.526,paved track,7.0,8.0,2.0,Mike Bliss,Ultra Custom Wheels (Jim Smith),Ford,150.0,4075.0,running,0.0,146.0
1995,16,Martinsville,Martinsville Speedway,0.526,paved track,8.0,7.0,75.0,Bill Sedgwick,Spears Manufacturing (Wayne Spears),Chevrolet,150.0,3550.0,running,0.0,142.0
1995,16,Martinsville,Martinsville Speedway,0.526,paved track,9.0,16.0,87.0,John Nemechek,Delco Remy America (Joe Nemechek),Chevrolet,150.0,3600.0,running,0.0,138.0
1995,16,Martinsville,Martinsville Speedway,0.526,paved track,10.0,14.0,29.0,Bob Keselowski,Winnebago (Ron Keselowski),Dodge,150.0,3700.0,running,0.0,134.0
1995,16,Martinsville,Martinsville Speedway,0.526,paved track,11.0,13.0,83.0,Steve Portenga,Coffee Critic (Linda Mountanos),Chevrolet,150.0,3400.0,running,0.0,130.0
1995,16,Martinsville,Martinsville Speedway,0.526,paved track,12.0,18.0,23.0,T.J. Clark,ASE (T.J. Clark),Ford,150.0,3350.0,running,0.0,127.0
1995,16,Martinsville,Martinsville Speedway,0.526,paved track,13.0,3.0,16.0,"Ron Hornaday, Jr.","Papa John's Pizza (Dale Earnhardt, Inc.)",Chevrolet,150.0,3300.0,running,0.0,124.0
1995,16,Martinsville,Martinsville Speedway,0.526,paved track,14.0,25.0,43.0,Rodney Combs,Snapper Power Equipment (Petty Enterprises),Chevrolet,149.0,2750.0,running,0.0,121.0
1995,16,Martinsville,Martinsville Speedway,0.526,paved track,15.0,17.0,7.0,Geoffrey Bodine,Exide Batteries (Geoffrey Bodine),Ford,149.0,3375.0,running,14.0,118.0
1995,16,Martinsville,Martinsville Speedway,0.526,paved track,16.0,11.0,24.0,Scott Lagasse,DuPont Refinishes (Rick Hendrick),Chevrolet,149.0,3175.0,running,0.0,115.0
1995,16,Martinsville,Martinsville Speedway,0.526,paved track,17.0,19.0,34.0,Bob Brevak,Scaffidi Mack (Bob Brevak),Ford,148.0,2600.0,running,0.0,112.0
1995,16,Martinsville,Martinsville Speedway,0.526,paved track,18.0,32.0,1.0,Mike Chase,Sears DieHard (Scoop Vessels),Chevrolet,148.0,2550.0,running,0.0,109.0
1995,16,Martinsville,Martinsville Speedway,0.526,paved track,19.0,30.0,54.0,Steve McEachern,CD Flickers (Steve McEachern),Chevrolet,147.0,2500.0,running,0.0,106.0
1995,16,Martinsville,Martinsville Speedway,0.526,paved track,20.0,6.0,25.0,Jack Sprague,Budweiser (Rick Hendrick),Chevrolet,147.0,2950.0,running,0.0,103.0
1995,16,Martinsville,Martinsville Speedway,0.526,paved track,21.0,24.0,64.0,Michael Dokken,Clearwater Linen & Uniform (Wayne Dokken),Chevrolet,147.0,2350.0,running,0.0,100.0
1995,16,Martinsville,Martinsville Speedway,0.526,paved track,22.0,29.0,22.0,Todd Massey,Cone Racing (Walter Lane),Chevrolet,147.0,2200.0,running,0.0,97.0
1995,16,Martinsville,Martinsville Speedway,0.526,paved track,23.0,33.0,0.0,Frank Davis,Plemmons RV (Thee Dixon),Ford,141.0,2100.0,running,0.0,94.0
1995,16,Martinsville,Martinsville Speedway,0.526,paved track,24.0,20.0,65.0,Kenny Allen,ONSAT / TV Plus (Kenny Allen),Chevrolet,139.0,2000.0,running,0.0,91.0
1995,16,Martinsville,Martinsville Speedway,0.526,paved track,25.0,4.0,98.0,Butch Miller,Raybestos (Jim Herrick),Ford,106.0,2400.0,rear end,0.0,88.0
1995,16,Martinsville,Martinsville Speedway,0.526,paved track,26.0,21.0,89.0,Dennis Setzer,Taco Bell (John Redding),Chevrolet,90.0,1800.0,engine,0.0,85.0
1995,16,Martinsville,Martinsville Speedway,0.526,paved track,27.0,34.0,26.0,Tony Roper,Mittler Brothers Machine & Tool (Mike Mittler),Ford,81.0,1700.0,rear end,0.0,82.0
1995,16,Martinsville,Martinsville Speedway,0.526,paved track,28.0,9.0,37.0,Bob Strait,Target Expediting (Jim Spicuzza),Ford,75.0,1950.0,handling,0.0,79.0
1995,16,Martinsville,Martinsville Speedway,0.526,paved track,29.0,5.0,6.0,Rick Carelli,Total Petroleum (Marshall Chesrown),Chevrolet,72.0,1950.0,crash,0.0,76.0
1995,16,Martinsville,Martinsville Speedway,0.526,paved track,30.0,28.0,7.0,Barry Bodine,Tanya Tucker's Salsa (Geoffrey Bodine),Ford,70.0,1450.0,crash,0.0,73.0
1995,16,Martinsville,Martinsville Speedway,0.526,paved track,31.0,27.0,5.0,"Rodney Combs, Jr.",Comfrey Corners Store (Susan Combs),Chevrolet,50.0,1450.0,engine,0.0,70.0
1995,16,Martinsville,Martinsville Speedway,0.526,paved track,32.0,23.0,52.0,Ken Schrader,AC Delco (Ken Schrader),Chevrolet,39.0,1450.0,crash,0.0,67.0
1995,16,Martinsville,Martinsville Speedway,0.526,paved track,33.0,10.0,21.0,Tobey Butler,Ortho Lawn & Garden Care (Jim Venable),Ford,38.0,1450.0,crash,0.0,64.0
1995,16,Martinsville,Martinsville Speedway,0.526,paved track,34.0,15.0,20.0,Walker Evans,Barbary Coast (Walker Evans),Dodge,29.0,1950.0,engine,0.0,61.0
1995,16,Martinsville,Martinsville Speedway,0.526,paved track,35.0,31.0,17.0,Darrell Waltrip,Western Auto (Darrell Waltrip),Chevrolet,14.0,1450.0,crash,0.0,58.0
1995,16,Martinsville,Martinsville Speedway,0.526,paved track,36.0,12.0,38.0,Sammy Swindell,Channellock Tools (Brad Akins / Bob Sutton),Ford,13.0,1950.0,rear end,0.0,55.0
1995,17,North Wilkesboro,North Wilkesboro Speedway,0.625,paved track,1.0,13.0,2.0,Mike Bliss,Ultra Custom Wheels (Jim Smith),Ford,150.0,31250.0,running,21.0,180.0
1995,17,North Wilkesboro,North Wilkesboro Speedway,0.625,paved track,2.0,4.0,98.0,Butch Miller,Raybestos (Jim Herrick),Ford,150.0,13400.0,running,0.0,170.0
1995,17,North Wilkesboro,North Wilkesboro Speedway,0.625,paved track,3.0,7.0,7.0,Geoffrey Bodine,Exide Batteries (Geoffrey Bodine),Ford,150.0,9850.0,running,56.0,165.0
1995,17,North Wilkesboro,North Wilkesboro Speedway,0.625,paved track,4.0,6.0,25.0,Jack Sprague,Budweiser (Rick Hendrick),Chevrolet,150.0,4600.0,running,42.0,160.0
1995,17,North Wilkesboro,North Wilkesboro Speedway,0.625,paved track,5.0,11.0,16.0,"Ron Hornaday, Jr.","Papa John's Pizza (Dale Earnhardt, Inc.)",Chevrolet,150.0,4700.0,running,0.0,155.0
1995,17,North Wilkesboro,North Wilkesboro Speedway,0.625,paved track,6.0,17.0,84.0,Joe Ruttman,1-800-COLLECT (Mark Simo),Ford,150.0,3600.0,running,0.0,150.0
1995,17,North Wilkesboro,North Wilkesboro Speedway,0.625,paved track,7.0,9.0,61.0,Todd Bodine,Roush Performance Products (Jack Roush),Ford,150.0,3175.0,running,0.0,146.0
1995,17,North Wilkesboro,North Wilkesboro Speedway,0.625,paved track,8.0,8.0,90.0,Kenny Wallace,Red Dog (Earl Barban),Ford,150.0,3050.0,running,2.0,142.0
1995,17,North Wilkesboro,North Wilkesboro Speedway,0.625,paved track,9.0,14.0,24.0,Scott Lagasse,DuPont Refinishes (Rick Hendrick),Chevrolet,150.0,3600.0,running,0.0,138.0
1995,17,North Wilkesboro,North Wilkesboro Speedway,0.625,paved track,10.0,1.0,3.0,Mike Skinner,GM Goodwrench Service (Richard Childress),Chevrolet,150.0,3700.0,running,5.0,134.0
1995,17,North Wilkesboro,North Wilkesboro Speedway,0.625,paved track,11.0,23.0,43.0,Rodney Combs,Snapper Power Equipment (Petty Enterprises),Chevrolet,149.0,2900.0,running,0.0,130.0
1995,17,North Wilkesboro,North Wilkesboro Speedway,0.625,paved track,12.0,18.0,6.0,Rick Carelli,Total Petroleum (Marshall Chesrown),Chevrolet,149.0,3350.0,running,0.0,127.0
1995,17,North Wilkesboro,North Wilkesboro Speedway,0.625,paved track,13.0,30.0,83.0,Steve Portenga,Coffee Critic / Mission Uniform & Linen (Linda Mountanos),Chevrolet,149.0,3300.0,running,0.0,124.0
1995,17,North Wilkesboro,North Wilkesboro Speedway,0.625,paved track,14.0,5.0,52.0,Ken Schrader,AC Delco (Ken Schrader),Chevrolet,149.0,3250.0,running,0.0,121.0
1995,17,North Wilkesboro,North Wilkesboro Speedway,0.625,paved track,15.0,19.0,21.0,Tobey Butler,Ortho Lawn & Garden Care (Jim Venable),Ford,149.0,3375.0,running,0.0,118.0
1995,17,North Wilkesboro,North Wilkesboro Speedway,0.625,paved track,16.0,16.0,89.0,Dennis Setzer,Taco Bell (John Redding),Chevrolet,149.0,3150.0,running,0.0,115.0
1995,17,North Wilkesboro,North Wilkesboro Speedway,0.625,paved track,17.0,26.0,64.0,Michael Dokken,Clearwater Linen & Uniform (Wayne Dokken),Chevrolet,149.0,2600.0,running,0.0,112.0
1995,17,North Wilkesboro,North Wilkesboro Speedway,0.625,paved track,18.0,12.0,30.0,Jimmy Hensley,Taylor Togs (Grier Lackey),Dodge,149.0,2550.0,running,0.0,109.0
1995,17,North Wilkesboro,North Wilkesboro Speedway,0.625,paved track,19.0,10.0,1.0,Mike Chase,Sears DieHard (Scoop Vessels),Chevrolet,149.0,2500.0,running,0.0,106.0
1995,17,North Wilkesboro,North Wilkesboro Speedway,0.625,paved track,20.0,31.0,29.0,Bob Keselowski,Winnebago (Ron Keselowski),Dodge,148.0,3000.0,running,0.0,103.0
1995,17,North Wilkesboro,North Wilkesboro Speedway,0.625,paved track,21.0,3.0,17.0,Darrell Waltrip,Western Auto (Darrell Waltrip),Chevrolet,148.0,2300.0,running,0.0,100.0
1995,17,North Wilkesboro,North Wilkesboro Speedway,0.625,paved track,22.0,21.0,87.0,John Nemechek,Delco Remy America (Joe Nemechek),Chevrolet,148.0,2700.0,running,0.0,97.0
1995,17,North Wilkesboro,North Wilkesboro Speedway,0.625,paved track,23.0,15.0,5.0,"Rodney Combs, Jr.",Comfrey Corners Store (Susan Combs),Chevrolet,147.0,2100.0,running,0.0,94.0
1995,17,North Wilkesboro,North Wilkesboro Speedway,0.625,paved track,24.0,27.0,38.0,Sammy Swindell,Channellock Tools (Brad Akins / Bob Sutton),Ford,146.0,2500.0,running,0.0,91.0
1995,17,North Wilkesboro,North Wilkesboro Speedway,0.625,paved track,25.0,20.0,75.0,Bill Sedgwick,Spears Manufacturing (Wayne Spears),Chevrolet,146.0,2400.0,running,0.0,88.0
1995,17,North Wilkesboro,North Wilkesboro Speedway,0.625,paved track,26.0,22.0,68.0,Ernest Winslow,Winslow Farms (Ernest Winslow),Chevrolet,145.0,1800.0,running,0.0,85.0
1995,17,North Wilkesboro,North Wilkesboro Speedway,0.625,paved track,27.0,24.0,78.0,Dirk Stephens,SME / Borla Exhausts (Steven Sellers),Ford,145.0,1700.0,running,0.0,82.0
1995,17,North Wilkesboro,North Wilkesboro Speedway,0.625,paved track,28.0,32.0,20.0,Walker Evans,Barbary Coast (Walker Evans),Dodge,129.0,1950.0,running,0.0,79.0
1995,17,North Wilkesboro,North Wilkesboro Speedway,0.625,paved track,29.0,25.0,26.0,Mike Wallace,Mittler Brothers Machine & Tool (Mike Mittler),Ford,104.0,1450.0,engine,0.0,76.0
1995,17,North Wilkesboro,North Wilkesboro Speedway,0.625,paved track,30.0,2.0,28.0,Ernie Irvan,NAPA / United Brake Systems (Mark Simo),Ford,76.0,1450.0,suspension,24.0,73.0
1995,17,North Wilkesboro,North Wilkesboro Speedway,0.625,paved track,31.0,28.0,1.0,Gary Lloyd,Dixon Racing (Thee Dixon),Ford,42.0,1450.0,suspension,0.0,70.0
1995,17,North Wilkesboro,North Wilkesboro Speedway,0.625,paved track,32.0,29.0,37.0,Bob Strait,Target Expediting (Jim Spicuzza),Ford,33.0,1900.0,ignition,0.0,67.0
1995,18,Sonoma,Sears Point Raceway,2.52,road course,1.0,1.0,16.0,"Ron Hornaday, Jr.","Papa John's Pizza (Dale Earnhardt, Inc.)",Chevrolet,40.0,31700.0,running,40.0,180.0
1995,18,Sonoma,Sears Point Raceway,2.52,road course,2.0,3.0,18.0,"Wally Dallenbach, Jr.",Precision Gear / Carbon Metallic Disc Brakes (Kurt Roehrig),Chevrolet,40.0,17050.0,running,0.0,170.0
1995,18,Sonoma,Sears Point Raceway,2.52,road course,3.0,2.0,3.0,Mike Skinner,GM Goodwrench Service (Richard Childress),Chevrolet,40.0,8500.0,running,0.0,165.0
1995,18,Sonoma,Sears Point Raceway,2.52,road course,4.0,4.0,24.0,Scott Lagasse,DuPont Refinishes (Rick Hendrick),Chevrolet,40.0,5400.0,running,0.0,160.0
1995,18,Sonoma,Sears Point Raceway,2.52,road course,5.0,9.0,21.0,Tobey Butler,Ortho Lawn & Garden Care (Jim Venable),Ford,40.0,4350.0,running,0.0,155.0
1995,18,Sonoma,Sears Point Raceway,2.52,road course,6.0,7.0,75.0,Bill Sedgwick,Spears Manufacturing (Wayne Spears),Chevrolet,40.0,3400.0,running,0.0,150.0
1995,18,Sonoma,Sears Point Raceway,2.52,road course,7.0,12.0,98.0,Butch Miller,Raybestos / Ford Credit (Jim Herrick),Ford,40.0,3450.0,running,0.0,146.0
1995,18,Sonoma,Sears Point Raceway,2.52,road course,8.0,14.0,2.0,Mike Bliss,Ultra Custom Wheels / ASE (Jim Smith),Ford,40.0,3300.0,running,0.0,142.0
1995,18,Sonoma,Sears Point Raceway,2.52,road course,9.0,5.0,7.0,Dave Rezendes,Exide Batteries (Geoffrey Bodine),Ford,40.0,3350.0,running,0.0,138.0
1995,18,Sonoma,Sears Point Raceway,2.52,road course,10.0,16.0,38.0,Sammy Swindell,Channellock Tools (Brad Akins / Bob Sutton),Ford,40.0,3450.0,running,0.0,134.0
1995,18,Sonoma,Sears Point Raceway,2.52,road course,11.0,13.0,25.0,Jack Sprague,Budweiser (Rick Hendrick),Chevrolet,40.0,3150.0,running,0.0,130.0
1995,18,Sonoma,Sears Point Raceway,2.52,road course,12.0,8.0,84.0,Joe Ruttman,1-800-COLLECT (Mark Simo),Ford,40.0,3100.0,running,0.0,127.0
1995,18,Sonoma,Sears Point Raceway,2.52,road course,13.0,10.0,20.0,Walker Evans,Barbary Coast (Walker Evans),Dodge,40.0,3050.0,running,0.0,124.0
1995,18,Sonoma,Sears Point Raceway,2.52,road course,14.0,20.0,23.0,T.J. Clark,ASE / MTX / SnugTop (T.J. Clark),Ford,40.0,3000.0,running,0.0,121.0
1995,18,Sonoma,Sears Point Raceway,2.52,road course,15.0,11.0,6.0,Rick Carelli,Total Petroleum (Marshall Chesrown),Chevrolet,40.0,3125.0,running,0.0,118.0
1995,18,Sonoma,Sears Point Raceway,2.52,road course,16.0,6.0,83.0,Steve Portenga,Coffee Critic / Mission Uniform & Linen (Linda Mountanos),Chevrolet,39.0,2900.0,running,0.0,115.0
1995,18,Sonoma,Sears Point Raceway,2.52,road course,17.0,19.0,65.0,Kenny Allen,ONSAT / TV Plus (Kenny Allen),Chevrolet,38.0,2800.0,crash,0.0,112.0
1995,18,Sonoma,Sears Point Raceway,2.52,road course,18.0,21.0,58.0,Wayne Jacks,Imperial Palace (Wayne Jacks),Chevrolet,32.0,2200.0,suspension,0.0,109.0
1995,18,Sonoma,Sears Point Raceway,2.52,road course,19.0,15.0,1.0,Mike Chase,Sears DieHard (Scoop Vessels),Chevrolet,24.0,2100.0,suspension,0.0,106.0
1995,18,Sonoma,Sears Point Raceway,2.52,road course,20.0,18.0,34.0,Ray Daniels,Carnes Racing (Larry Carnes),Chevrolet,15.0,2075.0,crash,0.0,103.0
1995,18,Sonoma,Sears Point Raceway,2.52,road course,21.0,23.0,11.0,Mike Hurlbert,Bud Light (Mike Hurlbert),Ford,10.0,1950.0,engine,0.0,100.0
1995,18,Sonoma,Sears Point Raceway,2.52,road course,22.0,22.0,70.0,G.T. Tallas,Hot Wheels (G.T. Tallas),Chevrolet,4.0,1850.0,engine,0.0,97.0
1995,18,Sonoma,Sears Point Raceway,2.52,road course,23.0,24.0,12.0,Bob Strait,Ultra Custom Wheels (Jim Smith),Ford,3.0,1750.0,handling,0.0,94.0
1995,18,Sonoma,Sears Point Raceway,2.52,road course,24.0,25.0,4.0,Boris Said,1-800-COLLECT (Mark Simo),Ford,2.0,1650.0,overheating,0.0,91.0
1995,18,Sonoma,Sears Point Raceway,2.52,road course,25.0,17.0,31.0,Bill Cooper,GM Goodwrench Service (Richard Childress),Chevrolet,1.0,1600.0,handling,0.0,88.0
1995,18,Sonoma,Sears Point Raceway,2.52,road course,26.0,26.0,76.0,Dennis Dyer,"Papa John's Pizza (Dale Earnhardt, Inc.)",Chevrolet,0.0,1550.0,handling,0.0,85.0
1995,19,Mesa Marin,Mesa Marin Raceway,0.5,paved track,1.0,10.0,3.0,Mike Skinner,GM Goodwrench Service (Richard Childress),Chevrolet,200.0,24050.0,running,17.0,180.0
1995,19,Mesa Marin,Mesa Marin Raceway,0.5,paved track,2.0,5.0,2.0,Mike Bliss,Ultra Custom Wheels (Jim Smith),Ford,200.0,20000.0,running,0.0,170.0
1995,19,Mesa Marin,Mesa Marin Raceway,0.5,paved track,3.0,22.0,28.0,Ernie Irvan,NAPA / United Brake Systems (Mark Simo),Ford,200.0,9050.0,running,15.0,165.0
1995,19,Mesa Marin,Mesa Marin Raceway,0.5,paved track,4.0,19.0,25.0,Jack Sprague,Budweiser (Rick Hendrick),Chevrolet,200.0,5850.0,running,0.0,160.0
1995,19,Mesa Marin,Mesa Marin Raceway,0.5,paved track,5.0,6.0,84.0,Joe Ruttman,1-800-COLLECT (Mark Simo),Ford,200.0,4800.0,running,0.0,155.0
1995,19,Mesa Marin,Mesa Marin Raceway,0.5,paved track,6.0,12.0,98.0,Butch Miller,Raybestos (Jim Herrick),Ford,200.0,3650.0,running,0.0,150.0
1995,19,Mesa Marin,Mesa Marin Raceway,0.5,paved track,7.0,16.0,24.0,Scott Lagasse,DuPont Refinishes (Rick Hendrick),Chevrolet,200.0,3675.0,running,0.0,146.0
1995,19,Mesa Marin,Mesa Marin Raceway,0.5,paved track,8.0,2.0,61.0,Todd Bodine,Roush Performance Products (Jack Roush),Ford,200.0,3050.0,running,1.0,142.0
1995,19,Mesa Marin,Mesa Marin Raceway,0.5,paved track,9.0,1.0,75.0,Bill Sedgwick,Spears Manufacturing (Wayne Spears),Chevrolet,199.0,4125.0,running,59.0,138.0
1995,19,Mesa Marin,Mesa Marin Raceway,0.5,paved track,10.0,11.0,18.0,"Johnny Benson, Jr.",Precision Gear (Kurt Roehrig),Chevrolet,199.0,3200.0,running,0.0,134.0
1995,19,Mesa Marin,Mesa Marin Raceway,0.5,paved track,11.0,9.0,6.0,Rick Carelli,Total Petroleum (Marshall Chesrown),Chevrolet,199.0,3350.0,running,0.0,130.0
1995,19,Mesa Marin,Mesa Marin Raceway,0.5,paved track,12.0,25.0,4.0,Bob Brevak,Scaffidi Mack (Bob Brevak),Ford,199.0,3250.0,running,0.0,127.0
1995,19,Mesa Marin,Mesa Marin Raceway,0.5,paved track,13.0,23.0,21.0,Tobey Butler,Ortho Lawn & Garden Care (Jim Venable),Ford,199.0,3150.0,running,0.0,124.0
1995,19,Mesa Marin,Mesa Marin Raceway,0.5,paved track,14.0,28.0,58.0,Wayne Jacks,Las Vegas Motor Speedway (Wayne Jacks),Chevrolet,198.0,2550.0,running,0.0,121.0
1995,19,Mesa Marin,Mesa Marin Raceway,0.5,paved track,15.0,8.0,16.0,"Ron Hornaday, Jr.","Papa John's Pizza (Dale Earnhardt, Inc.)",Chevrolet,198.0,4455.0,running,108.0,118.0
1995,19,Mesa Marin,Mesa Marin Raceway,0.5,paved track,16.0,34.0,34.0,Ray Daniels,Carnes Racing (Larry Carnes),Chevrolet,198.0,2350.0,running,0.0,115.0
1995,19,Mesa Marin,Mesa Marin Raceway,0.5,paved track,17.0,33.0,65.0,Kenny Allen,ONSAT / TV Plus (Kenny Allen),Chevrolet,197.0,2750.0,running,0.0,112.0
1995,19,Mesa Marin,Mesa Marin Raceway,0.5,paved track,18.0,32.0,23.0,T.J. Clark,ASE / Snug Top (T.J. Clark),Ford,197.0,2650.0,running,0.0,109.0
1995,19,Mesa Marin,Mesa Marin Raceway,0.5,paved track,19.0,29.0,40.0,Carlos Serrano,AMS / Crane (Jeff Sinden),Chevrolet,196.0,2050.0,running,0.0,106.0
1995,19,Mesa Marin,Mesa Marin Raceway,0.5,paved track,20.0,18.0,63.0,Ron Esau,Mega Power / MDA (Wilbur Bunce),Chevrolet,195.0,1950.0,running,0.0,103.0
1995,19,Mesa Marin,Mesa Marin Raceway,0.5,paved track,21.0,35.0,11.0,Mike Hurlbert,Bud Light (Mike Hurlbert),Ford,194.0,2350.0,running,0.0,100.0
1995,19,Mesa Marin,Mesa Marin Raceway,0.5,paved track,22.0,30.0,79.0,Jimmy Dick,J.D. Auto (Jimmy Dick),Chevrolet,192.0,1750.0,running,0.0,97.0
1995,19,Mesa Marin,Mesa Marin Raceway,0.5,paved track,23.0,31.0,20.0,Walker Evans,Barbary Coast (Walker Evans),Dodge,191.0,2150.0,overheating,0.0,94.0
1995,19,Mesa Marin,Mesa Marin Raceway,0.5,paved track,24.0,14.0,83.0,Steve Portenga,Coffee Critic / Mission Uniform & Linen (Linda Mountanos),Chevrolet,190.0,2050.0,running,0.0,91.0
1995,19,Mesa Marin,Mesa Marin Raceway,0.5,paved track,25.0,21.0,1.0,Rick Johnson,ASE / Ultra Custom Wheels (Scoop Vessels),Chevrolet,184.0,1525.0,running,0.0,88.0
1995,19,Mesa Marin,Mesa Marin Raceway,0.5,paved track,26.0,7.0,7.0,Geoffrey Bodine,Exide Batteries (Geoffrey Bodine),Ford,180.0,1975.0,brakes,0.0,85.0
1995,19,Mesa Marin,Mesa Marin Raceway,0.5,paved track,27.0,27.0,72.0,Kevin Harvick,Hall Ambulance / Baja Grill (Mike Harvick),Chevrolet,176.0,1450.0,running,0.0,82.0
1995,19,Mesa Marin,Mesa Marin Raceway,0.5,paved track,28.0,15.0,1.0,Mike Chase,Sears DieHard (Scoop Vessels),Chevrolet,159.0,1900.0,running,0.0,79.0
1995,19,Mesa Marin,Mesa Marin Raceway,0.5,paved track,29.0,17.0,5.0,Roger Mears,Budweiser (Rick Hendrick),Chevrolet,158.0,1400.0,running,0.0,76.0
1995,19,Mesa Marin,Mesa Marin Raceway,0.5,paved track,30.0,24.0,87.0,John Nemechek,Delco Remy America (Joe Nemechek),Chevrolet,117.0,1900.0,running,0.0,73.0
1995,19,Mesa Marin,Mesa Marin Raceway,0.5,paved track,31.0,26.0,14.0,John Kinder,Kinder Motorsports (Bill Stroppe),Ford,83.0,1900.0,overheating,0.0,70.0
1995,19,Mesa Marin,Mesa Marin Raceway,0.5,paved track,32.0,13.0,38.0,Sammy Swindell,Channellock Tools (Brad Akins / Bob Sutton),Ford,70.0,1900.0,engine,0.0,67.0
1995,19,Mesa Marin,Mesa Marin Raceway,0.5,paved track,33.0,3.0,64.0,Michael Dokken,Clearwater Linen & Uniform (Wayne Dokken),Chevrolet,68.0,1400.0,rear end,0.0,64.0
1995,19,Mesa Marin,Mesa Marin Raceway,0.5,paved track,34.0,36.0,70.0,G.T. Tallas,Hot Wheels (G.T. Tallas),Chevrolet,66.0,1400.0,overheating,0.0,61.0
1995,19,Mesa Marin,Mesa Marin Raceway,0.5,paved track,35.0,4.0,52.0,Ken Schrader,AC Delco (Ken Schrader),Chevrolet,48.0,1400.0,engine,0.0,58.0
1995,19,Mesa Marin,Mesa Marin Raceway,0.5,paved track,36.0,20.0,10.0,Garrett Evans,Made For You (Alex Decuir),Chevrolet,29.0,1400.0,overheating,0.0,55.0
1995,20,Phoenix,Phoenix International Raceway,1.0,paved track,1.0,3.0,3.0,Mike Skinner,GM Goodwrench Service (Richard Childress),Chevrolet,124.0,26650.0,running,89.0,180.0
1995,20,Phoenix,Phoenix International Raceway,1.0,paved track,2.0,5.0,28.0,Ernie Irvan,NAPA / United Brake Systems (Mark Simo),Ford,124.0,18950.0,running,25.0,170.0
1995,20,Phoenix,Phoenix International Raceway,1.0,paved track,3.0,7.0,7.0,Geoffrey Bodine,Exide Batteries (Geoffrey Bodine),Ford,124.0,11650.0,running,0.0,165.0
1995,20,Phoenix,Phoenix International Raceway,1.0,paved track,4.0,4.0,61.0,Ted Musgrave,Roush Performance Products (Jack Roush),Ford,124.0,4500.0,running,0.0,160.0
1995,20,Phoenix,Phoenix International Raceway,1.0,paved track,5.0,22.0,16.0,"Ron Hornaday, Jr.","Papa John's Pizza (Dale Earnhardt, Inc.)",Chevrolet,124.0,5500.0,running,0.0,155.0
1995,20,Phoenix,Phoenix International Raceway,1.0,paved track,6.0,1.0,25.0,Jack Sprague,Budweiser (Rick Hendrick),Chevrolet,124.0,3700.0,running,10.0,150.0
1995,20,Phoenix,Phoenix International Raceway,1.0,paved track,7.0,10.0,31.0,Dave Marcis,GM Goodwrench Service (Richard Childress),Chevrolet,124.0,3200.0,running,0.0,146.0
1995,20,Phoenix,Phoenix International Raceway,1.0,paved track,8.0,12.0,84.0,Joe Ruttman,1-800-COLLECT (Mark Simo),Ford,124.0,3550.0,running,0.0,142.0
1995,20,Phoenix,Phoenix International Raceway,1.0,paved track,9.0,8.0,76.0,David Green,"Smith & Wesson (Dale Earnhardt, Inc.)",Chevrolet,124.0,3100.0,running,0.0,138.0
1995,20,Phoenix,Phoenix International Raceway,1.0,paved track,10.0,2.0,75.0,Bill Sedgwick,Spears Manufacturing (Wayne Spears),Chevrolet,124.0,3700.0,running,0.0,134.0
1995,20,Phoenix,Phoenix International Raceway,1.0,paved track,11.0,11.0,6.0,Rick Carelli,Total Petroleum (Marshall Chesrown),Chevrolet,124.0,3400.0,running,0.0,130.0
1995,20,Phoenix,Phoenix International Raceway,1.0,paved track,12.0,18.0,2.0,Mike Bliss,Ultra Custom Wheels (Jim Smith),Ford,124.0,3350.0,running,0.0,127.0
1995,20,Phoenix,Phoenix International Raceway,1.0,paved track,13.0,17.0,24.0,Scott Lagasse,DuPont Refinishes (Rick Hendrick),Chevrolet,124.0,3300.0,running,0.0,124.0
1995,20,Phoenix,Phoenix International Raceway,1.0,paved track,14.0,21.0,7.0,Dave Rezendes,Exide Batteries (Geoffrey Bodine),Ford,124.0,3250.0,running,0.0,121.0
1995,20,Phoenix,Phoenix International Raceway,1.0,paved track,15.0,14.0,90.0,Kenny Wallace,Red Dog (Earl Barban),Ford,124.0,2875.0,running,0.0,118.0
1995,20,Phoenix,Phoenix International Raceway,1.0,paved track,16.0,16.0,1.0,Mike Chase,Sears DieHard (Scoop Vessels),Chevrolet,124.0,2650.0,running,0.0,115.0
1995,20,Phoenix,Phoenix International Raceway,1.0,paved track,17.0,15.0,18.0,"Johnny Benson, Jr.",Precision Gear (Kurt Roehrig),Chevrolet,124.0,2600.0,running,0.0,112.0
1995,20,Phoenix,Phoenix International Raceway,1.0,paved track,18.0,9.0,41.0,A.J. Foyt,Motorola (A.J. Foyt),Ford,123.0,2575.0,running,0.0,109.0
1995,20,Phoenix,Phoenix International Raceway,1.0,paved track,19.0,34.0,87.0,John Nemechek,Delco Remy America (Joe Nemechek),Chevrolet,123.0,3025.0,running,0.0,106.0
1995,20,Phoenix,Phoenix International Raceway,1.0,paved track,20.0,33.0,21.0,Tobey Butler,Ortho Lawn & Garden Care (Jim Venable),Ford,123.0,3025.0,running,0.0,103.0
1995,20,Phoenix,Phoenix International Raceway,1.0,paved track,21.0,35.0,37.0,Bob Strait,Target Expediting (Jim Spicuzza),Ford,121.0,2850.0,running,0.0,100.0
1995,20,Phoenix,Phoenix International Raceway,1.0,paved track,22.0,23.0,98.0,Butch Miller,Raybestos (Jim Herrick),Ford,120.0,2750.0,running,0.0,97.0
1995,20,Phoenix,Phoenix International Raceway,1.0,paved track,23.0,37.0,20.0,Walker Evans,Barbary Coast (Walker Evans),Dodge,120.0,2650.0,running,0.0,94.0
1995,20,Phoenix,Phoenix International Raceway,1.0,paved track,24.0,40.0,11.0,Mike Hurlbert,Bud Light (Mike Hurlbert),Ford,119.0,2050.0,running,0.0,91.0
1995,20,Phoenix,Phoenix International Raceway,1.0,paved track,25.0,24.0,29.0,Bob Keselowski,Winnebago (Ron Keselowski),Dodge,118.0,2450.0,running,0.0,88.0
1995,20,Phoenix,Phoenix International Raceway,1.0,paved track,26.0,26.0,83.0,Steve Portenga,Coffee Critic / Mission Uniform & Linen (Linda Mountanos),Chevrolet,118.0,2350.0,running,0.0,85.0
1995,20,Phoenix,Phoenix International Raceway,1.0,paved track,27.0,6.0,52.0,Ken Schrader,AC Delco (Ken Schrader),Chevrolet,116.0,1750.0,brakes,0.0,82.0
1995,20,Phoenix,Phoenix International Raceway,1.0,paved track,28.0,39.0,4.0,Bob Brevak,Scaffidi Mack (Bob Brevak),Ford,116.0,2150.0,running,0.0,79.0
1995,20,Phoenix,Phoenix International Raceway,1.0,paved track,29.0,25.0,8.0,John Borneman,Ultra Custom Wheels (Jim Smith),Ford,116.0,1650.0,running,0.0,76.0
1995,20,Phoenix,Phoenix International Raceway,1.0,paved track,30.0,28.0,30.0,Jimmy Hensley,Wide World of Maps (Grier Lackey),Dodge,113.0,1650.0,running,0.0,73.0
1995,20,Phoenix,Phoenix International Raceway,1.0,paved track,31.0,27.0,40.0,Carlos Serrano,AMS / Crane (Jeff Sinden),Chevrolet,73.0,1650.0,oil leak,0.0,70.0
1995,20,Phoenix,Phoenix International Raceway,1.0,paved track,32.0,29.0,12.0,Dave Smith,Blake Racing (Bob Blake),Chevrolet,49.0,1650.0,transmission,0.0,67.0
1995,20,Phoenix,Phoenix International Raceway,1.0,paved track,33.0,31.0,1.0,Andy Hillenburg,Sears DieHard (Scoop Vessels),Chevrolet,48.0,1650.0,crash,0.0,64.0
1995,20,Phoenix,Phoenix International Raceway,1.0,paved track,34.0,30.0,35.0,Bill Venturini,Rain-X / Press Pass Racing Cards (Cathy Venturini),Chevrolet,48.0,1650.0,crash,0.0,61.0
1995,20,Phoenix,Phoenix International Raceway,1.0,paved track,35.0,20.0,89.0,Dennis Setzer,Action Dynamics (John Redding),Chevrolet,48.0,1650.0,crash,0.0,58.0
1995,20,Phoenix,Phoenix International Raceway,1.0,paved track,36.0,36.0,10.0,Garrett Evans,Made For You (Alex Decuir),Chevrolet,36.0,1650.0,engine,0.0,55.0
1995,20,Phoenix,Phoenix International Raceway,1.0,paved track,37.0,32.0,71.0,Kenji Momota,Marukatsu (Randy MacDonald),Chevrolet,25.0,1650.0,crash,0.0,52.0
1995,20,Phoenix,Phoenix International Raceway,1.0,paved track,38.0,13.0,9.0,Joe Bessey,New Hampshire International Speedway (Joe Bessey),Chevrolet,22.0,1650.0,engine,0.0,49.0
1995,20,Phoenix,Phoenix International Raceway,1.0,paved track,39.0,19.0,38.0,Sammy Swindell,Channellock Tools (Brad Akins / Bob Sutton),Ford,17.0,2150.0,engine,0.0,46.0
1995,20,Phoenix,Phoenix International Raceway,1.0,paved track,40.0,38.0,23.0,T.J. Clark,ASE / Mega Power (T.J. Clark),Chevrolet,10.0,2150.0,crash,0.0,43.0
