Season,Race,Track,Pos,St,#,Driver,Sponsor / Owner,Truck,Laps,Status,Led,Pts,PPts
2021,1,Daytona,1.0,23.0,99.0,Ben Rhodes,Bombardier LearJet 75 (Duke Thorson),Toyota,101.0,running,7.0,51.0,5.0
2021,1,Daytona,2.0,20.0,3.0,Jordan Anderson,Swann Security (Jordan Anderson),Chevrolet,101.0,running,0.0,0.0,0.0
2021,1,Daytona,3.0,31.0,4.0,Cory Roper,Alliance Aviation (Roper Racing),Ford,101.0,running,0.0,34.0,0.0
2021,1,Daytona,4.0,25.0,40.0,Ryan Truex,Marquis Spas (Al Niece),Chevrolet,101.0,running,0.0,33.0,0.0
2021,1,Daytona,5.0,12.0,42.0,Carson Hocevar,Scott's / GM Parts Now (Al Niece),Chevrolet,101.0,running,0.0,32.0,0.0
2021,1,Daytona,6.0,2.0,2.0,Sheldon Creed,I.B.E.W. (Maury Gallagher),Chevrolet,101.0,running,1.0,47.0,0.0
2021,1,Daytona,7.0,7.0,4.0,John H. Nemechek,Fire Alarm Services (Kyle Busch),Toyota,101.0,running,14.0,47.0,1.0
2021,1,Daytona,8.0,26.0,9.0,Codie Rohrbaugh,Grant County Mulch (Codie Rohrbaugh),Chevrolet,101.0,running,0.0,29.0,0.0
2021,1,Daytona,9.0,6.0,18.0,Chandler Smith,Safelite Auto Glass (Kyle Busch),Toyota,101.0,running,22.0,37.0,0.0
2021,1,Daytona,10.0,17.0,51.0,Drew Dollar,JBL (Kyle Busch),Toyota,101.0,running,0.0,27.0,0.0
2021,1,Daytona,11.0,3.0,98.0,Grant Enfinger,Champion Power Equipment / Curb Records (Mike Curb),Toyota,101.0,running,13.0,36.0,0.0
2021,1,Daytona,12.0,27.0,2.0,Kris Wright,First National Bank (Randy Young),Chevrolet,101.0,running,0.0,25.0,0.0
2021,1,Daytona,13.0,24.0,20.0,Spencer Boyd,American Pavement / Raised On Blacktop (Randy Young),Chevrolet,101.0,running,0.0,24.0,0.0
2021,1,Daytona,14.0,13.0,17.0,David Gilliland,BTS Tire & Wheel Distributors / Black's Tire (David Gilliland),Ford,101.0,running,8.0,26.0,0.0
2021,1,Daytona,15.0,14.0,88.0,Matt Crafton,Mold-Armor / Menards (Duke Thorson),Toyota,101.0,running,0.0,22.0,0.0
2021,1,Daytona,16.0,8.0,21.0,Zane Smith,MRC Contruction (Maury Gallagher),Chevrolet,101.0,running,0.0,21.0,0.0
2021,1,Daytona,17.0,32.0,30.0,Danny Bohn,North American Motor Car (Steven Lane),Toyota,101.0,running,0.0,20.0,0.0
2021,1,Daytona,18.0,16.0,10.0,Jennifer Jo Cobb,Fastener Supply Co. (Jennifer Jo Cobb),Chevrolet,101.0,running,0.0,19.0,0.0
2021,1,Daytona,19.0,28.0,28.0,Bryan Dauzat,FDNY / OB Builders (Jim Rosenblum),Chevrolet,101.0,running,2.0,18.0,0.0
2021,1,Daytona,20.0,35.0,33.0,Jason White,Powder Ventures Excavations (Josh Reaume),Chevrolet,101.0,running,0.0,17.0,0.0
2021,1,Daytona,21.0,19.0,22.0,Austin Wayne Self,Go Texan / AM Technical Solutions (Tim Self),Chevrolet,100.0,running,0.0,16.0,0.0
2021,1,Daytona,22.0,18.0,16.0,Austin Hill,United Rentals (Shigeaki Hattori),Toyota,99.0,running,0.0,19.0,0.0
2021,1,Daytona,23.0,5.0,24.0,Raphael Lessard,Canac (Maury Gallagher),Chevrolet,99.0,running,12.0,33.0,1.0
2021,1,Daytona,24.0,9.0,1.0,Hailie Deegan,Monster (David Gilliland),Ford,98.0,running,0.0,13.0,0.0
2021,1,Daytona,25.0,15.0,45.0,Brett Moffitt,Circle B Diecast (Al Niece),Chevrolet,96.0,running,1.0,0.0,0.0
2021,1,Daytona,26.0,10.0,25.0,Timothy Peters,Rackley Roofing (Rackley W.A.R.),Chevrolet,95.0,dvp,3.0,15.0,0.0
2021,1,Daytona,27.0,1.0,13.0,Johnny Sauter,Vivitar / RealTree (Duke Thorson),Toyota,94.0,dvp,12.0,24.0,0.0
2021,1,Daytona,28.0,11.0,26.0,Tyler Ankrum,Liuna (Maury Gallagher),Chevrolet,94.0,crash,6.0,10.0,0.0
2021,1,Daytona,29.0,4.0,23.0,Chase Purdy,BamaBuggies.com (Maury Gallagher),Chevrolet,91.0,electrical,0.0,8.0,0.0
2021,1,Daytona,30.0,30.0,12.0,Tate Fogleman,Solid Rock Carriers (Randy Young),Chevrolet,73.0,dvp,0.0,7.0,0.0
2021,1,Daytona,31.0,21.0,38.0,Todd Gilliland,Speedco (Bob Jenkins),Ford,71.0,crash,0.0,6.0,0.0
2021,1,Daytona,32.0,29.0,52.0,Stewart Friesen,Halmar International (Chris Larsen),Toyota,71.0,crash,0.0,7.0,0.0
2021,1,Daytona,33.0,33.0,19.0,Derek Kraus,Shockwave Marine Suspension Seating (Bill McAnally),Toyota,56.0,dvp,0.0,4.0,0.0
2021,1,Daytona,34.0,34.0,56.0,Gus Dean,Dean Custom Air (Timmy Hill),Chevrolet,1.0,crash,0.0,3.0,0.0
2021,1,Daytona,35.0,22.0,15.0,Tanner Gray,Ford Performance (David Gilliland),Ford,0.0,drivetrain,0.0,2.0,0.0
2021,1,Daytona,36.0,36.0,44.0,James Buescher,FHE FracLock (Al Niece),Chevrolet,0.0,crash,0.0,1.0,0.0
2021,2,Daytona (Road),1.0,1.0,99.0,Ben Rhodes,Bombardier LearJet 75 (Duke Thorson),Toyota,51.0,running,13.0,49.0,5.0
2021,2,Daytona (Road),2.0,5.0,2.0,Sheldon Creed,Chevrolet Silverado (Maury Gallagher),Chevrolet,51.0,running,17.0,40.0,0.0
2021,2,Daytona (Road),3.0,4.0,4.0,John H. Nemechek,Mobil 1 (Kyle Busch),Toyota,51.0,running,14.0,44.0,1.0
2021,2,Daytona (Road),4.0,32.0,38.0,Todd Gilliland,Frontline Enterprises (Bob Jenkins),Ford,51.0,running,0.0,39.0,0.0
2021,2,Daytona (Road),5.0,25.0,17.0,Riley Herbst,Factory Canopies / Lincoln Welders (David Gilliland),Ford,51.0,running,1.0,0.0,0.0
2021,2,Daytona (Road),6.0,9.0,88.0,Matt Crafton,Hormel Black Label Bacon / Menards (Duke Thorson),Toyota,51.0,running,0.0,41.0,0.0
2021,2,Daytona (Road),7.0,31.0,19.0,Derek Kraus,NAPA Autocare (Bill McAnally),Toyota,51.0,running,0.0,30.0,0.0
2021,2,Daytona (Road),8.0,24.0,2.0,Kaz Grala,Young's Building Systems / Randco (Randy Young),Chevrolet,51.0,running,0.0,0.0,0.0
2021,2,Daytona (Road),9.0,34.0,56.0,Timmy Hill,Timmy Hill,Chevrolet,51.0,running,0.0,0.0,0.0
2021,2,Daytona (Road),10.0,16.0,98.0,Christian Eckes,ProtectTheHarvest.com / Curb Records (Mike Curb),Toyota,51.0,running,0.0,27.0,0.0
2021,2,Daytona (Road),11.0,30.0,52.0,Stewart Friesen,Halmar International (Chris Larsen),Toyota,51.0,running,1.0,26.0,0.0
2021,2,Daytona (Road),12.0,8.0,18.0,Chandler Smith,JBL (Kyle Busch),Toyota,51.0,running,0.0,33.0,0.0
2021,2,Daytona (Road),13.0,37.0,8.0,Camden Murphy,WreckfestGame.com (Joe Nemechek),Chevrolet,51.0,running,0.0,24.0,0.0
2021,2,Daytona (Road),14.0,3.0,42.0,Carson Hocevar,The Shores Resort & Spa (Al Niece),Chevrolet,51.0,running,0.0,23.0,0.0
2021,2,Daytona (Road),15.0,14.0,22.0,Austin Wayne Self,AM Technical Solutions / Go Texan (Tim Self),Chevrolet,51.0,running,0.0,29.0,0.0
2021,2,Daytona (Road),16.0,7.0,9.0,Codie Rohrbaugh,Grant County Mulch (Codie Rohrbaugh),Chevrolet,51.0,running,0.0,21.0,0.0
2021,2,Daytona (Road),17.0,38.0,41.0,Dawson Cram,Magnum Contracting (Mark Cram),Chevrolet,51.0,running,0.0,20.0,0.0
2021,2,Daytona (Road),18.0,19.0,13.0,Johnny Sauter,Vivitar / RealTree (Duke Thorson),Toyota,51.0,running,0.0,23.0,0.0
2021,2,Daytona (Road),19.0,28.0,12.0,Tate Fogleman,Solid Rock Carriers (Randy Young),Chevrolet,51.0,running,0.0,18.0,0.0
2021,2,Daytona (Road),20.0,33.0,15.0,Tanner Gray,Ford Performance (David Gilliland),Ford,51.0,running,0.0,18.0,0.0
2021,2,Daytona (Road),21.0,26.0,26.0,Tyler Ankrum,Liuna (Maury Gallagher),Chevrolet,51.0,running,0.0,16.0,0.0
2021,2,Daytona (Road),22.0,29.0,23.0,Chase Purdy,BamaBuggies.com (Maury Gallagher),Chevrolet,51.0,running,0.0,17.0,0.0
2021,2,Daytona (Road),23.0,22.0,51.0,Parker Chase,Vertical Bridge (Kyle Busch),Toyota,51.0,running,0.0,14.0,0.0
2021,2,Daytona (Road),24.0,27.0,25.0,Timothy Peters,Rackley Roofing (Rackley W.A.R.),Chevrolet,51.0,running,0.0,13.0,0.0
2021,2,Daytona (Road),25.0,21.0,45.0,Brett Moffitt,Niece Motorsports (Al Niece),Chevrolet,51.0,running,0.0,0.0,0.0
2021,2,Daytona (Road),26.0,12.0,24.0,Raphael Lessard,Canac (Maury Gallagher),Chevrolet,51.0,running,5.0,21.0,1.0
2021,2,Daytona (Road),27.0,13.0,3.0,Bobby Reuse,I Heart Mac & Cheese (Jordan Anderson),Chevrolet,50.0,running,0.0,10.0,0.0
2021,2,Daytona (Road),28.0,23.0,1.0,Hailie Deegan,Monster (David Gilliland),Ford,50.0,running,0.0,13.0,0.0
2021,2,Daytona (Road),29.0,35.0,44.0,Jett Noland,Hype Motorsports / Noland's Roofing (Al Niece),Chevrolet,49.0,crash,0.0,8.0,0.0
2021,2,Daytona (Road),30.0,15.0,30.0,Danny Bohn,North American Motor Car (Steven Lane),Toyota,49.0,running,0.0,7.0,0.0
2021,2,Daytona (Road),31.0,2.0,40.0,Ryan Truex,Jacob Companies (Al Niece),Chevrolet,48.0,running,0.0,12.0,0.0
2021,2,Daytona (Road),32.0,39.0,6.0,Norm Benning,MDF A Sign Company (Norm Benning),Chevrolet,48.0,running,0.0,5.0,0.0
2021,2,Daytona (Road),33.0,20.0,16.0,Austin Hill,SiriusXM (Shigeaki Hattori),Toyota,48.0,running,0.0,7.0,0.0
2021,2,Daytona (Road),34.0,6.0,4.0,Cory Roper,Carquest Auto Parts (Roper Racing),Ford,47.0,fuel pressure,0.0,3.0,0.0
2021,2,Daytona (Road),35.0,17.0,10.0,Jennifer Jo Cobb,Fastener Supply Co. / Driven2Honor.org (Jennifer Jo Cobb),Chevrolet,47.0,running,0.0,2.0,0.0
2021,2,Daytona (Road),36.0,40.0,34.0,Lawless Alan,Autoparkit.com (Josh Reaume),Toyota,45.0,running,0.0,1.0,0.0
2021,2,Daytona (Road),37.0,36.0,75.0,Sam Mayer,Chevrolet Silverado (Charlie Henderson),Chevrolet,41.0,crash,0.0,0.0,0.0
2021,2,Daytona (Road),38.0,18.0,33.0,Jason White,Powder Ventures Excavating (Josh Reaume),Chevrolet,41.0,running,0.0,1.0,0.0
2021,2,Daytona (Road),39.0,10.0,20.0,Spencer Boyd,Credit MRI (Randy Young),Chevrolet,38.0,transmission,0.0,1.0,0.0
2021,2,Daytona (Road),40.0,11.0,21.0,Zane Smith,Chevy.com / Chevy Accessories (Maury Gallagher),Chevrolet,35.0,crash,0.0,9.0,0.0
2021,3,Las Vegas,1.0,3.0,4.0,John H. Nemechek,Mobil 1 (Kyle Busch),Toyota,134.0,running,94.0,59.0,6.0
2021,3,Las Vegas,2.0,29.0,51.0,Kyle Busch,Cessna / Beechcraft (Kyle Busch),Toyota,134.0,running,16.0,0.0,0.0
2021,3,Las Vegas,3.0,31.0,16.0,Austin Hill,Ibaraki Toyopet (Shigeaki Hattori),Toyota,134.0,running,0.0,39.0,0.0
2021,3,Las Vegas,4.0,9.0,52.0,Stewart Friesen,Halmar International (Chris Larsen),Toyota,134.0,running,4.0,47.0,0.0
2021,3,Las Vegas,5.0,4.0,88.0,Matt Crafton,Slim Jim / Menards (Duke Thorson),Toyota,134.0,running,0.0,47.0,0.0
2021,3,Las Vegas,6.0,32.0,21.0,Zane Smith,Michael Roberts Construction (Maury Gallagher),Chevrolet,134.0,running,0.0,31.0,0.0
2021,3,Las Vegas,7.0,18.0,9.0,Grant Enfinger,Camping World (Codie Rohrbaugh),Chevrolet,134.0,running,0.0,35.0,0.0
2021,3,Las Vegas,8.0,40.0,75.0,Parker Kligerman,Food Country USA / Camping World (Charlie Henderson),Chevrolet,134.0,running,0.0,29.0,0.0
2021,3,Las Vegas,9.0,5.0,98.0,Christian Eckes,ProtectTheHarvest.com / Curb Records (Mike Curb),Toyota,134.0,running,0.0,35.0,0.0
2021,3,Las Vegas,10.0,1.0,99.0,Ben Rhodes,Bombardier Lear Jet 75 (Duke Thorson),Toyota,134.0,running,0.0,36.0,0.0
2021,3,Las Vegas,11.0,17.0,45.0,Brett Moffitt,The Strat (Al Niece),Chevrolet,134.0,running,13.0,0.0,0.0
2021,3,Las Vegas,12.0,22.0,15.0,Tanner Gray,Ford Performance (David Gilliland),Ford,134.0,running,0.0,25.0,0.0
2021,3,Las Vegas,13.0,6.0,38.0,Todd Gilliland,Speedco (Bob Jenkins),Ford,134.0,running,0.0,24.0,0.0
2021,3,Las Vegas,14.0,12.0,22.0,Austin Wayne Self,Airbox Air Purifiers (Tim Self),Chevrolet,134.0,running,0.0,23.0,0.0
2021,3,Las Vegas,15.0,11.0,13.0,Johnny Sauter,Vivitar / RealTree (Duke Thorson),Toyota,134.0,running,0.0,22.0,0.0
2021,3,Las Vegas,16.0,19.0,25.0,Timothy Peters,Rackley Roofing (Rackley W.A.R.),Chevrolet,134.0,running,0.0,21.0,0.0
2021,3,Las Vegas,17.0,26.0,30.0,Danny Bohn,North American Motor Car (Steven Lane),Toyota,134.0,running,0.0,20.0,0.0
2021,3,Las Vegas,18.0,2.0,2.0,Sheldon Creed,Camping World (Maury Gallagher),Chevrolet,134.0,running,7.0,28.0,0.0
2021,3,Las Vegas,19.0,7.0,18.0,Chandler Smith,Safelite Auto Glass (Kyle Busch),Toyota,134.0,running,0.0,20.0,0.0
2021,3,Las Vegas,20.0,20.0,12.0,Tate Fogleman,Solid Rock Carriers (Randy Young),Chevrolet,134.0,running,0.0,17.0,0.0
2021,3,Las Vegas,21.0,23.0,41.0,Dawson Cram,Camping World (Mark Cram),Chevrolet,134.0,running,0.0,16.0,0.0
2021,3,Las Vegas,22.0,33.0,20.0,Spencer Boyd,Credit MRI (Randy Young),Chevrolet,134.0,running,0.0,15.0,0.0
2021,3,Las Vegas,23.0,21.0,23.0,Chase Purdy,Bama Buggies (Maury Gallagher),Chevrolet,134.0,running,0.0,14.0,0.0
2021,3,Las Vegas,24.0,10.0,42.0,Carson Hocevar,Circle B Diecast / Vegas Lights (Al Niece),Chevrolet,133.0,running,0.0,13.0,0.0
2021,3,Las Vegas,25.0,15.0,2.0,Kris Wright,First National Bank (Randy Young),Chevrolet,132.0,running,0.0,12.0,0.0
2021,3,Las Vegas,26.0,39.0,34.0,B.J. McLeod,Camping World (Josh Reaume),Toyota,132.0,running,0.0,0.0,0.0
2021,3,Las Vegas,27.0,28.0,3.0,Jordan Anderson,Camping World (Jordan Anderson),Chevrolet,132.0,running,0.0,0.0,0.0
2021,3,Las Vegas,28.0,30.0,1.0,Hailie Deegan,Toter / Engine Ice (David Gilliland),Ford,130.0,running,0.0,9.0,0.0
2021,3,Las Vegas,29.0,34.0,10.0,Jennifer Jo Cobb,Fastener Supply Co. / Driven2Honor.org (Jennifer Jo Cobb),Chevrolet,130.0,running,0.0,8.0,0.0
2021,3,Las Vegas,30.0,13.0,24.0,Raphael Lessard,Camping World (Maury Gallagher),Chevrolet,130.0,running,0.0,7.0,0.0
2021,3,Las Vegas,31.0,37.0,33.0,Jesse Iwuji,Camping World (Josh Reaume),Chevrolet,129.0,running,0.0,6.0,0.0
2021,3,Las Vegas,32.0,8.0,19.0,Derek Kraus,Hunter Nation / South Point Hotel & Casino (Bill McAnally),Toyota,126.0,running,0.0,5.0,0.0
2021,3,Las Vegas,33.0,35.0,6.0,Norm Benning,Camping World (Norm Benning),Chevrolet,123.0,running,0.0,4.0,0.0
2021,3,Las Vegas,34.0,16.0,26.0,Tyler Ankrum,Liuna (Maury Gallagher),Chevrolet,122.0,crash,0.0,4.0,0.0
2021,3,Las Vegas,35.0,25.0,56.0,Tyler Hill,Camping World (Timmy Hill),Chevrolet,112.0,crash,0.0,2.0,0.0
2021,3,Las Vegas,36.0,27.0,4.0,Cory Roper,Children's Miracle Network / Carquest (Roper Racing),Ford,111.0,crash,0.0,1.0,0.0
2021,3,Las Vegas,37.0,38.0,32.0,Bret Holmes,Southern States Bank (Stacy Holmes),Chevrolet,106.0,dvp,0.0,1.0,0.0
2021,3,Las Vegas,38.0,24.0,40.0,Ryan Truex,Jacob Companies (Al Niece),Chevrolet,103.0,dvp,0.0,1.0,0.0
2021,3,Las Vegas,39.0,14.0,17.0,David Gilliland,David Gilliland Racing (David Gilliland),Ford,96.0,crash,0.0,8.0,0.0
2021,3,Las Vegas,40.0,36.0,44.0,Conor Daly,Fatheadz Eyewear / Elliott's Custom Trailers (Al Niece),Chevrolet,68.0,crash,0.0,1.0,0.0
2021,4,Atlanta,1.0,2.0,51.0,Kyle Busch,Cessna / Beechcraft (Kyle Busch),Toyota,130.0,running,102.0,0.0,0.0
2021,4,Atlanta,2.0,6.0,16.0,Austin Hill,United Rentals (Shigeaki Hattori),Toyota,130.0,running,0.0,50.0,0.0
2021,4,Atlanta,3.0,1.0,4.0,John H. Nemechek,Mobil 1 (Kyle Busch),Toyota,130.0,running,21.0,54.0,2.0
2021,4,Atlanta,4.0,13.0,13.0,Johnny Sauter,Vivitar / RealTree (Duke Thorson),Toyota,130.0,running,0.0,34.0,0.0
2021,4,Atlanta,5.0,8.0,2.0,Sheldon Creed,Overton's (Maury Gallagher),Chevrolet,130.0,running,0.0,39.0,0.0
2021,4,Atlanta,6.0,7.0,21.0,Zane Smith,Overton's (Maury Gallagher),Chevrolet,130.0,running,0.0,38.0,0.0
2021,4,Atlanta,7.0,40.0,44.0,Ross Chastain,CircleBDiecast.com (Al Niece),Chevrolet,130.0,running,0.0,0.0,0.0
2021,4,Atlanta,8.0,3.0,88.0,Matt Crafton,Flex Seal / Menards (Duke Thorson),Toyota,130.0,running,3.0,35.0,0.0
2021,4,Atlanta,9.0,10.0,45.0,Brett Moffitt,Overton's (Al Niece),Chevrolet,130.0,running,0.0,0.0,0.0
2021,4,Atlanta,10.0,4.0,52.0,Stewart Friesen,Halmar International (Chris Larsen),Toyota,130.0,running,0.0,42.0,0.0
2021,4,Atlanta,11.0,19.0,98.0,Grant Enfinger,Champion / Camping World / Curb Records (Mike Curb),Toyota,130.0,running,0.0,26.0,0.0
2021,4,Atlanta,12.0,17.0,42.0,Carson Hocevar,Overton's (Al Niece),Chevrolet,130.0,running,0.0,25.0,0.0
2021,4,Atlanta,13.0,29.0,19.0,Derek Kraus,NAPA Autocare (Bill McAnally),Toyota,129.0,running,0.0,30.0,0.0
2021,4,Atlanta,14.0,15.0,75.0,Parker Kligerman,Overton's (Charlie Henderson),Chevrolet,129.0,running,0.0,23.0,0.0
2021,4,Atlanta,15.0,32.0,40.0,Ryan Truex,Overton's (Al Niece),Chevrolet,129.0,running,0.0,22.0,0.0
2021,4,Atlanta,16.0,5.0,99.0,Ben Rhodes,Bombardier LearJet 75 (Duke Thorson),Toyota,129.0,running,0.0,21.0,0.0
2021,4,Atlanta,17.0,9.0,38.0,Todd Gilliland,Chicago Pneumatic Compressors (Bob Jenkins),Ford,129.0,running,0.0,20.0,0.0
2021,4,Atlanta,18.0,30.0,26.0,Tyler Ankrum,Liuna (Maury Gallagher),Chevrolet,129.0,running,0.0,19.0,0.0
2021,4,Atlanta,19.0,14.0,15.0,Tanner Gray,Ford Performance (David Gilliland),Ford,129.0,running,0.0,18.0,0.0
2021,4,Atlanta,20.0,39.0,11.0,Spencer Davis,INOX (Spencer Davis),Toyota,129.0,running,0.0,17.0,0.0
2021,4,Atlanta,21.0,28.0,1.0,Hailie Deegan,Built Ford Tough (David Gilliland),Ford,129.0,running,0.0,16.0,0.0
2021,4,Atlanta,22.0,18.0,2.0,Josh Berry,Kris Wright Motorsports (Randy Young),Chevrolet,129.0,running,0.0,0.0,0.0
2021,4,Atlanta,23.0,12.0,22.0,Austin Wayne Self,AM Technical Solutions / Go Texan (Tim Self),Chevrolet,128.0,running,0.0,14.0,0.0
2021,4,Atlanta,24.0,26.0,23.0,Chase Purdy,Bama Buggies (Maury Gallagher),Chevrolet,128.0,running,4.0,13.0,0.0
2021,4,Atlanta,25.0,24.0,3.0,Jordan Anderson,Overton's / Women's History Month (Jordan Anderson),Chevrolet,128.0,running,0.0,0.0,0.0
2021,4,Atlanta,26.0,22.0,12.0,Tate Fogleman,Solid Rock Carriers (Randy Young),Chevrolet,128.0,running,0.0,11.0,0.0
2021,4,Atlanta,27.0,34.0,4.0,Cory Roper,Preferred Industrial Contractors (Roper Racing),Ford,127.0,running,0.0,10.0,0.0
2021,4,Atlanta,28.0,21.0,30.0,Danny Bohn,North American Motor Car (Steven Lane),Toyota,127.0,running,0.0,9.0,0.0
2021,4,Atlanta,29.0,20.0,9.0,Codie Rohrbaugh,Overton's (Codie Rohrbaugh),Chevrolet,126.0,running,0.0,8.0,0.0
2021,4,Atlanta,30.0,16.0,25.0,Timothy Peters,Rackley Roofing (Rackley W.A.R.),Chevrolet,126.0,running,0.0,7.0,0.0
2021,4,Atlanta,31.0,27.0,41.0,Dawson Cram,Overton's (Mark Cram),Chevrolet,126.0,running,0.0,6.0,0.0
2021,4,Atlanta,32.0,35.0,32.0,Bret Holmes,Southern States Bank (Stacy Holmes),Chevrolet,126.0,running,0.0,5.0,0.0
2021,4,Atlanta,33.0,25.0,20.0,Spencer Boyd,Credit MRI (Randy Young),Chevrolet,125.0,running,0.0,4.0,0.0
2021,4,Atlanta,34.0,36.0,34.0,Ryan Ellis,Overton's / Women's History Month (Josh Reaume),Chevrolet,124.0,running,0.0,0.0,0.0
2021,4,Atlanta,35.0,11.0,18.0,Chandler Smith,Safelite Auto Glass (Kyle Busch),Toyota,124.0,running,0.0,2.0,0.0
2021,4,Atlanta,36.0,31.0,17.0,Bill Lester,Ford / Camping World (David Gilliland),Ford,123.0,running,0.0,1.0,0.0
2021,4,Atlanta,37.0,38.0,33.0,Akinori Ogata,Kyowa Industrial (Josh Reaume),Toyota,123.0,running,0.0,1.0,0.0
2021,4,Atlanta,38.0,33.0,10.0,Jennifer Jo Cobb,Fastener Supply Co. / Driven2Honor.org (Jennifer Jo Cobb),Chevrolet,117.0,running,0.0,1.0,0.0
2021,4,Atlanta,39.0,23.0,24.0,Raphael Lessard,Richelieu (Maury Gallagher),Chevrolet,115.0,transmission,0.0,1.0,0.0
2021,4,Atlanta,40.0,37.0,6.0,Norm Benning,MDF A Sign Company / Overton's (Norm Benning),Chevrolet,72.0,too slow,0.0,1.0,0.0
2021,5,Bristol (Dirt),1.0,15.0,51.0,Martin Truex Jr,Auto-Owners Insurance (Kyle Busch),Toyota,150.0,running,105.0,0.0,0.0
2021,5,Bristol (Dirt),2.0,9.0,99.0,Ben Rhodes,Bombardier LearJet 75 (Duke Thorson),Toyota,150.0,running,3.0,48.0,0.0
2021,5,Bristol (Dirt),3.0,29.0,24.0,Raphael Lessard,Chevy Accessories (Maury Gallagher),Chevrolet,150.0,running,0.0,37.0,0.0
2021,5,Bristol (Dirt),4.0,13.0,38.0,Todd Gilliland,Speedco (Bob Jenkins),Ford,150.0,running,0.0,38.0,0.0
2021,5,Bristol (Dirt),5.0,33.0,4.0,Chase Briscoe,TexaCon Cut Stone / Huffy (Roper Racing),Ford,150.0,running,0.0,0.0,0.0
2021,5,Bristol (Dirt),6.0,8.0,98.0,Grant Enfinger,Champion / Curb Records (Mike Curb),Toyota,150.0,running,2.0,34.0,0.0
2021,5,Bristol (Dirt),7.0,6.0,21.0,Zane Smith,GMS Racing (Maury Gallagher),Chevrolet,150.0,running,0.0,38.0,0.0
2021,5,Bristol (Dirt),8.0,16.0,75.0,Parker Kligerman,Food Country USA (Charlie Henderson),Chevrolet,150.0,running,0.0,29.0,0.0
2021,5,Bristol (Dirt),9.0,2.0,16.0,Austin Hill,United Rentals (Shigeaki Hattori),Toyota,150.0,running,1.0,41.0,0.0
2021,5,Bristol (Dirt),10.0,17.0,22.0,Austin Wayne Self,AM Technical Solutions / Go Texan (Tim Self),Chevrolet,150.0,running,0.0,29.0,0.0
2021,5,Bristol (Dirt),11.0,32.0,11.0,Bubba Wallace,Columbia Outdoor Clothing (Spencer Davis),Toyota,150.0,running,0.0,0.0,0.0
2021,5,Bristol (Dirt),12.0,7.0,52.0,Stewart Friesen,Halmar International (Chris Larsen),Toyota,150.0,running,1.0,36.0,0.0
2021,5,Bristol (Dirt),13.0,18.0,15.0,Tanner Gray,Ford Performance (David Gilliland),Ford,150.0,running,0.0,24.0,0.0
2021,5,Bristol (Dirt),14.0,4.0,88.0,Matt Crafton,Denali Aire / Menards (Duke Thorson),Toyota,150.0,running,0.0,26.0,0.0
2021,5,Bristol (Dirt),15.0,30.0,17.0,Kevin Harvick,Hunt Brothers Pizza (David Gilliland),Ford,150.0,running,0.0,0.0,0.0
2021,5,Bristol (Dirt),16.0,3.0,2.0,Sheldon Creed,Chevy Accessories (Maury Gallagher),Chevrolet,150.0,running,38.0,36.0,0.0
2021,5,Bristol (Dirt),17.0,26.0,2.0,Daniel Suarez,AMR / GoPro Motorplex (Randy Young),Chevrolet,150.0,running,0.0,0.0,0.0
2021,5,Bristol (Dirt),18.0,23.0,23.0,Chase Purdy,BamaBuggies.com (Maury Gallagher),Chevrolet,150.0,running,0.0,19.0,0.0
2021,5,Bristol (Dirt),19.0,22.0,1.0,Hailie Deegan,Monster (David Gilliland),Ford,150.0,running,0.0,18.0,0.0
2021,5,Bristol (Dirt),20.0,14.0,40.0,Ryan Truex,CircleBDiecast.com (Al Niece),Chevrolet,150.0,running,0.0,17.0,0.0
2021,5,Bristol (Dirt),21.0,11.0,42.0,Carson Hocevar,Scott's / GM Parts Now (Al Niece),Chevrolet,150.0,running,0.0,16.0,0.0
2021,5,Bristol (Dirt),22.0,37.0,33.0,Myatt Snider,Louisiana Hot Sauce / Tax Slayer (Josh Reaume),Chevrolet,150.0,running,0.0,0.0,0.0
2021,5,Bristol (Dirt),23.0,24.0,12.0,Tate Fogleman,Solid Rock Carriers (Randy Young),Chevrolet,150.0,running,0.0,14.0,0.0
2021,5,Bristol (Dirt),24.0,10.0,45.0,Brett Moffitt,Circle B Diecast (Al Niece),Chevrolet,150.0,running,0.0,0.0,0.0
2021,5,Bristol (Dirt),25.0,31.0,20.0,Spencer Boyd,Eco Twist (Randy Young),Chevrolet,150.0,running,0.0,12.0,0.0
2021,5,Bristol (Dirt),26.0,34.0,41.0,Cody Erickson,Magnum Contracting (Mark Cram),Chevrolet,150.0,running,0.0,11.0,0.0
2021,5,Bristol (Dirt),27.0,20.0,9.0,Codie Rohrbaugh,Grant County Mulch (Codie Rohrbaugh),Chevrolet,150.0,running,0.0,10.0,0.0
2021,5,Bristol (Dirt),28.0,38.0,56.0,Mike Marlar,LiftKits4Less.com (Timmy Hill),Toyota,148.0,running,0.0,0.0,0.0
2021,5,Bristol (Dirt),29.0,36.0,34.0,Jake Griffin,Great Escapes RV Center (Josh Reaume),Chevrolet,147.0,running,0.0,8.0,0.0
2021,5,Bristol (Dirt),30.0,27.0,25.0,Timothy Peters,Rackley Roofing (Rackley W.A.R.),Chevrolet,147.0,running,0.0,7.0,0.0
2021,5,Bristol (Dirt),31.0,40.0,49.0,Andrew Gordon,Staar Trucking (Ray Ciccarelli),Chevrolet,144.0,running,0.0,6.0,0.0
2021,5,Bristol (Dirt),32.0,5.0,13.0,Johnny Sauter,Vivitar / RealTree (Duke Thorson),Toyota,124.0,crash,0.0,6.0,0.0
2021,5,Bristol (Dirt),33.0,35.0,10.0,Jennifer Jo Cobb,Fastener Supply Co. (Jennifer Jo Cobb),Chevrolet,120.0,electrical,0.0,4.0,0.0
2021,5,Bristol (Dirt),34.0,21.0,18.0,Chandler Smith,JBL (Kyle Busch),Toyota,117.0,crash,0.0,3.0,0.0
2021,5,Bristol (Dirt),35.0,28.0,44.0,Kyle Larson,Rich Mar Florist / Circle B (Al Niece),Chevrolet,98.0,crash,0.0,0.0,0.0
2021,5,Bristol (Dirt),36.0,25.0,30.0,Danny Bohn,North American Motor Car (Steven Lane),Toyota,98.0,crash,0.0,1.0,0.0
2021,5,Bristol (Dirt),37.0,39.0,6.0,Norm Benning,MDF A Sign Company (Norm Benning),Chevrolet,72.0,parked,0.0,1.0,0.0
2021,5,Bristol (Dirt),38.0,12.0,19.0,Derek Kraus,Hunter Nation (Bill McAnally),Toyota,49.0,crash,0.0,1.0,0.0
2021,5,Bristol (Dirt),39.0,1.0,4.0,John H. Nemechek,Mobil 1 (Kyle Busch),Toyota,48.0,crash,0.0,7.0,0.0
2021,5,Bristol (Dirt),40.0,19.0,26.0,Tyler Ankrum,Liuna (Maury Gallagher),Chevrolet,34.0,crash,0.0,1.0,0.0
2021,6,Richmond,1.0,18.0,4.0,John H. Nemechek,Safeway (Kyle Busch),Toyota,250.0,running,114.0,59.0,6.0
2021,6,Richmond,2.0,12.0,51.0,Kyle Busch,Cessna / Beechcraft (Kyle Busch),Toyota,250.0,running,26.0,0.0,0.0
2021,6,Richmond,3.0,30.0,26.0,Tyler Ankrum,Liuna (Maury Gallagher),Chevrolet,250.0,running,0.0,34.0,0.0
2021,6,Richmond,4.0,23.0,18.0,Chandler Smith,JBL (Kyle Busch),Toyota,250.0,running,24.0,34.0,0.0
2021,6,Richmond,5.0,19.0,13.0,Johnny Sauter,Vivitar / RealTree (Duke Thorson),Toyota,250.0,running,0.0,32.0,0.0
2021,6,Richmond,6.0,8.0,38.0,Todd Gilliland,The Pete Store (Bob Jenkins),Ford,250.0,running,0.0,37.0,0.0
2021,6,Richmond,7.0,1.0,99.0,Ben Rhodes,Bombardier LearJet 75 (Duke Thorson),Toyota,250.0,running,4.0,45.0,0.0
2021,6,Richmond,8.0,3.0,98.0,Grant Enfinger,Champion / Camping World / Curb Records (Mike Curb),Toyota,250.0,running,71.0,48.0,1.0
2021,6,Richmond,9.0,40.0,32.0,Sam Mayer,QPS Employment Group (Stacy Holmes),Chevrolet,250.0,running,0.0,0.0,0.0
2021,6,Richmond,10.0,2.0,16.0,Austin Hill,Mobil 1 / TRD (Shigeaki Hattori),Toyota,250.0,running,0.0,40.0,0.0
2021,6,Richmond,11.0,9.0,2.0,Sheldon Creed,Chevy Accessories (Maury Gallagher),Chevrolet,250.0,running,0.0,26.0,0.0
2021,6,Richmond,12.0,13.0,42.0,Carson Hocevar,Scott's / GM Parts Now (Al Niece),Chevrolet,250.0,running,0.0,30.0,0.0
2021,6,Richmond,13.0,4.0,52.0,Stewart Friesen,Halmar International (Chris Larsen),Toyota,250.0,running,0.0,25.0,0.0
2021,6,Richmond,14.0,6.0,21.0,Zane Smith,Good Sam (Maury Gallagher),Chevrolet,250.0,running,0.0,28.0,0.0
2021,6,Richmond,15.0,29.0,19.0,Derek Kraus,Incredible Bank (Bill McAnally),Toyota,250.0,running,0.0,26.0,0.0
2021,6,Richmond,16.0,25.0,11.0,Spencer Davis,Inox Supreme Lubricants (Spencer Davis),Toyota,250.0,running,0.0,21.0,0.0
2021,6,Richmond,17.0,14.0,1.0,Hailie Deegan,Built Ford Tough (David Gilliland),Ford,250.0,running,0.0,20.0,0.0
2021,6,Richmond,18.0,7.0,88.0,Matt Crafton,Great Lakes Flooring / Menards (Duke Thorson),Toyota,250.0,running,11.0,19.0,0.0
2021,6,Richmond,19.0,10.0,22.0,Austin Wayne Self,AM Technical Solutions / Go Texan (Tim Self),Chevrolet,250.0,running,0.0,18.0,0.0
2021,6,Richmond,20.0,28.0,30.0,Danny Bohn,North American Motor Car (Steven Lane),Toyota,250.0,running,0.0,17.0,0.0
2021,6,Richmond,21.0,34.0,56.0,Timmy Hill,Hair Club (Timmy Hill),Chevrolet,250.0,running,0.0,0.0,0.0
2021,6,Richmond,22.0,27.0,25.0,Timothy Peters,Rackley Roofing (Rackley W.A.R.),Chevrolet,250.0,running,0.0,15.0,0.0
2021,6,Richmond,23.0,5.0,24.0,Raphael Lessard,CANAC (Maury Gallagher),Chevrolet,249.0,running,0.0,22.0,0.0
2021,6,Richmond,24.0,11.0,15.0,Tanner Gray,Ford Performance (David Gilliland),Ford,249.0,running,0.0,13.0,0.0
2021,6,Richmond,25.0,31.0,41.0,Dawson Cram,Good Sam (Mark Cram),Chevrolet,248.0,running,0.0,12.0,0.0
2021,6,Richmond,26.0,36.0,44.0,Jett Noland,Hype Motorsports / Noland's Roofing (Al Niece),Chevrolet,247.0,running,0.0,11.0,0.0
2021,6,Richmond,27.0,26.0,20.0,Spencer Boyd,WML Enterprises (Randy Young),Chevrolet,247.0,running,0.0,10.0,0.0
2021,6,Richmond,28.0,15.0,23.0,Chase Purdy,BamaBuggies.com (Maury Gallagher),Chevrolet,245.0,running,0.0,9.0,0.0
2021,6,Richmond,29.0,39.0,49.0,Ryan Reed,CMI Motorsports / Camping World (Ray Ciccarelli),Chevrolet,245.0,running,0.0,8.0,0.0
2021,6,Richmond,30.0,32.0,33.0,Keith McGee,Good Sam (Josh Reaume),Chevrolet,244.0,running,0.0,7.0,0.0
2021,6,Richmond,31.0,21.0,4.0,Cory Roper,Preferred Industrial Contractors (Roper Racing),Ford,243.0,running,0.0,6.0,0.0
2021,6,Richmond,32.0,38.0,6.0,Norm Benning,MDF A Sign Company (Norm Benning),Chevrolet,240.0,running,0.0,5.0,0.0
2021,6,Richmond,33.0,37.0,34.0,Josh Reaume,Hardy Boys Consulting / Levrack (Josh Reaume),Toyota,240.0,running,0.0,4.0,0.0
2021,6,Richmond,34.0,35.0,3.0,Howie DiSavino III,Kee's Vacations / Bud's Plumbing (Jordan Anderson),Chevrolet,221.0,running,0.0,3.0,0.0
2021,6,Richmond,35.0,22.0,2.0,Kris Wright,Master Tech (Randy Young),Chevrolet,212.0,crash,0.0,2.0,0.0
2021,6,Richmond,36.0,20.0,9.0,Codie Rohrbaugh,Grant County Mulch (Codie Rohrbaugh),Chevrolet,195.0,crash,0.0,1.0,0.0
2021,6,Richmond,37.0,17.0,45.0,Brett Moffitt,Niece Motorsports (Al Niece),Chevrolet,186.0,handling,0.0,0.0,0.0
2021,6,Richmond,38.0,33.0,10.0,Jennifer Jo Cobb,Fastener Supply Co. / Driven2Honor.org (Jennifer Jo Cobb),Chevrolet,168.0,dvp,0.0,1.0,0.0
2021,6,Richmond,39.0,24.0,12.0,Tate Fogleman,Solid Rock Carriers (Randy Young),Chevrolet,82.0,crash,0.0,1.0,0.0
2021,6,Richmond,40.0,16.0,40.0,Ryan Truex,Marquis 900 Wishes (Al Niece),Chevrolet,44.0,rear gear,0.0,1.0,0.0
2021,7,Kansas,1.0,2.0,51.0,Kyle Busch,Cessna (Kyle Busch),Toyota,140.0,running,59.0,0.0,0.0
2021,7,Kansas,2.0,34.0,44.0,Ross Chastain,Circle B Diecast (Al Niece),Chevrolet,140.0,running,6.0,0.0,0.0
2021,7,Kansas,3.0,7.0,16.0,Austin Hill,Gunma Toyopet (Shigeaki Hattori),Toyota,140.0,running,0.0,46.0,0.0
2021,7,Kansas,4.0,17.0,98.0,Christian Eckes,Mike Curb,Toyota,140.0,running,3.0,33.0,0.0
2021,7,Kansas,5.0,1.0,4.0,John H. Nemechek,Mobil 1 (Kyle Busch),Toyota,140.0,running,16.0,50.0,0.0
2021,7,Kansas,6.0,6.0,38.0,Todd Gilliland,Speedco (Bob Jenkins),Ford,140.0,running,0.0,36.0,0.0
2021,7,Kansas,7.0,9.0,21.0,Zane Smith,Maury Gallagher,Chevrolet,140.0,running,0.0,36.0,0.0
2021,7,Kansas,8.0,15.0,24.0,Raphael Lessard,CANAC (Maury Gallagher),Chevrolet,140.0,running,0.0,29.0,0.0
2021,7,Kansas,9.0,4.0,13.0,Johnny Sauter,Vivitar / RealTree (Duke Thorson),Toyota,140.0,running,13.0,28.0,0.0
2021,7,Kansas,10.0,3.0,99.0,Ben Rhodes,Bombardier LearJet 75 (Duke Thorson),Toyota,140.0,running,2.0,37.0,0.0
2021,7,Kansas,11.0,5.0,18.0,Chandler Smith,Safelite Auto Glass (Kyle Busch),Toyota,140.0,running,0.0,26.0,0.0
2021,7,Kansas,12.0,26.0,45.0,Bayley Currey,Sharky's Pub & Grub (Al Niece),Chevrolet,140.0,running,0.0,0.0,0.0
2021,7,Kansas,13.0,20.0,1.0,Hailie Deegan,Toter / Engine Ice (David Gilliland),Ford,140.0,running,0.0,25.0,0.0
2021,7,Kansas,14.0,10.0,52.0,Stewart Friesen,Halmar International (Chris Larsen),Toyota,140.0,running,0.0,32.0,0.0
2021,7,Kansas,15.0,13.0,26.0,Tyler Ankrum,Liuna (Maury Gallagher),Chevrolet,140.0,running,0.0,22.0,0.0
2021,7,Kansas,16.0,16.0,22.0,Austin Wayne Self,Airbox / AM Technical Solutions (Tim Self),Chevrolet,139.0,running,0.0,21.0,0.0
2021,7,Kansas,17.0,29.0,9.0,Grant Enfinger,Camping World (Codie Rohrbaugh),Chevrolet,139.0,running,0.0,20.0,0.0
2021,7,Kansas,18.0,18.0,15.0,Tanner Gray,Ford Performance (David Gilliland),Ford,139.0,running,0.0,19.0,0.0
2021,7,Kansas,19.0,30.0,4.0,Chase Briscoe,Trick Shot (Roper Racing),Ford,139.0,running,0.0,0.0,0.0
2021,7,Kansas,20.0,31.0,40.0,Ryan Truex,Niece Motorsports / Marquis (Al Niece),Chevrolet,139.0,running,0.0,17.0,0.0
2021,7,Kansas,21.0,22.0,25.0,Timothy Peters,Rackley Roofing (Rackley W.A.R.),Chevrolet,139.0,running,0.0,16.0,0.0
2021,7,Kansas,22.0,25.0,56.0,Timmy Hill,Camping World (Timmy Hill),Chevrolet,139.0,running,0.0,0.0,0.0
2021,7,Kansas,23.0,11.0,42.0,Carson Hocevar,Luther's BBQ (Al Niece),Chevrolet,139.0,running,0.0,14.0,0.0
2021,7,Kansas,24.0,12.0,88.0,Matt Crafton,Ideal Door / Menards (Duke Thorson),Toyota,139.0,running,0.0,19.0,0.0
2021,7,Kansas,25.0,23.0,23.0,Chase Purdy,BamaBuggies.com (Maury Gallagher),Chevrolet,138.0,running,0.0,12.0,0.0
2021,7,Kansas,26.0,21.0,30.0,Danny Bohn,North American Motor Car (Steven Lane),Toyota,138.0,running,0.0,11.0,0.0
2021,7,Kansas,27.0,32.0,32.0,Bret Holmes,Southern States Bank (Stacy Holmes),Chevrolet,138.0,running,0.0,10.0,0.0
2021,7,Kansas,28.0,14.0,19.0,Derek Kraus,Kafka Granite (Bill McAnally),Toyota,138.0,running,0.0,15.0,0.0
2021,7,Kansas,29.0,19.0,11.0,Spencer Davis,Inox Supreme Lubricants (Spencer Davis),Toyota,137.0,running,0.0,8.0,0.0
2021,7,Kansas,30.0,36.0,3.0,Jordan Anderson,Easy Care / BG Services / Bommarito (Jordan Anderson),Chevrolet,137.0,running,0.0,0.0,0.0
2021,7,Kansas,31.0,28.0,41.0,Dawson Cram,Mark Cram,Chevrolet,137.0,running,0.0,6.0,0.0
2021,7,Kansas,32.0,8.0,2.0,Sheldon Creed,Maury Gallagher,Chevrolet,136.0,running,41.0,21.0,0.0
2021,7,Kansas,33.0,24.0,2.0,Kris Wright,Master Tech (Randy Young),Chevrolet,135.0,running,0.0,4.0,0.0
2021,7,Kansas,34.0,40.0,34.0,C.J. McLaughlin,Sci Aps (Josh Reaume),Toyota,133.0,running,0.0,3.0,0.0
2021,7,Kansas,35.0,27.0,20.0,Spencer Boyd,Angry Brew (Randy Young),Chevrolet,133.0,running,0.0,2.0,0.0
2021,7,Kansas,36.0,35.0,12.0,Tate Fogleman,Solid Rock Carriers (Randy Young),Chevrolet,130.0,running,0.0,1.0,0.0
2021,7,Kansas,37.0,39.0,10.0,Jennifer Jo Cobb,Fastener Supply Co. (Jennifer Jo Cobb),Ford,106.0,electrical,0.0,1.0,0.0
2021,7,Kansas,38.0,38.0,33.0,Jesse Iwuji,Josh Reaume,Chevrolet,73.0,too slow,0.0,1.0,0.0
2021,7,Kansas,39.0,37.0,6.0,Norm Benning,MDS A Sign Co (Norm Benning),Chevrolet,42.0,too slow,0.0,1.0,0.0
2021,7,Kansas,40.0,33.0,49.0,Ryan Reed,Frontline Wraps (Ray Ciccarelli),Toyota,27.0,steering,0.0,1.0,0.0
2021,8,Darlington,1.0,15.0,2.0,Sheldon Creed,GMS Racing (Maury Gallagher),Chevrolet,147.0,running,7.0,49.0,5.0
2021,8,Darlington,2.0,4.0,99.0,Ben Rhodes,Bombardier LearJet 75 (Duke Thorson),Toyota,147.0,running,34.0,35.0,0.0
2021,8,Darlington,3.0,14.0,42.0,Carson Hocevar,Scott's / GM Parts Now (Al Niece),Chevrolet,147.0,running,1.0,42.0,0.0
2021,8,Darlington,4.0,9.0,88.0,Matt Crafton,Ideal Door / Menards (Duke Thorson),Toyota,147.0,running,0.0,38.0,0.0
2021,8,Darlington,5.0,17.0,98.0,Grant Enfinger,Champion / Curb Records (Mike Curb),Toyota,147.0,running,0.0,34.0,0.0
2021,8,Darlington,6.0,6.0,13.0,Johnny Sauter,Vivitar / RealTree (Duke Thorson),Toyota,147.0,running,0.0,31.0,0.0
2021,8,Darlington,7.0,26.0,56.0,Timmy Hill,LiftKits4Less.com (Timmy Hill),Chevrolet,147.0,running,1.0,35.0,0.0
2021,8,Darlington,8.0,1.0,4.0,John H. Nemechek,Pye-Barker Fire & Safety (Kyle Busch),Toyota,147.0,running,65.0,48.0,1.0
2021,8,Darlington,9.0,12.0,22.0,Austin Wayne Self,AM Technical Solutions / Go Texan (Tim Self),Chevrolet,147.0,running,0.0,28.0,0.0
2021,8,Darlington,10.0,31.0,3.0,Jordan Anderson,Rusty's Off Road / Bommarito.com (Jordan Anderson),Chevrolet,147.0,running,0.0,27.0,0.0
2021,8,Darlington,11.0,18.0,40.0,Ryan Truex,Marquis Spas (Al Niece),Chevrolet,147.0,running,4.0,26.0,0.0
2021,8,Darlington,12.0,19.0,24.0,Ryan Reed,Tandem Diabetes Care (Maury Gallagher),Chevrolet,147.0,running,0.0,25.0,0.0
2021,8,Darlington,13.0,2.0,16.0,Austin Hill,United Rentals (Shigeaki Hattori),Toyota,147.0,running,11.0,33.0,0.0
2021,8,Darlington,14.0,16.0,26.0,Tyler Ankrum,Liuna (Maury Gallagher),Chevrolet,147.0,running,0.0,24.0,0.0
2021,8,Darlington,15.0,5.0,38.0,Todd Gilliland,Black's Tire (Bob Jenkins),Ford,147.0,running,17.0,36.0,1.0
2021,8,Darlington,16.0,3.0,21.0,Zane Smith,Maury Gallagher,Chevrolet,147.0,running,0.0,29.0,0.0
2021,8,Darlington,17.0,22.0,45.0,Erik Darnell,Northern Tool & Equipment (Al Niece),Chevrolet,147.0,running,0.0,20.0,0.0
2021,8,Darlington,18.0,27.0,30.0,Danny Bohn,North American Motor Car (Steven Lane),Toyota,147.0,running,0.0,19.0,0.0
2021,8,Darlington,19.0,21.0,25.0,Timothy Peters,Rackley Roofing (Rackley W.A.R.),Chevrolet,147.0,running,0.0,19.0,0.0
2021,8,Darlington,20.0,10.0,1.0,Hailie Deegan,Ford Performance (David Gilliland),Ford,147.0,running,0.0,17.0,0.0
2021,8,Darlington,21.0,38.0,44.0,Bayley Currey,Hardcore Fish & Game (Al Niece),Chevrolet,146.0,running,0.0,16.0,0.0
2021,8,Darlington,22.0,34.0,20.0,Spencer Boyd,Credit MRI (Randy Young),Chevrolet,144.0,running,0.0,15.0,0.0
2021,8,Darlington,23.0,13.0,51.0,Corey Heim,JBL (Kyle Busch),Toyota,142.0,dvp,2.0,26.0,0.0
2021,8,Darlington,24.0,37.0,10.0,Jennifer Jo Cobb,Fastener Supply Co. (Jennifer Jo Cobb),Chevrolet,139.0,overheating,0.0,13.0,0.0
2021,8,Darlington,25.0,7.0,52.0,Stewart Friesen,Halmar Intl. / Folgers Throwback (Chris Larsen),Toyota,131.0,dvp,2.0,18.0,0.0
2021,8,Darlington,26.0,36.0,75.0,Parker Kligerman,Food Country USA (Charlie Henderson),Chevrolet,130.0,crash,0.0,11.0,0.0
2021,8,Darlington,27.0,8.0,18.0,Chandler Smith,Safelite Auto Glass (Kyle Busch),Toyota,126.0,parked,0.0,21.0,0.0
2021,8,Darlington,28.0,35.0,17.0,David Gilliland,Black's Tire (David Gilliland),Ford,117.0,crash,0.0,9.0,0.0
2021,8,Darlington,29.0,28.0,11.0,Spencer Davis,Inox Supreme Lubricants (Spencer Davis),Toyota,117.0,crash,0.0,8.0,0.0
2021,8,Darlington,30.0,33.0,12.0,Tate Fogleman,Randco Industries (Randy Young),Chevrolet,117.0,crash,0.0,7.0,0.0
2021,8,Darlington,31.0,32.0,41.0,Dawson Cram,Camping World (Mark Cram),Chevrolet,117.0,crash,0.0,6.0,0.0
2021,8,Darlington,32.0,39.0,33.0,B.J. McLeod,Camping World (Josh Reaume),Chevrolet,117.0,crash,0.0,5.0,0.0
2021,8,Darlington,33.0,11.0,15.0,Tanner Gray,Ford Performance (David Gilliland),Ford,110.0,crash,2.0,4.0,0.0
2021,8,Darlington,34.0,23.0,34.0,Akinori Ogata,Kyowa Industrial (Josh Reaume),Toyota,110.0,crash,1.0,3.0,0.0
2021,8,Darlington,35.0,20.0,19.0,Derek Kraus,NAPA Power Premium Plus (Bill McAnally),Toyota,109.0,running,0.0,2.0,0.0
2021,8,Darlington,36.0,24.0,23.0,Chase Purdy,BamaBuggies.com (Maury Gallagher),Chevrolet,80.0,crash,0.0,1.0,0.0
2021,8,Darlington,37.0,40.0,6.0,Norm Benning,Camping World (Norm Benning),Chevrolet,61.0,too slow,0.0,1.0,0.0
2021,8,Darlington,38.0,25.0,9.0,Codie Rohrbaugh,Grant County Mulch (Codie Rohrbaugh),Chevrolet,26.0,crash,0.0,1.0,0.0
2021,8,Darlington,39.0,30.0,2.0,Kris Wright,WrightCars.com (Randy Young),Chevrolet,25.0,crash,0.0,1.0,0.0
2021,8,Darlington,40.0,29.0,4.0,Cory Roper,TechNet Professional (Roper Racing),Ford,13.0,crash,0.0,1.0,0.0
2021,9,Austin,1.0,5.0,38.0,Todd Gilliland,Crosley Brands (Bob Jenkins),Ford,41.0,running,8.0,52.0,6.0
2021,9,Austin,2.0,2.0,2.0,Kaz Grala,Young's Bulding Systems / Randco (Randy Young),Chevrolet,41.0,running,11.0,49.0,0.0
2021,9,Austin,3.0,1.0,26.0,Tyler Ankrum,Circle B Diecast (Maury Gallagher),Chevrolet,41.0,running,4.0,48.0,0.0
2021,9,Austin,4.0,23.0,9.0,Grant Enfinger,Good Sam Club (Codie Rohrbaugh),Chevrolet,41.0,running,0.0,33.0,0.0
2021,9,Austin,5.0,3.0,2.0,Sheldon Creed,Maury Gallagher,Chevrolet,41.0,running,14.0,41.0,0.0
2021,9,Austin,6.0,21.0,32.0,Sam Mayer,Camping World (Stacy Holmes),Chevrolet,41.0,running,0.0,39.0,0.0
2021,9,Austin,7.0,17.0,42.0,Carson Hocevar,Plains Capital / MG Machinery (Al Niece),Chevrolet,41.0,running,0.0,30.0,0.0
2021,9,Austin,8.0,15.0,21.0,Zane Smith,MRC Construction (Maury Gallagher),Chevrolet,41.0,running,0.0,29.0,0.0
2021,9,Austin,9.0,9.0,16.0,Austin Hill,United Rentals (Shigeaki Hattori),Toyota,41.0,running,0.0,28.0,0.0
2021,9,Austin,10.0,11.0,99.0,Ben Rhodes,Bombardier LearJet 75 (Duke Thorson),Toyota,41.0,running,3.0,43.0,1.0
2021,9,Austin,11.0,26.0,66.0,Paul Menard,Mattei Air Compressors (Duke Thorson),Toyota,41.0,running,0.0,26.0,0.0
2021,9,Austin,12.0,6.0,4.0,John H. Nemechek,Romco (Kyle Busch),Toyota,41.0,running,0.0,28.0,0.0
2021,9,Austin,13.0,13.0,75.0,Parker Kligerman,Good Sam Club (Charlie Henderson),Chevrolet,41.0,running,0.0,24.0,0.0
2021,9,Austin,14.0,28.0,1.0,Hailie Deegan,Monster Energy (David Gilliland),Ford,41.0,running,0.0,23.0,0.0
2021,9,Austin,15.0,4.0,88.0,Matt Crafton,Oklahoma Joe's / Menards (Duke Thorson),Toyota,41.0,running,1.0,38.0,0.0
2021,9,Austin,16.0,29.0,22.0,Austin Wayne Self,AM Technical Solutions / Go Texan (Tim Self),Chevrolet,41.0,running,0.0,21.0,0.0
2021,9,Austin,17.0,16.0,52.0,Stewart Friesen,Halmar International (Chris Larsen),Toyota,41.0,running,0.0,24.0,0.0
2021,9,Austin,18.0,8.0,51.0,Parker Chase,Vertical Bridge (Kyle Busch),Toyota,41.0,running,0.0,19.0,0.0
2021,9,Austin,19.0,24.0,11.0,Camden Murphy,Inox Supreme Lubricants (Spencer Davis),Chevrolet,41.0,running,0.0,19.0,0.0
2021,9,Austin,20.0,12.0,40.0,Ryan Truex,Freightliner (Al Niece),Chevrolet,41.0,running,0.0,17.0,0.0
2021,9,Austin,21.0,19.0,19.0,Derek Kraus,NAPA Autocare (Bill McAnally),Toyota,41.0,running,0.0,24.0,0.0
2021,9,Austin,22.0,27.0,13.0,Johnny Sauter,AHI Facility Services (Duke Thorson),Toyota,41.0,running,0.0,15.0,0.0
2021,9,Austin,23.0,32.0,34.0,Lawless Alan,Auto ParkIt (Josh Reaume),Toyota,41.0,running,0.0,14.0,0.0
2021,9,Austin,24.0,22.0,56.0,Timmy Hill,Good Sam (Timmy Hill),Chevrolet,41.0,running,0.0,14.0,0.0
2021,9,Austin,25.0,30.0,12.0,Tate Fogleman,Solid Rock Carriers (Randy Young),Chevrolet,41.0,running,0.0,12.0,0.0
2021,9,Austin,26.0,14.0,45.0,Bayley Currey,Chasco Constructors (Al Niece),Chevrolet,41.0,running,0.0,15.0,0.0
2021,9,Austin,27.0,31.0,23.0,Chase Purdy,BamaBuggies.com (Maury Gallagher),Chevrolet,41.0,running,0.0,10.0,0.0
2021,9,Austin,28.0,33.0,24.0,Jack Wood,Chevy Accessories (Maury Gallagher),Chevrolet,41.0,running,0.0,9.0,0.0
2021,9,Austin,29.0,25.0,30.0,Michele Abbate,Scosche (Steven Lane),Toyota,41.0,running,0.0,8.0,0.0
2021,9,Austin,30.0,34.0,4.0,Cory Roper,Carquest Auto Parts (Roper Racing),Ford,41.0,running,0.0,7.0,0.0
2021,9,Austin,31.0,36.0,15.0,Tanner Gray,Ford Performance (David Gilliland),Ford,40.0,running,0.0,6.0,0.0
2021,9,Austin,32.0,18.0,25.0,Timothy Peters,Rackley Roofing (Rackley W.A.R.),Chevrolet,40.0,running,0.0,5.0,0.0
2021,9,Austin,33.0,20.0,18.0,Chandler Smith,Safelite Auto Glass (Kyle Busch),Toyota,39.0,running,0.0,4.0,0.0
2021,9,Austin,34.0,35.0,3.0,Roger Reuse,I Heart Mac & Cheese (Jordan Anderson),Chevrolet,38.0,running,0.0,3.0,0.0
2021,9,Austin,35.0,10.0,98.0,Christian Eckes,Farm Paint / Curb Records (Mike Curb),Toyota,36.0,suspension,0.0,2.0,0.0
2021,9,Austin,36.0,7.0,33.0,Cameron Lawrence,Impact Health (Josh Reaume),Chevrolet,34.0,running,0.0,1.0,0.0
2021,10,Charlotte,1.0,4.0,4.0,John H. Nemechek,Mobil 1 (Kyle Busch),Toyota,134.0,running,71.0,49.0,5.0
2021,10,Charlotte,2.0,9.0,42.0,Carson Hocevar,Scott's / GM Parts Now (Al Niece),Chevrolet,134.0,running,5.0,39.0,0.0
2021,10,Charlotte,3.0,5.0,99.0,Ben Rhodes,Bombardier LearJet 75 (Duke Thorson),Toyota,134.0,running,0.0,36.0,0.0
2021,10,Charlotte,4.0,11.0,52.0,Stewart Friesen,Halmar International (Chris Larsen),Toyota,134.0,running,1.0,36.0,0.0
2021,10,Charlotte,5.0,1.0,38.0,Todd Gilliland,The Pete Store (Bob Jenkins),Ford,134.0,running,5.0,41.0,0.0
2021,10,Charlotte,6.0,23.0,18.0,Chandler Smith,Safelite Auto Glass (Kyle Busch),Toyota,134.0,running,0.0,31.0,0.0
2021,10,Charlotte,7.0,31.0,66.0,Ty Majeski,SimCraft (Duke Thorson),Toyota,134.0,running,0.0,38.0,0.0
2021,10,Charlotte,8.0,15.0,19.0,Derek Kraus,NAPA Power Premium Plus (Bill McAnally),Toyota,134.0,running,0.0,40.0,0.0
2021,10,Charlotte,9.0,3.0,16.0,Austin Hill,United Rentals (Shigeaki Hattori),Toyota,134.0,running,0.0,44.0,0.0
2021,10,Charlotte,10.0,6.0,21.0,Zane Smith,Good Sam (Maury Gallagher),Chevrolet,134.0,running,13.0,43.0,1.0
2021,10,Charlotte,11.0,22.0,98.0,Christian Eckes,Farm Paint / Curb Records (Mike Curb),Toyota,134.0,running,3.0,26.0,0.0
2021,10,Charlotte,12.0,16.0,40.0,Ryan Truex,Marquis Spas (Al Niece),Chevrolet,134.0,running,1.0,31.0,0.0
2021,10,Charlotte,13.0,12.0,1.0,Hailie Deegan,Toter / Engine Ice (David Gilliland),Ford,133.0,running,0.0,25.0,0.0
2021,10,Charlotte,14.0,8.0,9.0,Grant Enfinger,Camping World (Codie Rohrbaugh),Chevrolet,133.0,running,0.0,25.0,0.0
2021,10,Charlotte,15.0,20.0,24.0,Jack Wood,Chevy Accessories (Maury Gallagher),Chevrolet,133.0,running,0.0,22.0,0.0
2021,10,Charlotte,16.0,7.0,26.0,Tyler Ankrum,Liuna (Maury Gallagher),Chevrolet,133.0,running,2.0,26.0,0.0
2021,10,Charlotte,17.0,13.0,22.0,Austin Wayne Self,AM Technical Solutions / Go Texan (Tim Self),Chevrolet,133.0,running,0.0,20.0,0.0
2021,10,Charlotte,18.0,18.0,56.0,Timmy Hill,Hill Motorsports (Timmy Hill),Chevrolet,133.0,running,0.0,19.0,0.0
2021,10,Charlotte,19.0,19.0,45.0,Bayley Currey,Niece Motorsports (Al Niece),Chevrolet,133.0,running,0.0,18.0,0.0
2021,10,Charlotte,20.0,17.0,51.0,Drew Dollar,Sunbelt Rentals (Kyle Busch),Toyota,133.0,running,0.0,17.0,0.0
2021,10,Charlotte,21.0,36.0,41.0,Dawson Cram,Camping World (Mark Cram),Chevrolet,133.0,running,0.0,16.0,0.0
2021,10,Charlotte,22.0,25.0,15.0,Tanner Gray,Ford Performance (David Gilliland),Ford,133.0,running,0.0,15.0,0.0
2021,10,Charlotte,23.0,21.0,2.0,Kris Wright,First National Bank (Randy Young),Chevrolet,132.0,running,0.0,14.0,0.0
2021,10,Charlotte,24.0,32.0,30.0,Danny Bohn,North American Motor Car (Steven Lane),Toyota,131.0,running,0.0,13.0,0.0
2021,10,Charlotte,25.0,27.0,4.0,Cory Roper,Carquest Auto Parts (Roper Racing),Ford,129.0,running,0.0,12.0,0.0
2021,10,Charlotte,26.0,35.0,20.0,Spencer Boyd,Credit MRI (Randy Young),Chevrolet,128.0,running,0.0,11.0,0.0
2021,10,Charlotte,27.0,30.0,34.0,C.J. McLaughlin,Sci Aps (Josh Reaume),Toyota,127.0,running,0.0,10.0,0.0
2021,10,Charlotte,28.0,34.0,33.0,Akinori Ogata,Good Sam's (Josh Reaume),Chevrolet,125.0,running,0.0,9.0,0.0
2021,10,Charlotte,29.0,33.0,3.0,Keith McGee,Viva La Stool / Barstool Sports (Jordan Anderson),Chevrolet,123.0,running,0.0,8.0,0.0
2021,10,Charlotte,30.0,10.0,88.0,Matt Crafton,Jack Links / Menards (Duke Thorson),Toyota,114.0,engine,0.0,15.0,0.0
2021,10,Charlotte,31.0,14.0,13.0,Johnny Sauter,Tenda Equine & Pet Care Products (Duke Thorson),Toyota,111.0,crash,0.0,6.0,0.0
2021,10,Charlotte,32.0,38.0,14.0,Trey Hutchens,Heintz Bros. Performance (Trey Hutchens),Chevrolet,108.0,crash,0.0,5.0,0.0
2021,10,Charlotte,33.0,37.0,10.0,Jennifer Jo Cobb,Fastener Supply Co. (Jennifer Jo Cobb),Ford,71.0,suspension,0.0,4.0,0.0
2021,10,Charlotte,34.0,26.0,23.0,Chase Purdy,BamaBuggies.com (Maury Gallagher),Chevrolet,59.0,dvp,0.0,3.0,0.0
2021,10,Charlotte,35.0,2.0,2.0,Sheldon Creed,LiftKits4Less.com (Maury Gallagher),Chevrolet,55.0,crash,33.0,12.0,1.0
2021,10,Charlotte,36.0,28.0,32.0,Bret Holmes,Southern State Bank (Stacy Holmes),Chevrolet,49.0,crash,0.0,1.0,0.0
2021,10,Charlotte,37.0,24.0,12.0,Tate Fogleman,Da-Quick Clip / Operation Kare (Randy Young),Chevrolet,38.0,rear gear,0.0,1.0,0.0
2021,10,Charlotte,38.0,29.0,25.0,Timothy Peters,Rackley Roofing (Rackley W.A.R.),Chevrolet,13.0,steering,0.0,1.0,0.0
2021,11,Fort Worth,1.0,1.0,4.0,John H. Nemechek,Romco (Kyle Busch),Toyota,147.0,running,64.0,53.0,6.0
2021,11,Fort Worth,2.0,22.0,24.0,Chase Elliott,Adrenaline Shoc (Maury Gallagher),Chevrolet,147.0,running,45.0,0.0,0.0
2021,11,Fort Worth,3.0,18.0,98.0,Grant Enfinger,Champion / Curb Records (Mike Curb),Toyota,147.0,running,0.0,36.0,0.0
2021,11,Fort Worth,4.0,5.0,16.0,Austin Hill,AISIN (Shigeaki Hattori),Toyota,147.0,running,0.0,43.0,0.0
2021,11,Fort Worth,5.0,8.0,18.0,Chandler Smith,Safelite Auto Glass (Kyle Busch),Toyota,147.0,running,0.0,43.0,0.0
2021,11,Fort Worth,6.0,7.0,21.0,Zane Smith,MRC Construction (Maury Gallagher),Chevrolet,147.0,running,12.0,41.0,1.0
2021,11,Fort Worth,7.0,4.0,38.0,Todd Gilliland,Speedy Cash (Bob Jenkins),Ford,147.0,running,8.0,32.0,0.0
2021,11,Fort Worth,8.0,11.0,26.0,Tyler Ankrum,Liuna (Maury Gallagher),Chevrolet,147.0,running,0.0,29.0,0.0
2021,11,Fort Worth,9.0,20.0,15.0,Tanner Gray,Ford Performance (David Gilliland),Ford,147.0,running,7.0,37.0,0.0
2021,11,Fort Worth,10.0,33.0,25.0,Josh Berry,Rackley Roofing (Rackley W.A.R.),Chevrolet,147.0,running,0.0,0.0,0.0
2021,11,Fort Worth,11.0,3.0,42.0,Carson Hocevar,Sparco / Plains Capital Bank (Al Niece),Chevrolet,147.0,running,0.0,26.0,0.0
2021,11,Fort Worth,12.0,17.0,13.0,Johnny Sauter,AHI Facility Services (Duke Thorson),Toyota,147.0,running,0.0,25.0,0.0
2021,11,Fort Worth,13.0,9.0,19.0,Derek Kraus,Hunter Nation (Bill McAnally),Toyota,146.0,running,0.0,35.0,0.0
2021,11,Fort Worth,14.0,27.0,30.0,Brennan Poole,On Point Motorsports (Steven Lane),Toyota,146.0,running,0.0,35.0,0.0
2021,11,Fort Worth,15.0,13.0,22.0,Austin Wayne Self,AM Technical Solutions / Go Texan (Tim Self),Chevrolet,146.0,running,0.0,26.0,0.0
2021,11,Fort Worth,16.0,14.0,40.0,Ryan Truex,Marquis Spas (Al Niece),Chevrolet,146.0,running,0.0,21.0,0.0
2021,11,Fort Worth,17.0,28.0,23.0,Chase Purdy,BamaBuggies.com (Maury Gallagher),Chevrolet,145.0,running,0.0,20.0,0.0
2021,11,Fort Worth,18.0,21.0,4.0,Cory Roper,Carquest Auto Parts (Roper Racing),Ford,145.0,running,0.0,19.0,0.0
2021,11,Fort Worth,19.0,25.0,56.0,Tyler Hill,Mountain Fork Brewery (Timmy Hill),Chevrolet,145.0,running,0.0,18.0,0.0
2021,11,Fort Worth,20.0,15.0,88.0,Matt Crafton,Chi Chi's / Menards (Duke Thorson),Toyota,144.0,running,0.0,17.0,0.0
2021,11,Fort Worth,21.0,23.0,41.0,Dawson Cram,Camping World (Mark Cram),Chevrolet,144.0,running,0.0,16.0,0.0
2021,11,Fort Worth,22.0,19.0,2.0,Kris Wright,America's Auto Auction (Randy Young),Chevrolet,144.0,running,0.0,15.0,0.0
2021,11,Fort Worth,23.0,30.0,3.0,Howie DiSavino III,Good Sam (Jordan Anderson),Chevrolet,143.0,running,0.0,14.0,0.0
2021,11,Fort Worth,24.0,12.0,1.0,Hailie Deegan,Toter (David Gilliland),Ford,142.0,running,0.0,13.0,0.0
2021,11,Fort Worth,25.0,31.0,12.0,Tate Fogleman,Da-Quick Clip / Randco (Randy Young),Chevrolet,142.0,running,0.0,12.0,0.0
2021,11,Fort Worth,26.0,2.0,99.0,Ben Rhodes,Bombardier LearJet 75 (Duke Thorson),Toyota,141.0,running,6.0,19.0,0.0
2021,11,Fort Worth,27.0,26.0,20.0,Spencer Boyd,Record Rack (Randy Young),Chevrolet,141.0,running,0.0,10.0,0.0
2021,11,Fort Worth,28.0,29.0,34.0,Jesse Iwuji,eRacing Association / Gap 'Em (Josh Reaume),Toyota,141.0,running,0.0,9.0,0.0
2021,11,Fort Worth,29.0,34.0,33.0,Keith McGee,The Mullet That Changed (Josh Reaume),Chevrolet,140.0,running,0.0,8.0,0.0
2021,11,Fort Worth,30.0,35.0,6.0,Norm Benning,Camping World (Norm Benning),Chevrolet,134.0,running,0.0,7.0,0.0
2021,11,Fort Worth,31.0,32.0,10.0,Jennifer Jo Cobb,Fastener Supply Co. (Jennifer Jo Cobb),Ford,131.0,running,0.0,6.0,0.0
2021,11,Fort Worth,32.0,36.0,49.0,Ray Ciccarelli,Sam's Dock (Ray Ciccarelli),Toyota,89.0,brakes,0.0,5.0,0.0
2021,11,Fort Worth,33.0,10.0,51.0,Drew Dollar,Sunbelt Rentals (Kyle Busch),Toyota,68.0,crash,0.0,4.0,0.0
2021,11,Fort Worth,34.0,6.0,52.0,Stewart Friesen,Halmar International (Chris Larsen),Toyota,52.0,crash,0.0,9.0,0.0
2021,11,Fort Worth,35.0,16.0,2.0,Sheldon Creed,LiftKits4Less.com (Maury Gallagher),Chevrolet,18.0,crash,0.0,2.0,0.0
2021,11,Fort Worth,36.0,24.0,45.0,Ross Chastain,Circle B Diecast (Al Niece),Chevrolet,147.0,disqualified,5.0,0.0,0.0
2021,12,Nashville,1.0,6.0,17.0,Ryan Preece,Hunt Brothers Pizza (David Gilliland),Ford,150.0,running,8.0,0.0,0.0
2021,12,Nashville,2.0,35.0,38.0,Todd Gilliland,Crosley Brands (Bob Jenkins),Ford,150.0,running,0.0,10.0,0.0
2021,12,Nashville,3.0,4.0,98.0,Grant Enfinger,Champion / Curb Records (Mike Curb),Toyota,150.0,running,39.0,43.0,0.0
2021,12,Nashville,4.0,9.0,21.0,Zane Smith,Chevy.com / Chevy Accessories (Maury Gallagher),Chevrolet,150.0,running,0.0,46.0,0.0
2021,12,Nashville,5.0,17.0,52.0,Stewart Friesen,Halmar International (Chris Larsen),Toyota,150.0,running,5.0,32.0,0.0
2021,12,Nashville,6.0,15.0,88.0,Matt Crafton,Chi Chi's / Menards (Duke Thorson),Toyota,150.0,running,0.0,37.0,0.0
2021,12,Nashville,7.0,16.0,99.0,Ben Rhodes,Bombardier LearJet 75 (Duke Thorson),Toyota,150.0,running,0.0,35.0,0.0
2021,12,Nashville,8.0,13.0,66.0,Ty Majeski,Sim Craft (Duke Thorson),Toyota,150.0,running,0.0,29.0,0.0
2021,12,Nashville,9.0,3.0,16.0,Austin Hill,JBL (Shigeaki Hattori),Toyota,150.0,running,2.0,37.0,0.0
2021,12,Nashville,10.0,34.0,4.0,John H. Nemechek,Mobil 1 (Kyle Busch),Toyota,150.0,running,0.0,27.0,0.0
2021,12,Nashville,11.0,2.0,24.0,Jack Wood,Chevy Accessories (Maury Gallagher),Chevrolet,150.0,running,0.0,36.0,0.0
2021,12,Nashville,12.0,8.0,13.0,Johnny Sauter,Tenda Equine & Pet Care Products (Duke Thorson),Toyota,150.0,running,0.0,35.0,0.0
2021,12,Nashville,13.0,5.0,18.0,Chandler Smith,Safelite Auto Glass (Kyle Busch),Toyota,150.0,running,48.0,42.0,1.0
2021,12,Nashville,14.0,24.0,2.0,Sheldon Creed,LiftKits4Less.com (Maury Gallagher),Chevrolet,150.0,running,0.0,23.0,0.0
2021,12,Nashville,15.0,21.0,23.0,Chase Purdy,BamaBuggies.com (Maury Gallagher),Chevrolet,150.0,running,0.0,22.0,0.0
2021,12,Nashville,16.0,11.0,42.0,Carson Hocevar,Scott's / GM Parts Now (Al Niece),Chevrolet,150.0,running,0.0,21.0,0.0
2021,12,Nashville,17.0,18.0,75.0,Parker Kligerman,Fast Checkout (Charlie Henderson),Chevrolet,150.0,running,0.0,20.0,0.0
2021,12,Nashville,18.0,36.0,15.0,Tanner Gray,Ford Performance (David Gilliland),Ford,150.0,running,0.0,-3.0,0.0
2021,12,Nashville,19.0,12.0,25.0,Josh Berry,Rackley Roofing (Rackley W.A.R.),Chevrolet,150.0,running,0.0,0.0,0.0
2021,12,Nashville,20.0,22.0,12.0,Tate Fogleman,Sim Seats (Randy Young),Chevrolet,150.0,running,0.0,17.0,0.0
2021,12,Nashville,21.0,14.0,1.0,Hailie Deegan,Monster Energy (David Gilliland),Ford,150.0,running,0.0,16.0,0.0
2021,12,Nashville,22.0,23.0,45.0,Ross Chastain,Georgia Watermelon / Circle B Diecast (Al Niece),Chevrolet,150.0,running,0.0,0.0,0.0
2021,12,Nashville,23.0,7.0,26.0,Tyler Ankrum,Liuna (Maury Gallagher),Chevrolet,150.0,running,0.0,15.0,0.0
2021,12,Nashville,24.0,20.0,51.0,Drew Dollar,Sunbelt Rentals (Kyle Busch),Toyota,150.0,running,0.0,13.0,0.0
2021,12,Nashville,25.0,30.0,11.0,Spencer Davis,INOX Lubricants (Spencer Davis),Toyota,150.0,running,0.0,12.0,0.0
2021,12,Nashville,26.0,19.0,40.0,Ryan Truex,Marquis Spas (Al Niece),Chevrolet,150.0,running,0.0,11.0,0.0
2021,12,Nashville,27.0,27.0,22.0,Austin Wayne Self,The At Home Concert Experience (Tim Self),Chevrolet,150.0,running,0.0,10.0,0.0
2021,12,Nashville,28.0,31.0,41.0,Dawson Cram,Camping World (Mark Cram),Chevrolet,150.0,running,0.0,9.0,0.0
2021,12,Nashville,29.0,25.0,56.0,Timmy Hill,Mountain Fork Brewery (Timmy Hill),Chevrolet,150.0,running,0.0,8.0,0.0
2021,12,Nashville,30.0,32.0,30.0,Danny Bohn,North American Motor Car (Steven Lane),Toyota,149.0,running,0.0,7.0,0.0
2021,12,Nashville,31.0,33.0,4.0,Cory Roper,Carquest Auto Parts (Roper Racing),Ford,148.0,running,0.0,6.0,0.0
2021,12,Nashville,32.0,29.0,2.0,Kris Wright,Master Tech (Randy Young),Chevrolet,148.0,running,0.0,5.0,0.0
2021,12,Nashville,33.0,28.0,14.0,Trey Hutchens,Rich Mar / Quality Roof Seamers (Trey Hutchens),Chevrolet,146.0,running,0.0,4.0,0.0
2021,12,Nashville,34.0,26.0,34.0,Lawless Alan,Auto ParkIt (Josh Reaume),Toyota,142.0,running,0.0,3.0,0.0
2021,12,Nashville,35.0,1.0,19.0,Derek Kraus,Thorogood (Bill McAnally),Toyota,110.0,crash,48.0,20.0,1.0
2021,12,Nashville,36.0,10.0,27.0,William Byron,Cruisin' Sports / Rackley Roofing (Rackley W.A.R.),Chevrolet,78.0,engine,0.0,0.0,0.0
2021,13,Pocono,1.0,7.0,4.0,John H. Nemechek,Power Up Premium Trail Mix (Kyle Busch),Toyota,60.0,running,12.0,50.0,6.0
2021,13,Pocono,2.0,22.0,51.0,Kyle Busch,Cessna (Kyle Busch),Toyota,60.0,running,20.0,0.0,0.0
2021,13,Pocono,3.0,10.0,2.0,Sheldon Creed,Chaos & Kindness (Maury Gallagher),Chevrolet,60.0,running,3.0,42.0,0.0
2021,13,Pocono,4.0,18.0,26.0,Tyler Ankrum,Liuna (Maury Gallagher),Chevrolet,60.0,running,0.0,33.0,0.0
2021,13,Pocono,5.0,4.0,16.0,Austin Hill,Toyota Tsusho (Shigeaki Hattori),Toyota,60.0,running,0.0,42.0,0.0
2021,13,Pocono,6.0,5.0,88.0,Matt Crafton,Ideal Door / Menards (Duke Thorson),Toyota,60.0,running,0.0,38.0,0.0
2021,13,Pocono,7.0,1.0,38.0,Todd Gilliland,Frontline Enterprises (Bob Jenkins),Ford,60.0,running,4.0,37.0,0.0
2021,13,Pocono,8.0,2.0,21.0,Zane Smith,Arlon SLX+ (Maury Gallagher),Chevrolet,60.0,running,18.0,39.0,1.0
2021,13,Pocono,9.0,8.0,17.0,Ryan Preece,Morton Buildings (David Gilliland),Ford,60.0,running,0.0,0.0,0.0
2021,13,Pocono,10.0,24.0,19.0,Derek Kraus,Hunter Nation (Bill McAnally),Toyota,60.0,running,0.0,27.0,0.0
2021,13,Pocono,11.0,20.0,25.0,Josh Berry,Rackley Roofing (Rackley W.A.R.),Chevrolet,60.0,running,0.0,0.0,0.0
2021,13,Pocono,12.0,16.0,98.0,Christian Eckes,Tsport / Curb Records (Mike Curb),Toyota,60.0,running,0.0,27.0,0.0
2021,13,Pocono,13.0,13.0,42.0,Carson Hocevar,Sparco / Acurlite (Al Niece),Chevrolet,60.0,running,0.0,24.0,0.0
2021,13,Pocono,14.0,14.0,66.0,Ty Majeski,CRC Brakleen (Duke Thorson),Toyota,60.0,running,0.0,27.0,0.0
2021,13,Pocono,15.0,15.0,23.0,Chase Purdy,BamaBuggies.com (Maury Gallagher),Chevrolet,60.0,running,0.0,25.0,0.0
2021,13,Pocono,16.0,17.0,15.0,Tanner Gray,Ford Performance (David Gilliland),Ford,60.0,running,0.0,21.0,0.0
2021,13,Pocono,17.0,3.0,99.0,Ben Rhodes,Bombardier LearJet 75 (Duke Thorson),Toyota,60.0,running,2.0,34.0,0.0
2021,13,Pocono,18.0,23.0,40.0,Ryan Truex,Marquis Spas (Al Niece),Chevrolet,60.0,running,0.0,19.0,0.0
2021,13,Pocono,19.0,21.0,22.0,Austin Wayne Self,AM Technical Solutions / Go Texan (Tim Self),Chevrolet,60.0,running,0.0,18.0,0.0
2021,13,Pocono,20.0,29.0,34.0,Lawless Alan,Auto ParkIt (Josh Reaume),Toyota,60.0,running,0.0,17.0,0.0
2021,13,Pocono,21.0,25.0,12.0,Tate Fogleman,Sim Seats (Randy Young),Chevrolet,60.0,running,0.0,16.0,0.0
2021,13,Pocono,22.0,33.0,3.0,Howie DiSavino III,Kees Vacations / Bud's (Jordan Anderson),Chevrolet,60.0,running,0.0,15.0,0.0
2021,13,Pocono,23.0,38.0,49.0,Ray Ciccarelli,Sam's Dock (Ray Ciccarelli),Toyota,60.0,running,0.0,14.0,0.0
2021,13,Pocono,24.0,30.0,56.0,Tyler Hill,Hill Motorsports (Timmy Hill),Chevrolet,60.0,running,0.0,13.0,0.0
2021,13,Pocono,25.0,11.0,18.0,Chandler Smith,JBL (Kyle Busch),Toyota,59.0,running,0.0,18.0,0.0
2021,13,Pocono,26.0,19.0,1.0,Hailie Deegan,Toter (David Gilliland),Ford,59.0,running,0.0,11.0,0.0
2021,13,Pocono,27.0,34.0,20.0,Spencer Boyd,Rich Mar Florist (Randy Young),Chevrolet,59.0,running,0.0,10.0,0.0
2021,13,Pocono,28.0,35.0,33.0,Josh Reaume,Reaume Brothers Racing (Josh Reaume),Chevrolet,59.0,running,0.0,9.0,0.0
2021,13,Pocono,29.0,32.0,41.0,Todd Peck,Holla Vodka (Mark Cram),Chevrolet,59.0,running,1.0,8.0,0.0
2021,13,Pocono,30.0,26.0,2.0,Kris Wright,Master Tech (Randy Young),Chevrolet,59.0,running,0.0,8.0,0.0
2021,13,Pocono,31.0,36.0,10.0,Jennifer Jo Cobb,Fastener Supply Co. (Jennifer Jo Cobb),Ford,58.0,running,0.0,6.0,0.0
2021,13,Pocono,32.0,37.0,6.0,Norm Benning,MDS A Sign Co (Norm Benning),Chevrolet,58.0,running,0.0,5.0,0.0
2021,13,Pocono,33.0,6.0,52.0,Stewart Friesen,Halmar International (Chris Larsen),Toyota,58.0,running,0.0,16.0,0.0
2021,13,Pocono,34.0,39.0,28.0,Bryan Dauzat,FDNY (Jim Rosenblum),Chevrolet,57.0,running,0.0,3.0,0.0
2021,13,Pocono,35.0,12.0,13.0,Johnny Sauter,Duke Thorson,Toyota,55.0,running,0.0,2.0,0.0
2021,13,Pocono,36.0,31.0,9.0,Grant Enfinger,Grant County Mulch (Codie Rohrbaugh),Chevrolet,52.0,engine,0.0,3.0,0.0
2021,13,Pocono,37.0,27.0,45.0,Bayley Currey,Circle B Diecast (Al Niece),Chevrolet,38.0,engine,0.0,1.0,0.0
2021,13,Pocono,38.0,28.0,30.0,Danny Bohn,North American Motor Car (Steven Lane),Toyota,17.0,transmission,0.0,1.0,0.0
2021,13,Pocono,39.0,9.0,24.0,Jack Wood,Chevy Accessories (Maury Gallagher),Chevrolet,0.0,crash,0.0,1.0,0.0
2021,14,Knoxville,1.0,13.0,16.0,Austin Hill,Toyota Mobility Parts / Tochigi / Fukishima (Shigeaki Hattori),Toyota,179.0,running,11.0,41.0,5.0
2021,14,Knoxville,2.0,10.0,18.0,Chandler Smith,JBL (Kyle Busch),Toyota,179.0,running,71.0,37.0,0.0
2021,14,Knoxville,3.0,26.0,98.0,Grant Enfinger,Champion / Curb Records (Mike Curb),Toyota,179.0,running,0.0,40.0,0.0
2021,14,Knoxville,4.0,3.0,38.0,Todd Gilliland,Frontline Enterprises (Bob Jenkins),Ford,179.0,running,61.0,50.0,0.0
2021,14,Knoxville,5.0,1.0,19.0,Derek Kraus,NAPA Power Premium Plus (Bill McAnally),Toyota,179.0,running,10.0,52.0,2.0
2021,14,Knoxville,6.0,9.0,88.0,Matt Crafton,Ideal Door / Menards (Duke Thorson),Toyota,179.0,running,1.0,38.0,0.0
2021,14,Knoxville,7.0,18.0,99.0,Ben Rhodes,Bombardier LearJet 75 (Duke Thorson),Toyota,179.0,running,0.0,31.0,0.0
2021,14,Knoxville,8.0,15.0,51.0,Brian Brown,Casey's / Rowdy Energy (Kyle Busch),Toyota,179.0,running,0.0,0.0,0.0
2021,14,Knoxville,9.0,28.0,12.0,Tate Fogleman,Basin Pump Down Services (Randy Young),Chevrolet,179.0,running,0.0,28.0,0.0
2021,14,Knoxville,10.0,23.0,30.0,Danny Bohn,North American Motor Car (Steven Lane),Toyota,179.0,running,0.0,27.0,0.0
2021,14,Knoxville,11.0,37.0,4.0,John H. Nemechek,Mobil 1 (Kyle Busch),Toyota,179.0,running,0.0,30.0,0.0
2021,14,Knoxville,12.0,34.0,34.0,Jake Griffin,Great Escapes RV Center (Josh Reaume),Chevrolet,179.0,running,0.0,25.0,0.0
2021,14,Knoxville,13.0,31.0,40.0,Ryan Truex,Marquis (Al Niece),Chevrolet,179.0,running,0.0,24.0,0.0
2021,14,Knoxville,14.0,14.0,21.0,Zane Smith,Tender Bison (Maury Gallagher),Chevrolet,179.0,running,0.0,23.0,0.0
2021,14,Knoxville,15.0,32.0,2.0,Chris Windom,TMC (Randy Young),Chevrolet,179.0,running,0.0,0.0,0.0
2021,14,Knoxville,16.0,5.0,42.0,Carson Hocevar,Premier Security (Al Niece),Chevrolet,179.0,running,17.0,37.0,0.0
2021,14,Knoxville,17.0,2.0,26.0,Tyler Ankrum,Liuna (Maury Gallagher),Chevrolet,179.0,running,0.0,26.0,0.0
2021,14,Knoxville,18.0,39.0,33.0,Devon Rouse,Camping World (Josh Reaume),Chevrolet,179.0,running,0.0,0.0,0.0
2021,14,Knoxville,19.0,36.0,6.0,Norm Benning,MDS A Sign Co. (Norm Benning),Chevrolet,179.0,running,0.0,18.0,0.0
2021,14,Knoxville,20.0,6.0,13.0,Johnny Sauter,FarmPaint.com (Duke Thorson),Toyota,179.0,running,8.0,17.0,0.0
2021,14,Knoxville,21.0,4.0,1.0,Hailie Deegan,Toter / Engine Ice (David Gilliland),Ford,179.0,running,0.0,16.0,0.0
2021,14,Knoxville,22.0,24.0,41.0,Cody Erickson,Magnum Contracting (Mark Cram),Chevrolet,177.0,running,0.0,15.0,0.0
2021,14,Knoxville,23.0,8.0,20.0,Kyle Strickler,Crowe Equipment (Randy Young),Chevrolet,177.0,running,0.0,0.0,0.0
2021,14,Knoxville,24.0,29.0,49.0,Andrew Gordon,Staar Trucking (Ray Ciccarelli),Ford,177.0,running,0.0,13.0,0.0
2021,14,Knoxville,25.0,40.0,10.0,Jennifer Jo Cobb,Fastener Supply Co. (Jennifer Jo Cobb),Chevrolet,176.0,running,0.0,12.0,0.0
2021,14,Knoxville,26.0,25.0,62.0,Jessica Friesen,Halmar International (Chris Larsen),Toyota,175.0,running,0.0,0.0,0.0
2021,14,Knoxville,27.0,19.0,52.0,Stewart Friesen,Halmar International (Chris Larsen),Toyota,170.0,running,0.0,14.0,0.0
2021,14,Knoxville,28.0,11.0,25.0,Josh Berry,Rackley Roofing (Rackley W.A.R.),Chevrolet,163.0,crash,0.0,0.0,0.0
2021,14,Knoxville,29.0,7.0,3.0,Parker Price-Miller,Townline Variety (Jordan Anderson),Chevrolet,160.0,running,0.0,0.0,0.0
2021,14,Knoxville,30.0,21.0,22.0,Austin Wayne Self,AM Technical Solutions / Go Texan (Tim Self),Chevrolet,159.0,crash,0.0,7.0,0.0
2021,14,Knoxville,31.0,27.0,15.0,Tanner Gray,Ford Performance (David Gilliland),Ford,153.0,crash,0.0,6.0,0.0
2021,14,Knoxville,32.0,22.0,17.0,Donny Schatz,Little Giant Ford (David Gilliland),Ford,153.0,crash,0.0,0.0,0.0
2021,14,Knoxville,33.0,30.0,23.0,Chase Purdy,BamaBuggies.com (Maury Gallagher),Chevrolet,153.0,crash,0.0,4.0,0.0
2021,14,Knoxville,34.0,38.0,9.0,Codie Rohrbaugh,Grant County Mulch (Codie Rohrbaugh),Chevrolet,153.0,crash,0.0,3.0,0.0
2021,14,Knoxville,35.0,16.0,2.0,Sheldon Creed,LiftKits4Less.com (Maury Gallagher),Chevrolet,153.0,crash,0.0,7.0,0.0
2021,14,Knoxville,36.0,12.0,4.0,Chase Briscoe,CircleBDiecast.com (Roper Racing),Ford,153.0,crash,0.0,0.0,0.0
2021,14,Knoxville,37.0,33.0,45.0,Jett Noland,Hype Motorsports (Al Niece),Chevrolet,151.0,crash,0.0,1.0,0.0
2021,14,Knoxville,38.0,17.0,37.0,Brett Moffitt,Concrete Supply / Destiny Homes (Tim Self),Chevrolet,139.0,crash,0.0,0.0,0.0
2021,14,Knoxville,39.0,20.0,24.0,Jack Wood,Chevy Accessories (Maury Gallagher),Chevrolet,91.0,crash,0.0,1.0,0.0
2021,14,Knoxville,40.0,35.0,44.0,Morgan Alexander,Geneva Farms (Al Niece),Chevrolet,63.0,crash,0.0,1.0,0.0
2021,15,Watkins Glen,1.0,1.0,16.0,Austin Hill,United Rentals (Shigeaki Hattori),Toyota,61.0,running,35.0,50.0,6.0
2021,15,Watkins Glen,2.0,6.0,4.0,John H. Nemechek,Mobil 1 (Kyle Busch),Toyota,61.0,running,2.0,44.0,0.0
2021,15,Watkins Glen,3.0,19.0,2.0,Sheldon Creed,LiftKits4Less.com (Maury Gallagher),Chevrolet,61.0,running,0.0,49.0,0.0
2021,15,Watkins Glen,4.0,2.0,38.0,Todd Gilliland,Crosley Brands (Bob Jenkins),Ford,61.0,running,18.0,46.0,1.0
2021,15,Watkins Glen,5.0,38.0,75.0,Parker Kligerman,Fast.co (Charlie Henderson),Chevrolet,61.0,running,0.0,32.0,0.0
2021,15,Watkins Glen,6.0,8.0,21.0,Zane Smith,Bay Mountain Air (Maury Gallagher),Chevrolet,61.0,running,4.0,38.0,0.0
2021,15,Watkins Glen,7.0,10.0,26.0,Tyler Ankrum,Liuna (Maury Gallagher),Chevrolet,61.0,running,0.0,35.0,0.0
2021,15,Watkins Glen,8.0,39.0,66.0,Paul Menard,Sun Tree Snack Foods (Duke Thorson),Toyota,61.0,running,0.0,33.0,0.0
2021,15,Watkins Glen,9.0,40.0,32.0,Sam Mayer,Camping World (Stacy Holmes),Chevrolet,61.0,running,0.0,0.0,0.0
2021,15,Watkins Glen,10.0,9.0,42.0,Carson Hocevar,Premier Security (Al Niece),Chevrolet,61.0,running,1.0,31.0,0.0
2021,15,Watkins Glen,11.0,21.0,25.0,Josh Berry,Rackley Roofing (Rackley W.A.R.),Chevrolet,61.0,running,0.0,0.0,0.0
2021,15,Watkins Glen,12.0,23.0,2.0,Kaz Grala,Randco / Sim Seats (Randy Young),Chevrolet,61.0,running,0.0,25.0,0.0
2021,15,Watkins Glen,13.0,15.0,98.0,Christian Eckes,T Sport / Curb Records (Mike Curb),Toyota,61.0,running,0.0,24.0,0.0
2021,15,Watkins Glen,14.0,22.0,15.0,Tanner Gray,Ford Performance (David Gilliland),Ford,61.0,running,0.0,23.0,0.0
2021,15,Watkins Glen,15.0,5.0,99.0,Ben Rhodes,Bombardier LearJet 75 (Duke Thorson),Toyota,61.0,running,0.0,26.0,0.0
2021,15,Watkins Glen,16.0,20.0,22.0,Austin Wayne Self,Airbox / The Safe Air Zone (Tim Self),Chevrolet,61.0,running,0.0,27.0,0.0
2021,15,Watkins Glen,17.0,12.0,40.0,Ryan Truex,Marquis (Al Niece),Chevrolet,61.0,running,0.0,21.0,0.0
2021,15,Watkins Glen,18.0,16.0,51.0,Corey Heim,JBL (Kyle Busch),Toyota,61.0,running,0.0,19.0,0.0
2021,15,Watkins Glen,19.0,18.0,1.0,Hailie Deegan,Toter (David Gilliland),Ford,61.0,running,0.0,18.0,0.0
2021,15,Watkins Glen,20.0,17.0,52.0,Stewart Friesen,Halmar International (Chris Larsen),Toyota,61.0,running,0.0,20.0,0.0
2021,15,Watkins Glen,21.0,7.0,19.0,Derek Kraus,Hunter Nation (Bill McAnally),Toyota,61.0,running,0.0,24.0,0.0
2021,15,Watkins Glen,22.0,4.0,88.0,Matt Crafton,Ideal Door / Menards (Duke Thorson),Toyota,61.0,running,0.0,15.0,0.0
2021,15,Watkins Glen,23.0,14.0,13.0,Johnny Sauter,FarmPaint.com (Duke Thorson),Toyota,61.0,running,0.0,14.0,0.0
2021,15,Watkins Glen,24.0,36.0,56.0,Timmy Hill,Hill Motorsports (Timmy Hill),Chevrolet,61.0,running,0.0,13.0,0.0
2021,15,Watkins Glen,25.0,27.0,24.0,Jack Wood,Chevy Accessories (Maury Gallagher),Chevrolet,61.0,running,1.0,12.0,0.0
2021,15,Watkins Glen,26.0,13.0,12.0,Tate Fogleman,Banana Pepper Sauce (Randy Young),Chevrolet,61.0,running,0.0,11.0,0.0
2021,15,Watkins Glen,27.0,25.0,23.0,A.J. Allmendinger,BamaBuggies.com (Maury Gallagher),Chevrolet,61.0,running,0.0,0.0,0.0
2021,15,Watkins Glen,28.0,11.0,30.0,Danny Bohn,North American Motor Car (Steven Lane),Toyota,61.0,running,0.0,9.0,0.0
2021,15,Watkins Glen,29.0,35.0,3.0,Bobby Reuse,I Heart Mac & Cheese (Jordan Anderson),Chevrolet,61.0,running,0.0,8.0,0.0
2021,15,Watkins Glen,30.0,37.0,49.0,Roger Reuse,WCIParts.com (Ray Ciccarelli),Ford,60.0,running,0.0,7.0,0.0
2021,15,Watkins Glen,31.0,33.0,33.0,Josh Reaume,Levrack (Josh Reaume),Toyota,60.0,running,0.0,6.0,0.0
2021,15,Watkins Glen,32.0,24.0,34.0,Lawless Alan,AutoParkIt.com (Josh Reaume),Toyota,60.0,running,0.0,5.0,0.0
2021,15,Watkins Glen,33.0,34.0,20.0,Spencer Boyd,E1 Motorsports (Randy Young),Chevrolet,59.0,running,0.0,4.0,0.0
2021,15,Watkins Glen,34.0,31.0,45.0,Chad Chastain,Protect Your Melon / Buckle Up (Al Niece),Chevrolet,58.0,running,0.0,3.0,0.0
2021,15,Watkins Glen,35.0,32.0,17.0,Taylor Gray,Ford (David Gilliland),Ford,53.0,running,0.0,2.0,0.0
2021,15,Watkins Glen,36.0,28.0,10.0,Jennifer Jo Cobb,Fastener Supply Co. (Jennifer Jo Cobb),Ford,45.0,running,0.0,1.0,0.0
2021,15,Watkins Glen,37.0,26.0,6.0,Norm Benning,MDS A Sign Co. (Norm Benning),Chevrolet,40.0,too slow,0.0,1.0,0.0
2021,15,Watkins Glen,38.0,30.0,9.0,Grant Enfinger,Champion Power Equipment (Codie Rohrbaugh),Chevrolet,8.0,transmission,0.0,1.0,0.0
2021,15,Watkins Glen,39.0,29.0,41.0,Will Rodgers,Elevated Performance (Mark Cram),Chevrolet,6.0,transmission,0.0,0.0,0.0
2021,15,Watkins Glen,40.0,3.0,18.0,Chandler Smith,Safelite Auto Glass (Kyle Busch),Toyota,61.0,disqualified,0.0,1.0,0.0
2021,16,Gateway,1.0,4.0,2.0,Sheldon Creed,LiftKits4Less.com (Maury Gallagher),Chevrolet,163.0,running,142.0,60.0,7.0
2021,16,Gateway,2.0,10.0,88.0,Matt Crafton,Ideal Door / Menards (Duke Thorson),Toyota,163.0,running,0.0,47.0,0.0
2021,16,Gateway,3.0,7.0,99.0,Ben Rhodes,Bombardier LearJet 75 (Duke Thorson),Toyota,163.0,running,0.0,51.0,0.0
2021,16,Gateway,4.0,9.0,52.0,Stewart Friesen,Halmar International (Chris Larsen),Toyota,163.0,running,0.0,48.0,0.0
2021,16,Gateway,5.0,20.0,13.0,Johnny Sauter,FarmPaint.com (Duke Thorson),Toyota,163.0,running,0.0,32.0,0.0
2021,16,Gateway,6.0,28.0,23.0,Chase Purdy,BamaBuggies.com (Maury Gallagher),Chevrolet,163.0,running,0.0,31.0,0.0
2021,16,Gateway,7.0,19.0,1.0,Hailie Deegan,Monster (David Gilliland),Ford,163.0,running,0.0,30.0,0.0
2021,16,Gateway,8.0,6.0,42.0,Carson Hocevar,Premier Security (Al Niece),Chevrolet,163.0,running,0.0,29.0,0.0
2021,16,Gateway,9.0,15.0,22.0,Austin Wayne Self,AM Technical Solutions / Go Texan (Tim Self),Chevrolet,163.0,running,0.0,28.0,0.0
2021,16,Gateway,10.0,21.0,24.0,Jack Wood,Chevy Accessories (Maury Gallagher),Chevrolet,163.0,running,0.0,27.0,0.0
2021,16,Gateway,11.0,27.0,56.0,Tyler Hill,Hair Club (Timmy Hill),Chevrolet,163.0,running,0.0,26.0,0.0
2021,16,Gateway,12.0,26.0,17.0,Taylor Gray,Ford (David Gilliland),Ford,163.0,running,0.0,25.0,0.0
2021,16,Gateway,13.0,18.0,40.0,Ryan Truex,Marquis Spas (Al Niece),Chevrolet,162.0,running,0.0,24.0,0.0
2021,16,Gateway,14.0,24.0,12.0,Tate Fogleman,Solid Rock Carriers (Randy Young),Chevrolet,162.0,running,0.0,23.0,0.0
2021,16,Gateway,15.0,14.0,25.0,Josh Berry,Rackley Roofing (Rackley W.A.R.),Chevrolet,162.0,running,0.0,0.0,0.0
2021,16,Gateway,16.0,32.0,20.0,Spencer Boyd,Hans Wiemann (Randy Young),Chevrolet,161.0,running,0.0,21.0,0.0
2021,16,Gateway,17.0,37.0,4.0,Cory Roper,Roper Racing,Ford,161.0,running,0.0,20.0,0.0
2021,16,Gateway,18.0,22.0,2.0,Kris Wright,Wright Chevy (Randy Young),Chevrolet,161.0,running,0.0,19.0,0.0
2021,16,Gateway,19.0,16.0,15.0,Tanner Gray,Ford Performance (David Gilliland),Ford,161.0,running,0.0,18.0,0.0
2021,16,Gateway,20.0,17.0,19.0,Derek Kraus,NAPA Belts & Hoses / Gates Hydraulics (Bill McAnally),Toyota,160.0,running,0.0,22.0,0.0
2021,16,Gateway,21.0,36.0,33.0,Armani Williams,Best Buddies (Josh Reaume),Toyota,159.0,running,0.0,16.0,0.0
2021,16,Gateway,22.0,2.0,4.0,John H. Nemechek,Mobil 1 (Kyle Busch),Toyota,158.0,running,0.0,24.0,0.0
2021,16,Gateway,23.0,1.0,16.0,Austin Hill,Aisin (Shigeaki Hattori),Toyota,157.0,running,2.0,18.0,0.0
2021,16,Gateway,24.0,34.0,49.0,Roger Reuse,WCIParts.com (Ray Ciccarelli),Ford,157.0,running,0.0,13.0,0.0
2021,16,Gateway,25.0,30.0,9.0,Grant Enfinger,Champion Power Equipment (Codie Rohrbaugh),Chevrolet,154.0,running,0.0,12.0,0.0
2021,16,Gateway,26.0,11.0,51.0,Derek Griffith,JBL / Hudson Speedway (Kyle Busch),Toyota,150.0,running,0.0,11.0,0.0
2021,16,Gateway,27.0,31.0,34.0,Chris Hacker,ARS Construction (Josh Reaume),Toyota,140.0,running,0.0,10.0,0.0
2021,16,Gateway,28.0,12.0,18.0,Chandler Smith,Safelite AutoGlass (Kyle Busch),Toyota,123.0,running,0.0,9.0,0.0
2021,16,Gateway,29.0,3.0,38.0,Todd Gilliland,Crosley Brands (Bob Jenkins),Ford,120.0,dvp,0.0,13.0,0.0
2021,16,Gateway,30.0,38.0,41.0,Dawson Cram,Mark Cram,Chevrolet,117.0,crash,0.0,7.0,0.0
2021,16,Gateway,31.0,8.0,98.0,Christian Eckes,TSPORT / Curb Records (Mike Curb),Toyota,113.0,crash,0.0,8.0,0.0
2021,16,Gateway,32.0,13.0,26.0,Tyler Ankrum,Liuna (Maury Gallagher),Chevrolet,112.0,crash,0.0,8.0,0.0
2021,16,Gateway,33.0,25.0,66.0,Ty Majeski,iRacing / ThorSport (Duke Thorson),Toyota,112.0,crash,0.0,15.0,0.0
2021,16,Gateway,34.0,29.0,45.0,Jake Griffin,Great Escapes RV Center (Al Niece),Chevrolet,112.0,crash,0.0,3.0,0.0
2021,16,Gateway,35.0,5.0,21.0,Zane Smith,Chevy Accessories (Maury Gallagher),Chevrolet,99.0,rear gear,19.0,9.0,0.0
2021,16,Gateway,36.0,23.0,30.0,Danny Bohn,North American Motor Car (Steven Lane),Toyota,94.0,engine,0.0,1.0,0.0
2021,16,Gateway,37.0,33.0,3.0,Jordan Anderson,Bommarito Automotive Group (Jordan Anderson),Chevrolet,68.0,engine,0.0,1.0,0.0
2021,16,Gateway,38.0,35.0,10.0,Jennifer Jo Cobb,Fastener Supply Co. (Jennifer Jo Cobb),Ford,28.0,engine,0.0,1.0,0.0
2021,17,Darlington,1.0,1.0,2.0,Sheldon Creed,LiftKits4Less.com (Maury Gallagher),Chevrolet,147.0,running,104.0,57.0,6.0
2021,17,Darlington,2.0,6.0,4.0,John H. Nemechek,Mobil 1 (Kyle Busch),Toyota,147.0,running,39.0,53.0,1.0
2021,17,Darlington,3.0,4.0,52.0,Stewart Friesen,Halmar International (Chris Larsen),Toyota,147.0,running,0.0,43.0,0.0
2021,17,Darlington,4.0,8.0,38.0,Todd Gilliland,Frontline Enterprises (Bob Jenkins),Ford,147.0,running,0.0,42.0,0.0
2021,17,Darlington,5.0,34.0,75.0,Parker Kligerman,Food Country USA (Charlie Henderson),Chevrolet,147.0,running,0.0,36.0,0.0
2021,17,Darlington,6.0,12.0,98.0,Grant Enfinger,Champion / Curb Records (Mike Curb),Toyota,147.0,running,0.0,31.0,0.0
2021,17,Darlington,7.0,9.0,18.0,Chandler Smith,JBL (Kyle Busch),Toyota,147.0,running,4.0,42.0,0.0
2021,17,Darlington,8.0,13.0,13.0,Johnny Sauter,Tenda Equine & Pet Care Products (Duke Thorson),Toyota,147.0,running,0.0,29.0,0.0
2021,17,Darlington,9.0,10.0,21.0,Zane Smith,Chevy Accessories (Maury Gallagher),Chevrolet,147.0,running,0.0,41.0,0.0
2021,17,Darlington,10.0,2.0,88.0,Matt Crafton,Ideal Door / Menards (Duke Thorson),Toyota,147.0,running,0.0,43.0,0.0
2021,17,Darlington,11.0,5.0,42.0,Carson Hocevar,Good Sam (Al Niece),Chevrolet,147.0,running,0.0,36.0,0.0
2021,17,Darlington,12.0,7.0,16.0,Austin Hill,Ibaraki Toyopet (Shigeaki Hattori),Toyota,147.0,running,0.0,25.0,0.0
2021,17,Darlington,13.0,29.0,9.0,Colby Howard,GCM / Highland Construction (Codie Rohrbaugh),Chevrolet,147.0,running,0.0,0.0,0.0
2021,17,Darlington,14.0,16.0,22.0,Austin Wayne Self,AM Technical Solutions / Go Texan (Tim Self),Chevrolet,147.0,running,0.0,23.0,0.0
2021,17,Darlington,15.0,17.0,23.0,Chase Purdy,BamaBuggies.com (Maury Gallagher),Chevrolet,147.0,running,0.0,22.0,0.0
2021,17,Darlington,16.0,18.0,19.0,Derek Kraus,NAPA Auto Care (Bill McAnally),Toyota,147.0,running,0.0,21.0,0.0
2021,17,Darlington,17.0,20.0,25.0,Josh Berry,Rackley Roofing (Rackley W.A.R.),Chevrolet,147.0,running,0.0,0.0,0.0
2021,17,Darlington,18.0,25.0,26.0,Tyler Ankrum,Liuna (Maury Gallagher),Chevrolet,147.0,running,0.0,19.0,0.0
2021,17,Darlington,19.0,38.0,68.0,Clay Greenfield,Rackley Roofing (Clay Greenfield),Toyota,146.0,running,0.0,18.0,0.0
2021,17,Darlington,20.0,27.0,30.0,Danny Bohn,North American Motor Car (Steven Lane),Toyota,146.0,running,0.0,17.0,0.0
2021,17,Darlington,21.0,26.0,20.0,Spencer Boyd,Dan-O's Seasoning (Randy Young),Chevrolet,146.0,running,0.0,16.0,0.0
2021,17,Darlington,22.0,36.0,11.0,Spencer Davis,Inox Supreme Lubricants (Spencer Davis),Toyota,146.0,running,0.0,15.0,0.0
2021,17,Darlington,23.0,28.0,41.0,Dawson Cram,Be Water (Mark Cram),Chevrolet,146.0,running,0.0,14.0,0.0
2021,17,Darlington,24.0,22.0,15.0,Tanner Gray,Ford Performance (David Gilliland),Ford,146.0,running,0.0,14.0,0.0
2021,17,Darlington,25.0,30.0,34.0,Josh Reaume,Colonial Countertops (Josh Reaume),Toyota,146.0,running,0.0,12.0,0.0
2021,17,Darlington,26.0,33.0,3.0,Jordan Anderson,Bommarito Automotive Group (Jordan Anderson),Chevrolet,145.0,running,0.0,11.0,0.0
2021,17,Darlington,27.0,31.0,45.0,Lawless Alan,AutoParkIt.com (Al Niece),Chevrolet,145.0,running,0.0,10.0,0.0
2021,17,Darlington,28.0,23.0,2.0,Kris Wright,Sim Seats (Randy Young),Chevrolet,144.0,running,0.0,9.0,0.0
2021,17,Darlington,29.0,14.0,1.0,Hailie Deegan,Built Ford Tough (David Gilliland),Ford,144.0,running,0.0,8.0,0.0
2021,17,Darlington,30.0,15.0,24.0,Jack Wood,Chevy Accessories (Maury Gallagher),Chevrolet,143.0,running,0.0,7.0,0.0
2021,17,Darlington,31.0,11.0,51.0,Dylan Lupton,Safelite Auto Glass (Kyle Busch),Toyota,143.0,running,0.0,0.0,0.0
2021,17,Darlington,32.0,21.0,56.0,Tyler Hill,Hill Motorsports (Timmy Hill),Chevrolet,141.0,crash,0.0,5.0,0.0
2021,17,Darlington,33.0,19.0,40.0,Ryan Truex,Marquis (Al Niece),Chevrolet,141.0,running,0.0,4.0,0.0
2021,17,Darlington,34.0,3.0,99.0,Ben Rhodes,Bombardier LearJet 75 (Duke Thorson),Toyota,140.0,running,0.0,4.0,0.0
2021,17,Darlington,35.0,37.0,6.0,Norm Benning,MDS A Sign Co. (Norm Benning),Chevrolet,86.0,too slow,0.0,2.0,0.0
2021,17,Darlington,36.0,35.0,10.0,Jennifer Jo Cobb,Fastener Supply Co. (Jennifer Jo Cobb),Ford,75.0,too slow,0.0,1.0,0.0
2021,17,Darlington,37.0,32.0,33.0,Ryan Ellis,Levrack (Josh Reaume),Toyota,28.0,transmission,0.0,0.0,0.0
2021,17,Darlington,38.0,24.0,12.0,Tate Fogleman,Doge Cola (Randy Young),Chevrolet,22.0,rear gear,0.0,1.0,0.0
2021,18,Bristol,1.0,7.0,18.0,Chandler Smith,Safelite Auto Glass (Kyle Busch),Toyota,200.0,running,5.0,46.0,5.0
2021,18,Bristol,2.0,6.0,98.0,Grant Enfinger,Champion / Curb Records (Mike Curb),Toyota,200.0,running,0.0,44.0,0.0
2021,18,Bristol,3.0,2.0,4.0,John H. Nemechek,Mobil 1 (Kyle Busch),Toyota,200.0,running,0.0,39.0,0.0
2021,18,Bristol,4.0,5.0,52.0,Stewart Friesen,Halmar International (Chris Larsen),Toyota,200.0,running,0.0,41.0,0.0
2021,18,Bristol,5.0,13.0,13.0,Johnny Sauter,FarmPaint.com (Duke Thorson),Toyota,200.0,running,0.0,33.0,0.0
2021,18,Bristol,6.0,8.0,42.0,Carson Hocevar,CircleBDiecast.com (Al Niece),Chevrolet,200.0,running,6.0,36.0,0.0
2021,18,Bristol,7.0,4.0,88.0,Matt Crafton,Great Lakes / Menards (Duke Thorson),Toyota,200.0,running,0.0,39.0,0.0
2021,18,Bristol,8.0,9.0,21.0,Zane Smith,Karl Chevrolet (Maury Gallagher),Chevrolet,200.0,running,0.0,43.0,0.0
2021,18,Bristol,9.0,11.0,99.0,Ben Rhodes,Bombardier LearJet 75 (Duke Thorson),Toyota,200.0,running,0.0,28.0,0.0
2021,18,Bristol,10.0,3.0,38.0,Todd Gilliland,Speedco (Bob Jenkins),Ford,200.0,running,0.0,30.0,0.0
2021,18,Bristol,11.0,17.0,25.0,Josh Berry,Rackley Roofing (Rackley W.A.R.),Chevrolet,200.0,running,0.0,0.0,0.0
2021,18,Bristol,12.0,30.0,24.0,Doug Coby,Mayhew Tools (Maury Gallagher),Chevrolet,200.0,running,0.0,25.0,0.0
2021,18,Bristol,13.0,15.0,19.0,Derek Kraus,Incredible Bank (Bill McAnally),Toyota,200.0,running,0.0,24.0,0.0
2021,18,Bristol,14.0,16.0,22.0,Austin Wayne Self,Go Texan / AM Technical Solutions (Tim Self),Chevrolet,200.0,running,0.0,23.0,0.0
2021,18,Bristol,15.0,20.0,9.0,Colby Howard,Grant County Mulch (Codie Rohrbaugh),Chevrolet,200.0,running,0.0,0.0,0.0
2021,18,Bristol,16.0,26.0,40.0,Ryan Truex,Marquis Spas (Al Niece),Chevrolet,200.0,running,0.0,21.0,0.0
2021,18,Bristol,17.0,32.0,56.0,Timmy Hill,Hill Motorsports (Timmy Hill),Chevrolet,200.0,running,0.0,20.0,0.0
2021,18,Bristol,18.0,25.0,45.0,Lawless Alan,AutoParkIt.com (Al Niece),Chevrolet,200.0,running,0.0,19.0,0.0
2021,18,Bristol,19.0,1.0,2.0,Sheldon Creed,LiftKits4Less.com (Maury Gallagher),Chevrolet,198.0,running,189.0,38.0,2.0
2021,18,Bristol,20.0,37.0,4.0,Cory Roper,Carquest Auto Parts (Roper Racing),Ford,198.0,running,0.0,17.0,0.0
2021,18,Bristol,21.0,14.0,75.0,Parker Kligerman,Luck's Beans / Food Country USA (Charlie Henderson),Toyota,197.0,running,0.0,18.0,0.0
2021,18,Bristol,22.0,39.0,32.0,Sam Mayer,Camping World (Stacy Holmes),Chevrolet,193.0,running,0.0,0.0,0.0
2021,18,Bristol,23.0,34.0,11.0,Clay Greenfield,Rackley Roofing / Greenfield Pvmnt. Coatings (Spencer Davis),Toyota,193.0,running,0.0,14.0,0.0
2021,18,Bristol,24.0,10.0,16.0,Austin Hill,AISIN (Shigeaki Hattori),Toyota,188.0,crash,0.0,30.0,0.0
2021,18,Bristol,25.0,23.0,1.0,Hailie Deegan,Toter / Engine Ice (David Gilliland),Ford,188.0,crash,0.0,12.0,0.0
2021,18,Bristol,26.0,38.0,33.0,C.J. McLaughlin,Sci Aps (Josh Reaume),Toyota,188.0,running,0.0,11.0,0.0
2021,18,Bristol,27.0,36.0,10.0,Jennifer Jo Cobb,Fastener Supply Co. (Jennifer Jo Cobb),Ford,188.0,running,0.0,10.0,0.0
2021,18,Bristol,28.0,33.0,3.0,Howie DiSavino III,Kees Vacations / Bud's (Jordan Anderson),Chevrolet,169.0,electrical,0.0,9.0,0.0
2021,18,Bristol,29.0,35.0,17.0,Taylor Gray,Ford (David Gilliland),Ford,156.0,crash,0.0,8.0,0.0
2021,18,Bristol,30.0,19.0,23.0,Chase Purdy,BamaBuggies.com (Maury Gallagher),Chevrolet,154.0,crash,0.0,7.0,0.0
2021,18,Bristol,31.0,27.0,20.0,Spencer Boyd,Ez Poles Flagpoles (Randy Young),Chevrolet,146.0,overheating,0.0,6.0,0.0
2021,18,Bristol,32.0,18.0,26.0,Tyler Ankrum,Liuna (Maury Gallagher),Chevrolet,123.0,crash,0.0,16.0,0.0
2021,18,Bristol,33.0,22.0,30.0,Danny Bohn,Rustoleum (Steven Lane),Toyota,70.0,crash,0.0,4.0,0.0
2021,18,Bristol,34.0,12.0,51.0,Drew Dollar,Sunbelt Rentals (Kyle Busch),Toyota,69.0,crash,0.0,3.0,0.0
2021,18,Bristol,35.0,29.0,41.0,Dawson Cram,Be Water (Mark Cram),Chevrolet,69.0,crash,0.0,2.0,0.0
2021,18,Bristol,36.0,24.0,2.0,Kris Wright,Wright Chevy (Randy Young),Chevrolet,69.0,engine,0.0,1.0,0.0
2021,18,Bristol,37.0,31.0,12.0,Tate Fogleman,Solid Rock Carriers (Randy Young),Chevrolet,30.0,crash,0.0,1.0,0.0
2021,18,Bristol,38.0,21.0,15.0,Tanner Gray,Ford Performance (David Gilliland),Ford,21.0,crash,0.0,1.0,0.0
2021,18,Bristol,39.0,40.0,49.0,Ray Ciccarelli,Belimo (Ray Ciccarelli),Ford,15.0,rear gear,0.0,1.0,0.0
2021,18,Bristol,40.0,28.0,34.0,Josh Reaume,DOF Simulator Motion Simulator (Josh Reaume),Toyota,3.0,crash,0.0,1.0,0.0
2021,19,Las Vegas,1.0,15.0,98.0,Christian Eckes,Curb Records (Mike Curb),Toyota,134.0,running,4.0,46.0,5.0
2021,19,Las Vegas,2.0,7.0,99.0,Ben Rhodes,Bombardier LearJet 75 (Duke Thorson),Toyota,134.0,running,5.0,51.0,0.0
2021,19,Las Vegas,3.0,6.0,88.0,Matt Crafton,Jack Links / Menards (Duke Thorson),Toyota,134.0,running,0.0,37.0,0.0
2021,19,Las Vegas,4.0,11.0,13.0,Johnny Sauter,American Quarter Horse Congress / Tenda (Duke Thorson),Toyota,134.0,running,2.0,33.0,0.0
2021,19,Las Vegas,5.0,8.0,38.0,Todd Gilliland,Speedco (Bob Jenkins),Ford,134.0,running,66.0,51.0,1.0
2021,19,Las Vegas,6.0,3.0,52.0,Stewart Friesen,Halmar International (Chris Larsen),Toyota,134.0,running,1.0,44.0,0.0
2021,19,Las Vegas,7.0,23.0,9.0,Grant Enfinger,Blaster (Codie Rohrbaugh),Chevrolet,134.0,running,0.0,30.0,0.0
2021,19,Las Vegas,8.0,13.0,22.0,Austin Wayne Self,Go Texan / AM Technical Solutions (Tim Self),Chevrolet,134.0,running,0.0,29.0,0.0
2021,19,Las Vegas,9.0,14.0,40.0,Ryan Truex,Marquis Spas (Al Niece),Chevrolet,134.0,running,0.0,28.0,0.0
2021,19,Las Vegas,10.0,10.0,16.0,Austin Hill,Weins Canada (Shigeaki Hattori),Toyota,134.0,running,12.0,33.0,0.0
2021,19,Las Vegas,11.0,35.0,32.0,Bret Holmes,Southern States Bank (Stacy Holmes),Chevrolet,134.0,running,1.0,26.0,0.0
2021,19,Las Vegas,12.0,12.0,19.0,Derek Kraus,NAPA Autocare (Bill McAnally),Toyota,134.0,running,0.0,25.0,0.0
2021,19,Las Vegas,13.0,19.0,23.0,Chase Purdy,BamaBuggies.com (Maury Gallagher),Chevrolet,134.0,running,0.0,24.0,0.0
2021,19,Las Vegas,14.0,33.0,12.0,Tate Fogleman,Solid Rock Carriers (Randy Young),Chevrolet,134.0,running,1.0,23.0,0.0
2021,19,Las Vegas,15.0,34.0,11.0,Spencer Davis,Inox Supreme Lubricants (Spencer Davis),Toyota,134.0,running,0.0,22.0,0.0
2021,19,Las Vegas,16.0,26.0,2.0,Kris Wright,Wright Chevy (Randy Young),Chevrolet,134.0,running,0.0,21.0,0.0
2021,19,Las Vegas,17.0,24.0,56.0,Tyler Hill,Hill Motorsports (Timmy Hill),Chevrolet,133.0,running,0.0,20.0,0.0
2021,19,Las Vegas,18.0,28.0,30.0,Danny Bohn,North American Motor Car (Steven Lane),Toyota,133.0,running,0.0,19.0,0.0
2021,19,Las Vegas,19.0,31.0,20.0,Spencer Boyd,Hair Club (Randy Young),Chevrolet,133.0,running,0.0,18.0,0.0
2021,19,Las Vegas,20.0,30.0,33.0,C.J. McLaughlin,Sci Aps (Josh Reaume),Toyota,133.0,running,0.0,17.0,0.0
2021,19,Las Vegas,21.0,36.0,34.0,Dylan Lupton,Marques General Engineering (Josh Reaume),Toyota,133.0,running,0.0,16.0,0.0
2021,19,Las Vegas,22.0,5.0,42.0,Carson Hocevar,CircleBDiecast.com (Al Niece),Chevrolet,132.0,running,8.0,23.0,0.0
2021,19,Las Vegas,23.0,29.0,15.0,Tanner Gray,Ford Performance (David Gilliland),Ford,132.0,running,0.0,19.0,0.0
2021,19,Las Vegas,24.0,18.0,51.0,Drew Dollar,Sunbelt Rentals (Kyle Busch),Toyota,132.0,running,0.0,13.0,0.0
2021,19,Las Vegas,25.0,22.0,25.0,Brett Moffitt,Rackley Roofing (Rackley W.A.R.),Chevrolet,131.0,running,1.0,0.0,0.0
2021,19,Las Vegas,26.0,25.0,3.0,Howie DiSavino III,Kees Vacations / Bud's (Jordan Anderson),Chevrolet,130.0,running,0.0,11.0,0.0
2021,19,Las Vegas,27.0,32.0,10.0,Jennifer Jo Cobb,Fastener Supply Co. (Jennifer Jo Cobb),Ford,129.0,running,0.0,10.0,0.0
2021,19,Las Vegas,28.0,21.0,4.0,Cory Roper,The Dean (Roper Racing),Ford,121.0,running,0.0,9.0,0.0
2021,19,Las Vegas,29.0,4.0,21.0,Zane Smith,Allegiant (Maury Gallagher),Chevrolet,115.0,running,0.0,13.0,0.0
2021,19,Las Vegas,30.0,20.0,24.0,Jack Wood,Martin Auto Color (Maury Gallagher),Chevrolet,114.0,crash,0.0,7.0,0.0
2021,19,Las Vegas,31.0,17.0,1.0,Hailie Deegan,Craftsman (David Gilliland),Ford,101.0,crash,0.0,6.0,0.0
2021,19,Las Vegas,32.0,37.0,49.0,Keith McGee,Dirty Goth Boi (Ray Ciccarelli),Toyota,91.0,too slow,0.0,5.0,0.0
2021,19,Las Vegas,33.0,1.0,4.0,John H. Nemechek,Berry's Manufacturing (Kyle Busch),Toyota,85.0,running,33.0,14.0,1.0
2021,19,Las Vegas,34.0,16.0,26.0,Tyler Ankrum,Liuna (Maury Gallagher),Chevrolet,70.0,crash,0.0,4.0,0.0
2021,19,Las Vegas,35.0,2.0,18.0,Chandler Smith,Safelite Auto Glass (Kyle Busch),Toyota,70.0,crash,0.0,11.0,0.0
2021,19,Las Vegas,36.0,9.0,2.0,Sheldon Creed,LiftKits4Less.com (Maury Gallagher),Chevrolet,70.0,crash,0.0,10.0,0.0
2021,19,Las Vegas,37.0,27.0,45.0,Chris Hacker,Charred Flags (Al Niece),Chevrolet,6.0,dvp,0.0,1.0,0.0
2021,20,Talladega,1.0,20.0,12.0,Tate Fogleman,Traeger Grills (Randy Young),Chevrolet,99.0,running,1.0,40.0,5.0
2021,20,Talladega,2.0,21.0,56.0,Tyler Hill,Hair Club (Timmy Hill),Toyota,99.0,running,0.0,35.0,0.0
2021,20,Talladega,3.0,2.0,38.0,Todd Gilliland,Speedco (Bob Jenkins),Ford,99.0,running,39.0,36.0,0.0
2021,20,Talladega,4.0,7.0,4.0,John H. Nemechek,Pye-Barker Fire & Safety (Kyle Busch),Toyota,99.0,running,11.0,41.0,0.0
2021,20,Talladega,5.0,14.0,40.0,Ryan Truex,CircleBDiecast.com (Al Niece),Chevrolet,99.0,running,0.0,32.0,0.0
2021,20,Talladega,6.0,31.0,4.0,Cory Roper,Alliance Aviation (Roper Racing),Ford,99.0,running,0.0,31.0,0.0
2021,20,Talladega,7.0,28.0,20.0,Spencer Boyd,Rounded Gear (Randy Young),Chevrolet,99.0,running,0.0,30.0,0.0
2021,20,Talladega,8.0,23.0,30.0,Danny Bohn,North American Motor Car (Steven Lane),Toyota,99.0,running,0.0,29.0,0.0
2021,20,Talladega,9.0,15.0,23.0,Chase Purdy,BamaBuggies.com (Maury Gallagher),Chevrolet,99.0,running,4.0,28.0,0.0
2021,20,Talladega,10.0,38.0,41.0,Keith McGee,Pac Bak (Mark Cram),Toyota,99.0,running,1.0,27.0,0.0
2021,20,Talladega,11.0,34.0,3.0,Jordan Anderson,U.S. Law Shield (Jordan Anderson),Chevrolet,99.0,running,0.0,26.0,0.0
2021,20,Talladega,12.0,9.0,2.0,Sheldon Creed,LiftKits4Less.com (Maury Gallagher),Chevrolet,99.0,running,6.0,38.0,1.0
2021,20,Talladega,13.0,1.0,99.0,Ben Rhodes,Bombardier LearJet 75 (Duke Thorson),Toyota,99.0,running,20.0,34.0,1.0
2021,20,Talladega,14.0,3.0,88.0,Matt Crafton,Zep / Menards (Duke Thorson),Toyota,99.0,running,3.0,38.0,0.0
2021,20,Talladega,15.0,19.0,32.0,Bret Holmes,Golden Eagle (Stacy Holmes),Chevrolet,99.0,running,11.0,23.0,0.0
2021,20,Talladega,16.0,29.0,9.0,Codie Rohrbaugh,Grant County Mulch (Codie Rohrbaugh),Chevrolet,98.0,crash,0.0,21.0,0.0
2021,20,Talladega,17.0,39.0,6.0,Norm Benning,XEO Cross-Eyed Owl (Norm Benning),Chevrolet,98.0,running,0.0,20.0,0.0
2021,20,Talladega,18.0,30.0,25.0,Willie Allen,Rackley Roofing (Rackley W.A.R.),Chevrolet,94.0,running,0.0,0.0,0.0
2021,20,Talladega,19.0,10.0,18.0,Chandler Smith,Safelite Auto Glass (Kyle Busch),Toyota,92.0,running,0.0,23.0,0.0
2021,20,Talladega,20.0,13.0,19.0,Derek Kraus,Shockwave (Bill McAnally),Toyota,90.0,running,0.0,17.0,0.0
2021,20,Talladega,21.0,17.0,98.0,Grant Enfinger,Champion / Curb Records (Mike Curb),Toyota,78.0,crash,0.0,16.0,0.0
2021,20,Talladega,22.0,4.0,52.0,Stewart Friesen,Halmar International (Chris Larsen),Toyota,76.0,dvp,0.0,24.0,0.0
2021,20,Talladega,23.0,32.0,11.0,Clay Greenfield,Rackley Roofing (Spencer Davis),Toyota,75.0,crash,0.0,14.0,0.0
2021,20,Talladega,24.0,26.0,1.0,Hailie Deegan,Monster (David Gilliland),Ford,75.0,crash,0.0,13.0,0.0
2021,20,Talladega,25.0,6.0,42.0,Carson Hocevar,Good Sam (Al Niece),Chevrolet,75.0,crash,0.0,12.0,0.0
2021,20,Talladega,26.0,25.0,34.0,Dylan Lupton,Toyota (Josh Reaume),Toyota,71.0,crash,0.0,11.0,0.0
2021,20,Talladega,27.0,35.0,33.0,Jason White,Powder Ventures Excavations (Josh Reaume),Chevrolet,66.0,dvp,0.0,10.0,0.0
2021,20,Talladega,28.0,27.0,26.0,Tyler Ankrum,Liuna (Maury Gallagher),Chevrolet,65.0,dvp,1.0,9.0,0.0
2021,20,Talladega,29.0,12.0,22.0,Austin Wayne Self,Airbox / AM Technical Solutions (Tim Self),Chevrolet,63.0,electrical,0.0,9.0,0.0
2021,20,Talladega,30.0,11.0,13.0,Johnny Sauter,American Quarter Horse Congress / Tenda (Duke Thorson),Toyota,61.0,crash,1.0,22.0,0.0
2021,20,Talladega,31.0,33.0,10.0,Jennifer Jo Cobb,Fastener Supply Co. (Jennifer Jo Cobb),Ford,58.0,crash,0.0,6.0,0.0
2021,20,Talladega,32.0,5.0,16.0,Austin Hill,United Rentals (Shigeaki Hattori),Toyota,57.0,crash,1.0,20.0,0.0
2021,20,Talladega,33.0,8.0,21.0,Zane Smith,Hamsters USA (Maury Gallagher),Chevrolet,57.0,crash,0.0,12.0,0.0
2021,20,Talladega,34.0,22.0,15.0,Tanner Gray,Ford Performance (David Gilliland),Ford,57.0,crash,0.0,7.0,0.0
2021,20,Talladega,35.0,18.0,51.0,Drew Dollar,Hyte (Kyle Busch),Toyota,57.0,crash,0.0,6.0,0.0
2021,20,Talladega,36.0,16.0,2.0,Kris Wright,First National Bank (Randy Young),Chevrolet,57.0,crash,0.0,1.0,0.0
2021,20,Talladega,37.0,37.0,75.0,Parker Kligerman,Food Country USA (Charlie Henderson),Chevrolet,57.0,crash,0.0,1.0,0.0
2021,20,Talladega,38.0,36.0,45.0,Lawless Alan,Auto Chargit (Al Niece),Chevrolet,57.0,crash,0.0,1.0,0.0
2021,20,Talladega,39.0,40.0,28.0,Bryan Dauzat,FDNY - Brent Cole (Jim Rosenblum),Chevrolet,27.0,crash,0.0,1.0,0.0
2021,20,Talladega,40.0,24.0,24.0,Jack Wood,Azalea Gynecology (Maury Gallagher),Chevrolet,23.0,engine,0.0,1.0,0.0
2021,21,Martinsville,1.0,9.0,21.0,Zane Smith,MRC Contruction (Maury Gallagher),Chevrolet,204.0,running,65.0,48.0,5.0
2021,21,Martinsville,2.0,10.0,16.0,Austin Hill,United Rentals (Shigeaki Hattori),Toyota,204.0,running,0.0,36.0,0.0
2021,21,Martinsville,3.0,27.0,15.0,Tanner Gray,Ford Performance (David Gilliland),Ford,204.0,running,0.0,34.0,0.0
2021,21,Martinsville,4.0,6.0,18.0,Chandler Smith,Safelite Auto Glass (Kyle Busch),Toyota,204.0,running,0.0,33.0,0.0
2021,21,Martinsville,5.0,5.0,88.0,Matt Crafton,Black Label Bacon / Menards (Duke Thorson),Toyota,204.0,running,0.0,44.0,0.0
2021,21,Martinsville,6.0,30.0,75.0,Parker Kligerman,Luck's Beans (Charlie Henderson),Toyota,204.0,running,0.0,31.0,0.0
2021,21,Martinsville,7.0,3.0,99.0,Ben Rhodes,Bombardier LearJet 75 (Duke Thorson),Toyota,204.0,running,0.0,42.0,0.0
2021,21,Martinsville,8.0,39.0,17.0,Taylor Gray,Ford (David Gilliland),Ford,204.0,running,0.0,33.0,0.0
2021,21,Martinsville,9.0,4.0,2.0,Sheldon Creed,LiftKits4Less.com (Maury Gallagher),Chevrolet,204.0,running,0.0,45.0,0.0
2021,21,Martinsville,10.0,24.0,56.0,Timmy Hill,Hill Motorsports (Timmy Hill),Chevrolet,204.0,running,0.0,27.0,0.0
2021,21,Martinsville,11.0,28.0,51.0,Corey Heim,Hyte (Kyle Busch),Toyota,204.0,running,0.0,26.0,0.0
2021,21,Martinsville,12.0,8.0,42.0,Carson Hocevar,Good Sam (Al Niece),Chevrolet,204.0,running,4.0,29.0,0.0
2021,21,Martinsville,13.0,26.0,2.0,Kris Wright,First National Bank (Randy Young),Chevrolet,204.0,running,0.0,24.0,0.0
2021,21,Martinsville,14.0,14.0,30.0,Danny Bohn,North American Motor Car (Steven Lane),Toyota,204.0,running,0.0,23.0,0.0
2021,21,Martinsville,15.0,18.0,20.0,Spencer Boyd,Credit MRI (Randy Young),Chevrolet,204.0,running,0.0,22.0,0.0
2021,21,Martinsville,16.0,37.0,45.0,Chris Hacker,Sherfick Companies (Al Niece),Chevrolet,204.0,running,0.0,21.0,0.0
2021,21,Martinsville,17.0,7.0,52.0,Stewart Friesen,Halmar International (Chris Larsen),Toyota,204.0,running,0.0,25.0,0.0
2021,21,Martinsville,18.0,12.0,12.0,Tate Fogleman,Randco Industries (Randy Young),Chevrolet,204.0,running,0.0,19.0,0.0
2021,21,Martinsville,19.0,23.0,1.0,Hailie Deegan,Monster (David Gilliland),Ford,204.0,running,0.0,18.0,0.0
2021,21,Martinsville,20.0,21.0,22.0,Austin Wayne Self,Go Texan / AM Technical Solutions (Tim Self),Chevrolet,204.0,running,0.0,17.0,0.0
2021,21,Martinsville,21.0,15.0,98.0,Grant Enfinger,Champion / Curb Records (Mike Curb),Toyota,204.0,running,0.0,16.0,0.0
2021,21,Martinsville,22.0,20.0,32.0,Bret Holmes,Southern States Bank (Stacy Holmes),Chevrolet,204.0,running,0.0,15.0,0.0
2021,21,Martinsville,23.0,33.0,41.0,Dawson Cram,Be Water (Mark Cram),Chevrolet,204.0,running,0.0,14.0,0.0
2021,21,Martinsville,24.0,17.0,19.0,Derek Kraus,Incredible Bank (Bill McAnally),Toyota,204.0,running,0.0,13.0,0.0
2021,21,Martinsville,25.0,2.0,38.0,Todd Gilliland,Speedco (Bob Jenkins),Ford,203.0,running,133.0,32.0,2.0
2021,21,Martinsville,26.0,19.0,26.0,Tyler Ankrum,Liuna (Maury Gallagher),Chevrolet,203.0,running,0.0,11.0,0.0
2021,21,Martinsville,27.0,34.0,24.0,Jack Wood,Chevy Cares (Maury Gallagher),Chevrolet,203.0,running,0.0,10.0,0.0
2021,21,Martinsville,28.0,25.0,25.0,Josh Berry,Rackley Roofing (Rackley W.A.R.),Chevrolet,203.0,running,0.0,0.0,0.0
2021,21,Martinsville,29.0,36.0,11.0,Spencer Davis,Inox Supreme Lubricants (Spencer Davis),Toyota,202.0,running,0.0,8.0,0.0
2021,21,Martinsville,30.0,38.0,33.0,Jesse Iwuji,eRacing Association (Josh Reaume),Toyota,202.0,running,0.0,7.0,0.0
2021,21,Martinsville,31.0,22.0,13.0,Johnny Sauter,Farm Paint (Duke Thorson),Toyota,201.0,running,0.0,16.0,0.0
2021,21,Martinsville,32.0,31.0,3.0,Sage Karam,Montage Mountain / Shelby Park (Jordan Anderson),Chevrolet,200.0,running,0.0,0.0,0.0
2021,21,Martinsville,33.0,11.0,40.0,Ryan Truex,Marquis Spas (Al Niece),Chevrolet,198.0,running,0.0,4.0,0.0
2021,21,Martinsville,34.0,35.0,34.0,Josh Reaume,Hardy Boy Consulting (Josh Reaume),Toyota,198.0,running,0.0,3.0,0.0
2021,21,Martinsville,35.0,40.0,49.0,Roger Reuse,WCIParts.com (Ray Ciccarelli),Ford,193.0,running,0.0,2.0,0.0
2021,21,Martinsville,36.0,32.0,10.0,Jennifer Jo Cobb,Fastener Supply Co. (Jennifer Jo Cobb),Ford,190.0,running,0.0,1.0,0.0
2021,21,Martinsville,37.0,16.0,4.0,Cory Roper,CarQuest Auto Parts (Roper Racing),Ford,188.0,running,0.0,1.0,0.0
2021,21,Martinsville,38.0,29.0,9.0,Colby Howard,Grant County Mulch (Codie Rohrbaugh),Chevrolet,174.0,running,0.0,0.0,0.0
2021,21,Martinsville,39.0,1.0,4.0,John H. Nemechek,Pye-Barker Fire & Safety (Kyle Busch),Toyota,129.0,crash,2.0,18.0,0.0
2021,21,Martinsville,40.0,13.0,23.0,Chase Purdy,BamaBuggies.com (Maury Gallagher),Chevrolet,33.0,rear gear,0.0,1.0,0.0
2021,22,Phoenix,1.0,1.0,18.0,Chandler Smith,Safelite Auto Glass (Kyle Busch),Toyota,150.0,running,39.0,60.0,7.0
2021,22,Phoenix,2.0,7.0,52.0,Stewart Friesen,Halmar International (Chris Larsen),Toyota,150.0,running,5.0,49.0,0.0
2021,22,Phoenix,3.0,4.0,99.0,Ben Rhodes,Bombardier LearJet 75 (Duke Thorson),Toyota,150.0,running,0.0,34.0,0.0
2021,22,Phoenix,4.0,2.0,2.0,Sheldon Creed,LiftKits4Less.com (Maury Gallagher),Chevrolet,150.0,running,106.0,51.0,0.0
2021,22,Phoenix,5.0,13.0,21.0,Zane Smith,MRC Construction (Maury Gallagher),Chevrolet,150.0,running,0.0,32.0,0.0
2021,22,Phoenix,6.0,9.0,98.0,Christian Eckes,Curb Records (Mike Curb),Toyota,150.0,running,0.0,35.0,0.0
2021,22,Phoenix,7.0,16.0,4.0,John H. Nemechek,Pye-Barker Fire & Safety (Kyle Busch),Toyota,150.0,running,0.0,30.0,0.0
2021,22,Phoenix,8.0,3.0,38.0,Todd Gilliland,Frontline Enterprises (Bob Jenkins),Ford,150.0,running,0.0,43.0,0.0
2021,22,Phoenix,9.0,6.0,42.0,Carson Hocevar,Premier Security / GM Parts Now (Al Niece),Chevrolet,150.0,running,0.0,37.0,0.0
2021,22,Phoenix,10.0,11.0,16.0,Austin Hill,United Rentals (Shigeaki Hattori),Toyota,150.0,running,0.0,27.0,0.0
2021,22,Phoenix,11.0,17.0,13.0,Johnny Sauter,Tenda (Duke Thorson),Toyota,150.0,running,0.0,26.0,0.0
2021,22,Phoenix,12.0,5.0,88.0,Matt Crafton,Ideal Door / Menards (Duke Thorson),Toyota,150.0,running,0.0,25.0,0.0
2021,22,Phoenix,13.0,27.0,9.0,Grant Enfinger,Grant County Mulch (Codie Rohrbaugh),Chevrolet,150.0,running,0.0,26.0,0.0
2021,22,Phoenix,14.0,14.0,26.0,Tyler Ankrum,Liuna (Maury Gallagher),Chevrolet,150.0,running,0.0,23.0,0.0
2021,22,Phoenix,15.0,8.0,19.0,Derek Kraus,NAPA Autocare (Bill McAnally),Toyota,150.0,running,0.0,23.0,0.0
2021,22,Phoenix,16.0,12.0,23.0,Chase Purdy,BamaBuggies.com (Maury Gallagher),Chevrolet,150.0,running,0.0,21.0,0.0
2021,22,Phoenix,17.0,10.0,1.0,Hailie Deegan,Toter (David Gilliland),Ford,150.0,running,0.0,20.0,0.0
2021,22,Phoenix,18.0,23.0,51.0,Drew Dollar,Sunbelt Rentals (Kyle Busch),Toyota,150.0,running,0.0,19.0,0.0
2021,22,Phoenix,19.0,18.0,40.0,Ryan Truex,Marquis Spas (Al Niece),Chevrolet,150.0,running,0.0,18.0,0.0
2021,22,Phoenix,20.0,15.0,24.0,Jack Wood,Quick Quack Car Wash (Maury Gallagher),Chevrolet,150.0,running,0.0,17.0,0.0
2021,22,Phoenix,21.0,25.0,44.0,Dean Thompson,Thompson Pipe Group (Al Niece),Chevrolet,149.0,running,0.0,16.0,0.0
2021,22,Phoenix,22.0,30.0,34.0,Will Rodgers,Race to End Hep C (Josh Reaume),Toyota,149.0,running,0.0,15.0,0.0
2021,22,Phoenix,23.0,29.0,3.0,Jordan Anderson,Lucas Oil / Bommarito.com (Jordan Anderson),Chevrolet,149.0,running,0.0,14.0,0.0
2021,22,Phoenix,24.0,32.0,25.0,Willie Allen,Rackley Roofing (Rackley W.A.R.),Chevrolet,149.0,running,0.0,13.0,0.0
2021,22,Phoenix,25.0,19.0,32.0,Ty Dillon,Southern States Bank (Stacy Holmes),Chevrolet,149.0,running,0.0,12.0,0.0
2021,22,Phoenix,26.0,24.0,22.0,Austin Wayne Self,Go Texan / AM Technical Solutions (Tim Self),Chevrolet,147.0,running,0.0,11.0,0.0
2021,22,Phoenix,27.0,31.0,33.0,Chris Hacker,Dropout Kings (Josh Reaume),Toyota,147.0,running,0.0,10.0,0.0
2021,22,Phoenix,28.0,28.0,30.0,Danny Bohn,North American Motor Car (Steven Lane),Toyota,147.0,running,0.0,9.0,0.0
2021,22,Phoenix,29.0,26.0,17.0,Taylor Gray,Ford (David Gilliland),Ford,146.0,running,0.0,8.0,0.0
2021,22,Phoenix,30.0,35.0,4.0,Cory Roper,Carquest Auto Parts (Roper Racing),Ford,146.0,running,0.0,7.0,0.0
2021,22,Phoenix,31.0,36.0,20.0,Spencer Boyd,Hair Club (Randy Young),Chevrolet,146.0,running,0.0,6.0,0.0
2021,22,Phoenix,32.0,20.0,2.0,Kris Wright,First National Bank (Randy Young),Chevrolet,143.0,running,0.0,5.0,0.0
2021,22,Phoenix,33.0,34.0,56.0,Tyler Hill,Hill Motorsports (Timmy Hill),Chevrolet,106.0,alternator,0.0,4.0,0.0
2021,22,Phoenix,34.0,21.0,12.0,Tate Fogleman,Randco Industries (Randy Young),Chevrolet,98.0,electrical,0.0,3.0,0.0
2021,22,Phoenix,35.0,22.0,15.0,Tanner Gray,Ford Performance (David Gilliland),Ford,80.0,rear gear,0.0,2.0,0.0
2021,22,Phoenix,36.0,33.0,45.0,Lawless Alan,AutoParkit.com (Al Niece),Chevrolet,11.0,crash,0.0,1.0,0.0
